Rank,Player,Signed Age,Yrs,Value,AAV,Sign Bonus
1,Stephen Curry  Point Guard | 2022-2025 (FA: 2026),33,4,"$215,353,664","$53,838,416",
2,Luka Doncic  Point Guard | 2022-2026 (FA: 2027),22,5,"$215,159,700","$43,031,940",
2,Trae Young  Point Guard | 2022-2026 (FA: 2027),22,5,"$215,159,700","$43,031,940",
4,Russell Westbrook  Point Guard | 2018-2022 (FA: 2023)  Originally signed w/ OKC,28,5,"$206,794,070","$41,358,814",
5,LaMelo Ball  Point Guard | 2024-2028 (FA: 2029),21,5,"$205,900,000","$41,180,000",
5,Tyrese Haliburton  Point Guard | 2024-2028 (FA: 2029),23,5,"$205,900,000","$41,180,000",
7,Stephen Curry  Point Guard | 2017-2021 (FA: 2022),29,5,"$201,158,790","$40,231,758",
8,Ja Morant  Point Guard | 2023-2027 (FA: 2028),22,5,"$197,230,450","$39,446,090",
8,Darius Garland  Point Guard | 2023-2027 (FA: 2028),22,5,"$197,230,450","$39,446,090",
10,Shai Gilgeous-Alexander  Point Guard | 2022-2026 (FA: 2027),23,5,"$179,299,750","$35,859,950",
11,Ben Simmons  Point Guard | 2020-2024 (FA: 2025)  Originally signed w/ PHI,22,5,"$177,243,360","$35,448,672",
12,Damian Lillard  Point Guard | 2021-2024 (FA: 2025),28,4,"$176,265,152","$44,066,288",
13,John Wall  Point Guard | 2019-2022 (FA: 2023)  Originally signed w/ WAS,26,4,"$171,131,520","$42,782,880",
14,De'Aaron Fox  Point Guard | 2021-2025 (FA: 2026),22,5,"$163,000,300","$32,600,060",
15,Chris Paul  Point Guard | 2018-2021 (FA: 2022)  Originally signed w/ HOU,33,4,"$159,730,592","$39,932,648",
16,Jamal Murray  Point Guard | 2020-2024 (FA: 2025),22,5,"$158,253,000","$31,650,600",
17,Mike Conley  Point Guard | 2016-2020 (FA: 2021)  Originally signed w/ MEM,28,5,"$152,605,578","$30,521,116",
18,Kemba Walker  Point Guard | 2019-2023 (FA: 2024)  Originally signed w/ CHA,29,4,"$140,790,600","$35,197,650",
19,Damian Lillard  Point Guard | 2016-2020 (FA: 0),24,5,"$139,888,445","$27,977,689",
20,Kyrie Irving  Point Guard | 2019-2022 (FA: 2023)  Originally signed w/ BKN,27,4,"$136,490,600","$34,122,650",
21,Jrue Holiday  Point Guard | 2021-2024 (FA: 2025),30,4,"$134,997,333","$33,749,333",
22,Fred VanVleet  Point Guard | 2023-2025 (FA: 2026),29,3,"$128,539,845","$42,846,615",
23,Jrue Holiday  Point Guard | 2017-2021 (FA: 2022)  Originally signed w/ NOP,27,5,"$126,000,000","$25,200,000",
24,Damian Lillard  Point Guard | 2025-2026 (FA: 2027),31,2,"$121,774,039","$60,887,020",
25,Chris Paul  Point Guard | 2021-2024 (FA: 2025)  Originally signed w/ PHX,36,4,"$120,000,000","$30,000,000",
25,Kyrie Irving  Point Guard | 2023-2025 (FA: 2026),31,3,"$120,000,000","$40,000,000",
27,D'Angelo Russell  Point Guard | 2019-2022 (FA: 2023)  Originally signed w/ BKN,23,4,"$117,325,500","$29,331,375",
28,Dejounte Murray  Point Guard | 2024-2027 (FA: 2028),26,4,"$114,070,207","$28,517,552",
29,Chris Paul  Point Guard | 2013-2017 (FA: 2018)  Originally signed w/ LAC,28,5,"$107,343,477","$21,468,695",
30,Jalen Brunson  Point Guard | 2022-2025 (FA: 2026),25,4,"$104,000,000","$26,000,000",
31,Jason Kidd  Point Guard | 2003-2008 (FA: 2009)  Originally signed w/ NJN,30,6,"$103,572,000","$17,262,000",
32,Kyle Lowry  Point Guard | 2017-2019 (FA: 2020)  Originally signed w/ TOR,31,3,"$100,000,000","$33,333,333",
33,Deron Williams  Point Guard | 2012-2016 (FA: 2015)  Originally signed w/ BKN,28,5,"$98,772,325","$19,754,465",
34,Terry Rozier  Point Guard | 2022-2025 (FA: 2026),27,4,"$96,258,694","$24,064,674",
35,Kyrie Irving  Point Guard | 2015-2019 (FA: 2019)  Originally signed w/ CLE,22,5,"$94,343,126","$18,868,625",
36,Derrick Rose  Point Guard | 2012-2016 (FA: 2017)  Originally signed w/ CHI,23,5,"$94,314,380","$18,862,876",
37,Anfernee Hardaway  Point Guard | 1999-2005 (FA: 2006)  Originally signed w/ ORL,28,7,"$86,630,000","$12,375,714",
38,Baron Davis  Point Guard | 2003-2007 (FA: 2008)  Originally signed w/ NOH,23,6,"$86,310,000","$14,385,000",
39,Russell Westbrook  Point Guard | 2016-2018 (FA: 0)  Originally signed w/ OKC,27,3,"$85,591,823","$28,530,608",
40,Goran Dragic  Point Guard | 2015-2019 (FA: 2020)  Originally signed w/ MIA,29,5,"$85,002,250","$17,000,450",
41,Kyle Lowry  Point Guard | 2021-2023 (FA: 2024)  Originally signed w/ TOR,35,3,"$85,000,002","$28,333,334",
42,Malcolm Brogdon  Point Guard | 2019-2022 (FA: 0)  Originally signed w/ IND,26,4,"$85,000,000","$21,250,000",
42,Fred VanVleet  Point Guard | 2020-2023 (FA: 2024)  Originally signed w/ TOR,26,4,"$85,000,000","$21,250,000",
44,John Wall  Point Guard | 2014-2018 (FA: 0)  Originally signed w/ WAS,22,5,"$84,789,500","$16,957,900",
45,Mike Bibby  Point Guard | 2002-2008 (FA: 0)  Originally signed w/ SAC,-,7,"$80,983,603","$11,569,086",
46,Gary Payton  Point Guard | 1996-2002 (FA: 2003)  Originally signed w/ SEA,27,7,"$80,327,147","$11,475,307",
47,Lonzo Ball  Point Guard | 2021-2024 (FA: 2025)  Originally signed w/ NOP,23,4,"$80,000,000","$20,000,000",
47,Reggie Jackson  Point Guard | 2015-2019 (FA: 2020)  Originally signed w/ DET,25,5,"$80,000,000","$16,000,000",
49,Russell Westbrook  Point Guard | 2012-2016 (FA: 2017)  Originally signed w/ OKC,23,5,"$78,595,310","$15,719,062",
50,Marcus Smart  Point Guard | 2022-2025 (FA: 2026)  Originally signed w/ BOS,27,4,"$76,487,996","$19,121,999",
51,Stephon Marbury  Point Guard | 2005-2008 (FA: 2009)  Originally signed w/ NYK,26,4,"$73,490,625","$18,372,656",
51,Allen Iverson  Point Guard | 2005-2008 (FA: 0),28,4,"$73,490,625","$18,372,656",
53,Anfernee Hardaway  Point Guard | 1994-2002 (FA: 0)  Originally signed w/ ORL,23,9,"$72,000,000","$8,000,000",
54,Collin Sexton  Point Guard | 2022-2025 (FA: 2026)  Originally signed w/ CLE,23,4,"$70,950,000","$17,737,500",
55,Stephon Marbury  Point Guard | 1999-2004 (FA: 0)  Originally signed w/ NJN,21,6,"$70,880,000","$11,813,333",
55,Allen Iverson  Point Guard | 1999-2004 (FA: 0),23,6,"$70,880,000","$11,813,333",
57,Derrick White  Point Guard | 2021-2024 (FA: 2025)  Originally signed w/ SAS,26,4,"$70,000,000","$17,500,000",
57,Larry Hughes  Point Guard | 2005-2009 (FA: 2010)  Originally signed w/ CLE,-,5,"$70,000,000","$14,000,000",
57,Eric Bledsoe  Point Guard | 2014-2018 (FA: 0)  Originally signed w/ PHX,24,5,"$70,000,000","$14,000,000",
57,Eric Bledsoe  Point Guard | 2019-2022 (FA: 2023)  Originally signed w/ MIL,29,4,"$70,000,000","$17,500,000",
57,Brandon Knight  Point Guard | 2015-2019 (FA: 2020)  Originally signed w/ PHX,23,5,"$70,000,000","$14,000,000",
57,Dennis Schröder  Point Guard | 2017-2020 (FA: 2021)  Originally signed w/ ATL,23,4,"$70,000,000","$17,500,000",
63,Mike Conley  Point Guard | 2021-2023 (FA: 2024)  Originally signed w/ UTA,33,3,"$68,040,000","$22,680,000",
64,Tony Parker  Point Guard | 2005-2010 (FA: 0)  Originally signed w/ SAS,22,6,"$66,000,000","$11,000,000",
65,Steve Nash  Point Guard | 2004-2008 (FA: 2009)  Originally signed w/ PHX,30,5,"$65,625,000","$13,125,000",
66,Baron Davis  Point Guard | 2008-2012 (FA: 2011)  Originally signed w/ LAC,29,5,"$65,000,000","$13,000,000",
67,Dejounte Murray  Point Guard | 2020-2023 (FA: 2024)  Originally signed w/ SAS,23,4,"$64,000,000","$16,000,000",
68,Chris Paul  Point Guard | 2009-2012 (FA: 2013)  Originally signed w/ NOH,23,4,"$63,629,415","$15,907,354",
69,Kevin Porter Jr.  Point Guard | 2023-2026 (FA: 2027),22,4,"$63,440,000","$15,860,000",
70,George Hill  Point Guard | 2017-2019 (FA: 2020)  Originally signed w/ SAC,31,3,"$57,000,000","$19,000,000",
70,Jeff Teague  Point Guard | 2017-2019 (FA: 2020)  Originally signed w/ MIN,29,3,"$57,000,000","$19,000,000",
72,Terry Rozier  Point Guard | 2019-2021 (FA: 2022),25,3,"$56,700,000","$18,900,000",
73,Rajon Rondo  Point Guard | 2010-2014 (FA: 2015)  Originally signed w/ BOS,23,5,"$55,000,001","$11,000,000",
74,Ricky Rubio  Point Guard | 2015-2018 (FA: 2019)  Originally signed w/ MIN,24,4,"$55,000,000","$13,750,000",
75,Spencer Dinwiddie  Point Guard | 2021-2023 (FA: 2024),28,3,"$54,000,000","$18,000,000",
76,Marcus Smart  Point Guard | 2018-2021 (FA: 2022)  Originally signed w/ BOS,24,4,"$51,999,900","$12,999,975",
77,Andre Miller  Point Guard | 2003-2008 (FA: 2009)  Originally signed w/ DEN,27,6,"$51,900,000","$8,650,000",
78,Mo Williams  Point Guard | 2007-2012 (FA: 2013)  Originally signed w/ MIL,24,6,"$51,263,000","$8,543,833",
79,Ricky Rubio  Point Guard | 2019-2021 (FA: 2022)  Originally signed w/ PHX,28,3,"$51,000,000","$17,000,000",
80,Tony Parker  Point Guard | 2011-2014 (FA: 0)  Originally signed w/ SAS,28,4,"$50,000,000","$12,500,000",
80,Markelle Fultz  Point Guard | 2021-2023 (FA: 2024),22,3,"$50,000,000","$16,666,667",
82,Deron Williams  Point Guard | 2009-2011 (FA: 2012)  Originally signed w/ UTA,24,3,"$48,799,957","$16,266,652",
83,Patty Mills  Point Guard | 2017-2020 (FA: 2021)  Originally signed w/ SAS,28,4,"$48,000,000","$12,000,000",
83,Kyle Lowry  Point Guard | 2014-2017 (FA: 2018)  Originally signed w/ TOR,28,4,"$48,000,000","$12,000,000",
83,Ty Lawson  Point Guard | 2013-2016 (FA: 2017)  Originally signed w/ DEN,25,4,"$48,000,000","$12,000,000",
83,Kemba Walker  Point Guard | 2015-2018 (FA: 2019)  Originally signed w/ CHA,24,4,"$48,000,000","$12,000,000",
87,Devonte' Graham  Point Guard | 2021-2024 (FA: 2025)  Originally signed w/ CHA,26,4,"$47,300,000","$11,825,000",
88,Charlie Bell  Point Guard | 2007-2011 (FA: 2012),27,5,"$46,490,272","$9,298,054",
89,Chauncey Billups  Point Guard | 2007-2010 (FA: 2011),30,4,"$46,300,000","$11,575,000",
90,Cade Cunningham  Point Guard | 2021-2024 (FA: 2025),19,4,"$45,599,089","$11,399,772",
91,Anfernee Hardaway  Point Guard | 1993-2005 (FA: 2006)  Originally signed w/ ORL,22,13,"$45,200,000","$3,476,923",
92,Jose Calderon  Point Guard | 2008-2012 (FA: 2013)  Originally signed w/ TOR,26,5,"$45,000,000","$9,000,000",
92,Malcolm Brogdon  Point Guard | 2023-2024 (FA: 2025)  Originally signed w/ IND,28,2,"$45,000,000","$22,500,000",
94,Scoot Henderson  Point Guard | 2023-2026 (FA: 2027),19,4,"$44,363,603","$11,090,901",
95,Stephen Curry  Point Guard | 2013-2016 (FA: 2017),24,4,"$44,000,000","$11,000,000",
96,Derrick Rose  Point Guard | 2021-2023 (FA: 2024)  Originally signed w/ NYK,32,3,"$43,562,189","$14,520,730",
97,Tony Parker  Point Guard | 2015-2017 (FA: 2018)  Originally signed w/ SAS,32,3,"$43,335,939","$14,445,313",
98,Devin Harris  Point Guard | 2008-2012 (FA: 2013),24,5,"$43,000,000","$8,600,000",
99,Jrue Holiday  Point Guard | 2013-2016 (FA: 2017)  Originally signed w/ PHI,22,4,"$41,000,004","$10,250,001",
100,Amen Thompson  Point Guard | 2023-2026 (FA: 2027),20,4,"$40,008,489","$10,002,122",
101,Marko Jaric  Point Guard | 0-2010 (FA: 2011)  Originally signed w/ MEM,-1979,6,"$40,000,000","$6,666,667",
101,Mike Conley  Point Guard | 2011-2015 (FA: 2016)  Originally signed w/ MEM,23,5,"$40,000,000","$8,000,000",
101,George Hill  Point Guard | 2012-2016 (FA: 2017),26,5,"$40,000,000","$8,000,000",
101,Patrick Beverley  Point Guard | 2019-2021 (FA: 0)  Originally signed w/ LAC,30,3,"$40,000,000","$13,333,333",
105,Ja Morant  Point Guard | 2019-2022 (FA: 0),19,4,"$39,619,840","$9,904,960",
106,Jamaal Tinsley  Point Guard | 2005-2010 (FA: 2011)  Originally signed w/ IND,26,6,"$39,000,000","$6,500,000",
107,Jameer Nelson  Point Guard | 2008-2012 (FA: 2012)  Originally signed w/ ORL,25,5,"$38,500,000","$7,700,000",
108,Matthew Dellavedova  Point Guard | 2016-2019 (FA: 2020)  Originally signed w/ MIL,25,4,"$38,430,000","$9,607,500",
109,Jeremy Lin  Point Guard | 2016-2018 (FA: 2019)  Originally signed w/ BKN,27,3,"$38,300,000","$12,766,667",
110,Markelle Fultz  Point Guard | 2017-2020 (FA: 0)  Originally signed w/ PHI,19,4,"$37,400,017","$9,350,004",
111,Cory Joseph  Point Guard | 2019-2021 (FA: 2022)  Originally signed w/ SAC,27,3,"$37,200,000","$12,400,000",
112,Derek Fisher  Point Guard | 2004-2010 (FA: 2011)  Originally signed w/ GSW,29,6,"$37,000,000","$6,166,667",
113,D'Angelo Russell  Point Guard | 2023-2024 (FA: 2025),27,2,"$36,000,000","$18,000,000",
113,Coby White  Point Guard | 2023-2025 (FA: 2026),23,3,"$36,000,000","$12,000,000",
115,LaMelo Ball  Point Guard | 2020-2023 (FA: 2024),19,4,"$35,596,275","$8,899,069",
116,Spencer Dinwiddie  Point Guard | 2019-2021 (FA: 2022),25,3,"$34,362,144","$11,454,048",
117,T.J. McConnell  Point Guard | 2021-2024 (FA: 2025),29,4,"$33,600,000","$8,400,000",
118,Lonzo Ball  Point Guard | 2017-2020 (FA: 2021)  Originally signed w/ LAL,19,4,"$33,471,622","$8,367,906",
119,Gabe Vincent  Point Guard | 2023-2025 (FA: 2026),27,3,"$33,000,000","$11,000,000",
119,T.J. Ford  Point Guard | 2007-2010 (FA: 2011)  Originally signed w/ TOR,-,4,"$33,000,000","$8,250,000",
119,Dante Exum  Point Guard | 2018-2020 (FA: 2021)  Originally signed w/ UTA,22,3,"$33,000,000","$11,000,000",
122,Luka Doncic  Point Guard | 2018-2021 (FA: 2022),19,4,"$32,467,751","$8,116,938",
123,Beno Udrih  Point Guard | 2008-2012 (FA: 2013)  Originally signed w/ SAC,26,5,"$32,393,000","$6,478,600",
124,Jeff Teague  Point Guard | 2013-2016 (FA: 2017)  Originally signed w/ ATL,25,4,"$32,000,000","$8,000,000",
124,Avery Bradley  Point Guard | 2014-2017 (FA: 2018)  Originally signed w/ BOS,23,4,"$32,000,000","$8,000,000",
126,Kyle Lowry  Point Guard | 2020-2020 (FA: 2021)  Originally signed w/ TOR,33,1,"$30,500,000","$30,500,000",
127,Goran Dragic  Point Guard | 2012-2015 (FA: 2016)  Originally signed w/ PHX,26,4,"$30,000,000","$7,500,000",
127,Antonio Daniels  Point Guard | 0-2009 (FA: 2010),-1,5,"$30,000,000","$6,000,000",
129,Cory Joseph  Point Guard | 2015-2018 (FA: 2019)  Originally signed w/ TOR,23,4,"$29,890,000","$7,472,500",
130,Darius Garland  Point Guard | 2019-2022 (FA: 0),19,4,"$29,083,315","$7,270,829",
131,Earl Watson  Point Guard | 2005-2009 (FA: 2009)  Originally signed w/ DEN,26,5,"$29,000,000","$5,800,000",
131,Jose Calderon  Point Guard | 2013-2016 (FA: 2017)  Originally signed w/ DAL,31,4,"$29,000,000","$7,250,000",
131,D.J. Augustin  Point Guard | 2016-2019 (FA: 2020)  Originally signed w/ ORL,28,4,"$29,000,000","$7,250,000",
131,Tyus Jones  Point Guard | 2022-2023 (FA: 2024)  Originally signed w/ MEM,26,2,"$29,000,000","$14,500,000",
135,Jason Kidd  Point Guard | 1994-2002 (FA: 2003)  Originally signed w/ DAL,20,6,"$28,889,468","$4,814,911",
136,George Hill  Point Guard | 2019-2021 (FA: 2022)  Originally signed w/ MIL,33,3,"$28,771,806","$9,590,602",
137,Steve Nash  Point Guard | 1999-2004 (FA: 2005)  Originally signed w/ DAL,24,5,"$28,250,000","$5,650,000",
138,Delon Wright  Point Guard | 2019-2021 (FA: 2022)  Originally signed w/ MEM,26,3,"$28,050,000","$9,350,000",
139,Steve Nash  Point Guard | 2012-2014 (FA: 2015)  Originally signed w/ PHX,38,3,"$27,901,500","$9,300,500",
140,Monte Morris  Point Guard | 2021-2023 (FA: 2024)  Originally signed w/ DEN,25,3,"$27,774,997","$9,258,332",
141,Rajon Rondo  Point Guard | 2016-2017 (FA: 2018)  Originally signed w/ CHI,30,2,"$27,397,000","$13,698,500",
142,Chauncey Billups  Point Guard | 2002-2007 (FA: 2008),25,5,"$27,275,460","$5,455,092",
143,Isaiah Thomas  Point Guard | 2014-2017 (FA: 2018)  Originally signed w/ SAC,25,4,"$27,000,002","$6,750,001",
144,Jerryd Bayless  Point Guard | 2016-2018 (FA: 2019)  Originally signed w/ PHI,27,3,"$27,000,000","$9,000,000",
145,Ben Simmons  Point Guard | 2016-2019 (FA: 0)  Originally signed w/ PHI,19,4,"$26,620,450","$6,655,113",
146,Trae Young  Point Guard | 2018-2021 (FA: 2022),19,4,"$26,527,711","$6,631,928",
147,Tyus Jones  Point Guard | 2019-2021 (FA: 2022)  Originally signed w/ MEM,23,3,"$26,445,300","$8,815,100",
148,Rafer Alston  Point Guard | 2004-2009 (FA: 2010)  Originally signed w/ TOR,27,6,"$26,250,000","$4,375,000",
149,Gary Payton II  Point Guard | 2022-2024 (FA: 2025)  Originally signed w/ POR,29,3,"$26,145,000","$8,715,000",
150,Rodney Stuckey  Point Guard | 2011-2013 (FA: 2014)  Originally signed w/ DET,25,3,"$25,500,000","$8,500,000",
151,Dennis Schröder  Point Guard | 2023-2024 (FA: 2025),29,2,"$25,430,250","$12,715,125",
152,Jason Kidd  Point Guard | 2000-2002 (FA: 2003)  Originally signed w/ PHX,26,3,"$25,392,500","$8,464,167",
153,Jameer Nelson  Point Guard | 2012-2013 (FA: 2014)  Originally signed w/ ORL,30,3,"$25,200,000","$8,400,000",
153,Jarrett Jack  Point Guard | 2013-2016 (FA: 2017)  Originally signed w/ CLE,29,4,"$25,200,000","$6,300,000",
155,Jeremy Lin  Point Guard | 2012-2014 (FA: 2015)  Originally signed w/ HOU,23,3,"$25,123,938","$8,374,646",
156,Jason Kidd  Point Guard | 2009-2011 (FA: 2012)  Originally signed w/ DAL,36,3,"$25,100,000","$8,366,667",
157,Dyson Daniels  Point Guard | 2022-2025 (FA: 2026),19,4,"$25,059,949","$6,264,987",
158,Magic Johnson  Point Guard | 1984-2009 (FA: 0),24,25,"$25,000,000","$1,000,000",
158,Speedy Claxton  Point Guard | 0-2009 (FA: 2010),-1,4,"$25,000,000","$6,250,000",
160,Avery Bradley  Point Guard | 2018-2019 (FA: 2020)  Originally signed w/ LAC,27,2,"$24,960,000","$12,480,000",
161,De'Aaron Fox  Point Guard | 2017-2020 (FA: 0),19,4,"$24,572,507","$6,143,127",
162,Coby White  Point Guard | 2019-2022 (FA: 2023),19,4,"$24,131,515","$6,032,879",
162,Killian Hayes  Point Guard | 2020-2023 (FA: 2024),19,4,"$24,131,515","$6,032,879",
164,Cason Wallace  Point Guard | 2023-2026 (FA: 2027),19,4,"$24,088,326","$6,022,082",
165,John Wall  Point Guard | 2010-2013 (FA: 0)  Originally signed w/ WAS,19,4,"$24,050,164","$6,012,541",
166,Brandon Jennings  Point Guard | 2013-2015 (FA: 2016),23,3,"$24,000,000","$8,000,000",
167,Shaun Livingston  Point Guard | 2017-2019 (FA: 2020),31,3,"$23,692,308","$7,897,436",
168,Vasilije Micic  Point Guard | 2023-2025 (FA: 2026),29,3,"$23,555,150","$7,851,717",
169,Kyle Lowry  Point Guard | 2010-2013 (FA: 2014)  Originally signed w/ HOU,23,4,"$23,460,000","$5,865,000",
170,Mike James  Point Guard | 0-2009 (FA: 2010)  Originally signed w/ WAS,-1976,4,"$23,400,000","$5,850,000",
171,Kyrie Irving  Point Guard | 2011-2014 (FA: 0)  Originally signed w/ CLE,18,4,"$23,198,010","$5,799,503",
172,Sam Cassell  Point Guard | 2002-2005 (FA: 2006)  Originally signed w/ MIL,32,4,"$23,037,500","$5,759,375",
173,Patrick Beverley  Point Guard | 2015-2018 (FA: 2019)  Originally signed w/ HOU,26,4,"$23,027,026","$5,756,757",
174,D'Angelo Russell  Point Guard | 2015-2018 (FA: 2019),18,4,"$23,017,978","$5,754,495",
175,Morris Peterson  Point Guard | 0-2010 (FA: 2011),-1,4,"$23,000,000","$5,750,000",
176,Derrick Rose  Point Guard | 2008-2011 (FA: 0)  Originally signed w/ CHI,19,4,"$22,547,148","$5,636,787",
177,Chucky Atkins  Point Guard | 2000-2005 (FA: 0)  Originally signed w/ ORL,25,5,"$22,500,000","$4,500,000",
178,Steve Nash  Point Guard | 2010-2011 (FA: 2012)  Originally signed w/ PHX,35,2,"$22,000,000","$11,000,000",
179,Andre Miller  Point Guard | 2009-2011 (FA: 2012)  Originally signed w/ DEN,33,3,"$21,807,792","$7,269,264",
180,Reggie Jackson  Point Guard | 2021-2022 (FA: 2023)  Originally signed w/ LAC,31,2,"$21,599,760","$10,799,880",
181,Ayo Dosunmu  Point Guard | 2023-2025 (FA: 2026),23,3,"$21,000,000","$7,000,000",
181,D.J. Augustin  Point Guard | 2020-2022 (FA: 2023)  Originally signed w/ MIL,33,3,"$21,000,000","$7,000,000",
181,Rodney Stuckey  Point Guard | 2015-2017 (FA: 2018),28,3,"$21,000,000","$7,000,000",
184,Davion Mitchell  Point Guard | 2021-2024 (FA: 2025),22,4,"$20,951,517","$5,237,879",
185,Collin Sexton  Point Guard | 2018-2021 (FA: 2022)  Originally signed w/ CLE,19,4,"$20,175,111","$5,043,778",
186,Jarrett Jack  Point Guard | 2009-2012 (FA: 2013)  Originally signed w/ TOR,25,4,"$20,000,000","$5,000,000","$3,500,000"
186,Darren Collison  Point Guard | 2017-2018 (FA: 2019)  Originally signed w/ IND,29,2,"$20,000,000","$10,000,000",
188,Kobe Bufkin  Point Guard | 2023-2026 (FA: 2027),19,4,"$19,801,203","$4,950,301",
189,Jevon Carter  Point Guard | 2023-2025 (FA: 2026),27,3,"$19,500,000","$6,500,000",
189,Luke Ridnour  Point Guard | 2007-2009 (FA: 2010)  Originally signed w/ SEA,25,3,"$19,500,000","$6,500,000",
191,Cameron Payne  Point Guard | 2021-2023 (FA: 2024)  Originally signed w/ PHX,26,3,"$19,000,000","$6,333,333",
191,Tre Jones  Point Guard | 2023-2024 (FA: 2025),22,2,"$19,000,000","$9,500,000",
193,Frank Ntilikina  Point Guard | 2017-2020 (FA: 2021)  Originally signed w/ NYK,18,4,"$18,689,218","$4,672,305",
194,Ricky Rubio  Point Guard | 2022-2024 (FA: 2025),31,3,"$18,439,026","$6,146,342",
195,Goran Dragic  Point Guard | 2020-2020 (FA: 2022)  Originally signed w/ MIA,34,1,"$18,000,000","$18,000,000",
195,Mike Bibby  Point Guard | 2009-2011 (FA: 2012)  Originally signed w/ ATL,0,3,"$18,000,000","$6,000,000",
195,Fred VanVleet  Point Guard | 2018-2019 (FA: 2020)  Originally signed w/ TOR,24,2,"$18,000,000","$9,000,000",
195,Jose Barea  Point Guard | 2011-2014 (FA: 2014)  Originally signed w/ MIN,27,4,"$18,000,000","$4,500,000",
195,Ishmael Smith  Point Guard | 2016-2018 (FA: 2019)  Originally signed w/ DET,28,3,"$18,000,000","$6,000,000",
200,Kemba Walker  Point Guard | 2021-2022 (FA: 2023)  Originally signed w/ NYK,31,2,"$17,894,491","$8,947,246",
201,Jalen Hood-Schifino  Point Guard | 2023-2026 (FA: 2027),20,4,"$17,882,808","$4,470,702",
202,Tyrese Haliburton  Point Guard | 2020-2023 (FA: 2024)  Originally signed w/ SAC,20,4,"$17,878,995","$4,469,749",
203,Kris Dunn  Point Guard | 2016-2019 (FA: 2020)  Originally signed w/ MIN,22,4,"$17,488,287","$4,372,072",
204,Sam Cassell  Point Guard | 1997-2001 (FA: 0)  Originally signed w/ NJN,27,5,"$17,350,000","$3,470,000",
205,Kira Lewis Jr.  Point Guard | 2020-2023 (FA: 2024),19,4,"$17,188,836","$4,297,209",
206,Dennis Smith Jr.  Point Guard | 2017-2020 (FA: 2021)  Originally signed w/ DAL,19,4,"$17,188,557","$4,297,139",
207,Shai Gilgeous-Alexander  Point Guard | 2018-2021 (FA: 2022)  Originally signed w/ LAC,19,4,"$16,965,132","$4,241,283",
208,Shaun Livingston  Point Guard | 2014-2016 (FA: 2017),28,3,"$16,631,175","$5,543,725",
209,Devin Harris  Point Guard | 2014-2017 (FA: 2018),31,4,"$16,562,884","$4,140,721",
210,Russell Westbrook  Point Guard | 2008-2011 (FA: 0)  Originally signed w/ OKC,19,4,"$16,349,456","$4,087,364",
211,Dante Exum  Point Guard | 2014-2017 (FA: 2018)  Originally signed w/ UTA,18,4,"$16,325,425","$4,081,356",
212,Deron Williams  Point Guard | 2005-2008 (FA: 0)  Originally signed w/ UTA,20,4,"$16,316,529","$4,079,132",
213,Carlos Arroyo  Point Guard | 2004-2007 (FA: 2008)  Originally signed w/ UTA,24,4,"$16,200,000","$4,050,000",
214,Damon Jones  Point Guard | 2008-2011 (FA: 2012),-,4,"$16,100,000","$4,025,000",
215,Jose Barea  Point Guard | 2015-2018 (FA: 2019),31,4,"$16,001,700","$4,000,425",
216,Steve Blake  Point Guard | 2010-2013 (FA: 2014)  Originally signed w/ LAL,30,4,"$16,000,000","$4,000,000",
216,Luke Ridnour  Point Guard | 2010-2013 (FA: 2014)  Originally signed w/ MIN,29,4,"$16,000,000","$4,000,000",
216,Delon Wright  Point Guard | 2022-2023 (FA: 2024),30,2,"$16,000,000","$8,000,000",
216,Elfrid Payton  Point Guard | 2019-2020 (FA: 2021)  Originally signed w/ NYK,25,2,"$16,000,000","$8,000,000",
220,Cole Anthony  Point Guard | 2020-2023 (FA: 2024),20,4,"$15,887,971","$3,971,993",
221,Mike Conley  Point Guard | 2007-2009 (FA: 0)  Originally signed w/ MEM,19,4,"$15,804,447","$3,951,112",
222,Derek Fisher  Point Guard | 1999-2003 (FA: 2004)  Originally signed w/ LAL,24,5,"$15,380,000","$3,076,000",
223,Ricky Rubio  Point Guard | 2011-2014 (FA: 0)  Originally signed w/ MIN,20,4,"$15,345,456","$3,836,364",
224,Darren Collison  Point Guard | 2014-2016 (FA: 2017)  Originally signed w/ SAC,26,3,"$15,040,677","$5,013,559",
225,Larry Hughes  Point Guard | 2002-2004 (FA: 2005)  Originally signed w/ WAS,0,3,"$15,001,800","$5,000,600",
226,Rajon Rondo  Point Guard | 2020-2021 (FA: 2022)  Originally signed w/ ATL,34,2,"$15,000,000","$7,500,000",
226,Chris Duhon  Point Guard | 2010-2013 (FA: 2013)  Originally signed w/ ORL,27,4,"$15,000,000","$3,750,000",
226,C.J. Watson  Point Guard | 2015-2017 (FA: 2018),31,3,"$15,000,000","$5,000,000",
226,Derrick Rose  Point Guard | 2019-2020 (FA: 2021)  Originally signed w/ DET,30,2,"$15,000,000","$7,500,000",
230,Raymond Felton  Point Guard | 2012-2015 (FA: 2016)  Originally signed w/ POR,27,4,"$14,861,532","$3,715,383",
231,Marcus Smart  Point Guard | 2014-2017 (FA: 2018)  Originally signed w/ BOS,19,4,"$14,831,260","$3,707,815",
232,Chris Paul  Point Guard | 2005-2008 (FA: 0)  Originally signed w/ NOH,19,4,"$14,714,549","$3,678,637",
233,Andre Miller  Point Guard | 2012-2014 (FA: 2015)  Originally signed w/ DEN,36,3,"$14,625,000","$4,875,000",
234,Raymond Felton  Point Guard | 2010-2011 (FA: 2012)  Originally signed w/ DEN,25,2,"$14,560,000","$7,280,000",
235,Jamal Murray  Point Guard | 2016-2019 (FA: 0),19,4,"$14,510,706","$3,627,677",
236,Derek Fisher  Point Guard | 2007-2009 (FA: 2010)  Originally signed w/ LAL,32,3,"$14,098,000","$4,699,333",
237,Tre Mann  Point Guard | 2021-2024 (FA: 2025),20,4,"$14,047,213","$3,511,803",
238,Emmanuel Mudiay  Point Guard | 2015-2018 (FA: 2019)  Originally signed w/ DEN,18,4,"$14,020,000","$3,505,000",
239,Shaun Livingston  Point Guard | 2004-2007 (FA: 2008)  Originally signed w/ LAC,18,4,"$14,000,000","$3,500,000",
240,Damian Lillard  Point Guard | 2012-2015 (FA: 0),21,4,"$13,845,166","$3,461,292",
241,Jameer Nelson  Point Guard | 2015-2017 (FA: 2018)  Originally signed w/ DEN,33,3,"$13,621,575","$4,540,525",
242,Gary Payton  Point Guard | 1990-1995 (FA: 1996)  Originally signed w/ SEA,22,6,"$13,500,300","$2,250,050",
243,Marcus Sasser  Point Guard | 2023-2026 (FA: 2027),22,4,"$13,464,823","$3,366,206",
244,Steve Blake  Point Guard | 2007-2009 (FA: 2010)  Originally signed w/ POR,27,3,"$13,430,000","$4,476,667",
245,Raymond Felton  Point Guard | 2005-2008 (FA: 2009)  Originally signed w/ CHA,20,4,"$13,331,356","$3,332,839",
246,Patty Mills  Point Guard | 2022-2023 (FA: 2024)  Originally signed w/ BKN,33,2,"$13,281,950","$6,640,975",
246,John Wall  Point Guard | 2022-2023 (FA: 2024)  Originally signed w/ LAC,31,2,"$13,281,950","$6,640,975",
248,Patrick Beverley  Point Guard | 2022-2022 (FA: 2023)  Originally signed w/ MIN,33,1,"$13,000,000","$13,000,000",
248,Patty Mills  Point Guard | 2014-2016 (FA: 2017)  Originally signed w/ SAS,25,3,"$13,000,000","$4,333,333",
248,Greivis Vasquez  Point Guard | 2014-2015 (FA: 2016)  Originally signed w/ TOR,27,2,"$13,000,000","$6,500,000",
251,Mike Bibby  Point Guard | 1998-2001 (FA: 2002)  Originally signed w/ VAN,-,4,"$12,975,453","$3,243,863",
252,Devin Harris  Point Guard | 2004-2007 (FA: 2008),20,4,"$12,837,443","$3,209,361",
253,Stephen Curry  Point Guard | 2009-2012 (FA: 0),21,4,"$12,700,262","$3,175,066",
254,Baron Davis  Point Guard | 1999-2002 (FA: 2003)  Originally signed w/ CHA,20,4,"$12,690,802","$3,172,701",
255,Nick Smith Jr.  Point Guard | 2023-2026 (FA: 2027),19,4,"$12,651,907","$3,162,977",
256,Milos Teodosic  Point Guard | 2017-2018 (FA: 2019),30,2,"$12,300,000","$6,150,000",
257,Tyrese Maxey  Point Guard | 2020-2023 (FA: 2024),20,4,"$12,152,560","$3,038,140",
258,Patty Mills  Point Guard | 2021-2022 (FA: 2022)  Originally signed w/ BKN,32,2,"$12,074,500","$6,037,250",
259,Mario Chalmers  Point Guard | 2011-2013 (FA: 2014),24,3,"$12,000,000","$4,000,000",
259,Shelvin Mack  Point Guard | 2017-2018 (FA: 2019)  Originally signed w/ ORL,27,2,"$12,000,000","$6,000,000",
259,Ishmael Smith  Point Guard | 2019-2020 (FA: 2021)  Originally signed w/ WAS,30,2,"$12,000,000","$6,000,000",
262,Ramon Sessions  Point Guard | 2009-2011 (FA: 2012)  Originally signed w/ MIN,22,3,"$11,892,960","$3,964,320",
263,Chris Duhon  Point Guard | 2008-2009 (FA: 2010)  Originally signed w/ NYK,25,2,"$11,616,800","$5,808,400",
264,Brandon Knight  Point Guard | 2011-2014 (FA: 2015)  Originally signed w/ DET,19,4,"$11,589,837","$2,897,459",
265,Jevon Carter  Point Guard | 2020-2022 (FA: 2023)  Originally signed w/ PHX,25,3,"$11,500,000","$3,833,333",
266,TyTy Washington Jr.  Point Guard | 2022-2025 (FA: 2026)  Originally signed w/ HOU,20,4,"$11,349,659","$2,837,415",
267,Jay Williams  Point Guard | 2002-2004 (FA: 2006)  Originally signed w/ CHI,20,3,"$11,132,520","$3,710,840",
268,RJ Hampton  Point Guard | 2020-2023 (FA: 2023)  Originally signed w/ DEN,19,4,"$11,129,417","$2,782,354",
269,Trey Burke  Point Guard | 2013-2016 (FA: 2017)  Originally signed w/ UTA,20,4,"$11,032,158","$2,758,040",
270,Deron Williams  Point Guard | 2015-2016 (FA: 2017)  Originally signed w/ BKN,31,2,"$11,000,000","$5,500,000",
271,Elfrid Payton  Point Guard | 2014-2017 (FA: 2018)  Originally signed w/ ORL,19,4,"$10,849,500","$2,712,375",
272,Immanuel Quickley  Point Guard | 2020-2023 (FA: 2024),21,4,"$10,803,948","$2,700,987",
273,Nah'Shon Hyland  Point Guard | 2021-2024 (FA: 2025)  Originally signed w/ DEN,20,4,"$10,763,240","$2,690,810",
274,Kemba Walker  Point Guard | 2011-2014 (FA: 0)  Originally signed w/ CHA,20,4,"$10,659,171","$2,664,793",
275,D.J. Augustin  Point Guard | 2008-2011 (FA: 2012)  Originally signed w/ CHA,20,4,"$10,634,840","$2,658,710",
276,Derek Fisher  Point Guard | 2010-2011 (FA: 2011)  Originally signed w/ LAL,35,3,"$10,500,000","$3,500,000",
277,Aaron Holiday  Point Guard | 2018-2021 (FA: 2022)  Originally signed w/ IND,21,4,"$10,477,351","$2,619,338",
278,Payton Pritchard  Point Guard | 2020-2023 (FA: 2024),22,4,"$10,449,718","$2,612,430",
279,Jaden Springer  Point Guard | 2021-2024 (FA: 2025),18,4,"$10,393,483","$2,598,371",
280,Gary Payton  Point Guard | 2003-2004 (FA: 2004)  Originally signed w/ LAL,34,2,"$10,325,700","$5,162,850",
281,Reggie Jackson  Point Guard | 2023-2024 (FA: 2025),33,2,"$10,250,000","$5,125,000",
281,Kendrick Nunn  Point Guard | 2021-2022 (FA: 2023)  Originally signed w/ LAL,26,2,"$10,250,000","$5,125,000",
283,Brandon Jennings  Point Guard | 2010-2012 (FA: 2013),20,4,"$10,172,853","$2,543,213",
284,Michael Carter-Williams  Point Guard | 2013-2016 (FA: 2017)  Originally signed w/ PHI,21,4,"$10,083,526","$2,520,882",
285,Cory Joseph  Point Guard | 2021-2022 (FA: 2023)  Originally signed w/ DET,29,2,"$10,065,500","$5,032,750",
286,Malachi Flynn  Point Guard | 2020-2023 (FA: 2024),22,4,"$10,017,385","$2,504,346",
287,Ramon Sessions  Point Guard | 2012-2013 (FA: 2014)  Originally signed w/ CHA,26,2,"$10,000,000","$5,000,000",
287,Tony Parker  Point Guard | 2018-2019 (FA: 2020),36,2,"$10,000,000","$5,000,000",
287,Deron Williams  Point Guard | 2016-2016 (FA: 2017)  Originally signed w/ DAL,32,1,"$10,000,000","$10,000,000",
287,Kris Dunn  Point Guard | 2020-2021 (FA: 2022)  Originally signed w/ ATL,26,2,"$10,000,000","$5,000,000",
291,Avery Bradley  Point Guard | 2019-2020 (FA: 2021),28,2,"$9,772,350","$4,886,175",
292,Will Bynum  Point Guard | 2010-2012 (FA: 2013)  Originally signed w/ DET,27,3,"$9,750,000","$3,250,000",
293,Cameron Payne  Point Guard | 2015-2018 (FA: 2019)  Originally signed w/ OKC,20,4,"$9,600,735","$2,400,184",
294,Jonny Flynn  Point Guard | 2009-2011 (FA: 2012)  Originally signed w/ MIN,-,3,"$9,576,000","$3,192,000",
295,Rajon Rondo  Point Guard | 2015-2015 (FA: 2016)  Originally signed w/ SAC,29,1,"$9,500,000","$9,500,000",
296,Trey Burke  Point Guard | 2020-2022 (FA: 2023)  Originally signed w/ DAL,28,3,"$9,450,000","$3,150,000",
297,Alexey Shved  Point Guard | 2012-2014 (FA: 2015)  Originally signed w/ MIN,23,3,"$9,449,999","$3,150,000",
298,Jerryd Bayless  Point Guard | 2009-2011 (FA: 2012)  Originally signed w/ POR,20,4,"$9,411,520","$2,352,880",
299,T.J. Ford  Point Guard | 2003-2006 (FA: 2007)  Originally signed w/ MIL,-,4,"$9,387,987","$2,346,997",
300,Ishmael Smith  Point Guard | 2021-2022 (FA: 2023)  Originally signed w/ CHA,33,2,"$9,225,000","$4,612,500",
301,Jason Kidd  Point Guard | 2012-2014 (FA: 2015),39,3,"$9,090,000","$3,030,000",
302,Chris Duhon  Point Guard | 2005-2007 (FA: 2008)  Originally signed w/ CHI,22,3,"$9,072,000","$3,024,000",
303,Rajon Rondo  Point Guard | 2018-2018 (FA: 2019)  Originally signed w/ LAL,32,1,"$9,000,000","$9,000,000",
304,Allen Iverson  Point Guard | 1996-1998 (FA: 0),21,3,"$8,932,640","$2,977,547",
305,Terry Rozier  Point Guard | 2015-2018 (FA: 2019)  Originally signed w/ BOS,20,4,"$8,769,710","$2,192,428",
306,Wade Baldwin  Point Guard | 2016-2019 (FA: 2020)  Originally signed w/ MEM,20,4,"$8,626,446","$2,156,612",
307,Andrew Nembhard  Point Guard | 2022-2025 (FA: 2026),22,4,"$8,583,166","$2,145,792",
308,Derrick White  Point Guard | 2017-2020 (FA: 0)  Originally signed w/ SAS,23,4,"$8,536,124","$2,134,031",
309,Mario Chalmers  Point Guard | 2014-2015 (FA: 2016),28,2,"$8,300,000","$4,150,000",
310,Jalen Pickett  Point Guard | 2023-2026 (FA: 2027),23,4,"$8,227,882","$2,056,971",
311,Chauncey Billups  Point Guard | 1997-1999 (FA: 2000)  Originally signed w/ BOS,20,3,"$8,226,720","$2,742,240",
312,Delonte West  Point Guard | 2008-2009 (FA: 2010)  Originally signed w/ CLE,-,2,"$8,104,250","$4,052,125",
313,Dante Exum  Point Guard | 2021-2023 (FA: 2024)  Originally signed w/ HOU,26,3,"$8,100,000","$2,700,000",
314,Kevin Porter Jr.  Point Guard | 2019-2022 (FA: 0)  Originally signed w/ CLE,19,4,"$8,009,193","$2,002,298",
315,George Hill  Point Guard | 2021-2022 (FA: 2023)  Originally signed w/ MIL,35,2,"$8,000,000","$4,000,000",
315,Kendall Marshall  Point Guard | 2015-2018 (FA: 2019)  Originally signed w/ PHI,24,4,"$8,000,000","$2,000,000",
317,Andre Miller  Point Guard | 1999-2002 (FA: 2003)  Originally signed w/ CLE,22,4,"$7,885,909","$1,971,477",
318,Russell Westbrook  Point Guard | 2023-2024 (FA: 2025),34,2,"$7,863,263","$3,931,632",
319,Rodney Stuckey  Point Guard | 2007-2010 (FA: 2011)  Originally signed w/ DET,20,4,"$7,829,086","$1,957,272",
320,Jordan Farmar  Point Guard | 2010-2011 (FA: 2012)  Originally signed w/ NJN,23,2,"$7,750,000","$3,875,000",
321,Goran Dragic  Point Guard | 2008-2011 (FA: 2012)  Originally signed w/ HOU,21,4,"$7,616,000","$1,904,000",
322,Sebastian Telfair  Point Guard | 2004-2007 (FA: 2008)  Originally signed w/ POR,18,4,"$7,591,146","$1,897,787",
323,Jerian Grant  Point Guard | 2015-2018 (FA: 2019)  Originally signed w/ NYK,22,4,"$7,568,554","$1,892,139",
324,Jrue Holiday  Point Guard | 2009-2012 (FA: 0)  Originally signed w/ PHI,18,4,"$7,557,861","$1,889,465",
325,Dennis Schröder  Point Guard | 2013-2016 (FA: 0)  Originally signed w/ ATL,19,4,"$7,510,862","$1,877,716",
326,Sebastian Telfair  Point Guard | 2008-2010 (FA: 2011)  Originally signed w/ MIN,23,3,"$7,500,000","$2,500,000",
327,Randy Brown  Point Guard | 2000-2002 (FA: 2003)  Originally signed w/ BOS,31,3,"$7,425,000","$2,475,000",
328,Eric Bledsoe  Point Guard | 2010-2013 (FA: 2014)  Originally signed w/ LAC,20,4,"$7,415,554","$1,853,889",
329,Shelvin Mack  Point Guard | 2014-2016 (FA: 2017)  Originally signed w/ ATL,24,3,"$7,300,000","$2,433,333",
330,Delon Wright  Point Guard | 2015-2018 (FA: 2019)  Originally signed w/ TOR,22,4,"$7,268,738","$1,817,185",
331,Larry Hughes  Point Guard | 1998-2001 (FA: 0)  Originally signed w/ PHI,-,4,"$7,238,355","$1,809,589",
332,Ty Lawson  Point Guard | 2009-2012 (FA: 0)  Originally signed w/ DEN,21,4,"$7,194,208","$1,798,552",
333,Kennedy Chandler  Point Guard | 2022-2025 (FA: 2026),19,4,"$7,127,014","$1,781,754",
334,Avery Bradley  Point Guard | 2010-2013 (FA: 2014)  Originally signed w/ BOS,19,4,"$7,084,872","$1,771,218",
335,Luke Ridnour  Point Guard | 2003-2006 (FA: 0)  Originally signed w/ SEA,21,4,"$7,019,478","$1,754,870",
336,Jimmer Fredette  Point Guard | 2011-2013 (FA: 2014)  Originally signed w/ SAC,21,3,"$7,017,240","$2,339,080",
337,T.J. McConnell  Point Guard | 2019-2020 (FA: 2021),27,2,"$7,000,000","$3,500,000",
337,Shannon Brown  Point Guard | 2012-2013 (FA: 2013)  Originally signed w/ PHX,26,2,"$7,000,000","$3,500,000",
337,Shaun Livingston  Point Guard | 2010-2011 (FA: 2012)  Originally signed w/ CHA,24,2,"$7,000,000","$3,500,000",
340,Jose Calderon  Point Guard | 2005-2007 (FA: 2008)  Originally signed w/ TOR,23,3,"$6,994,937","$2,331,646",
341,Jeff Teague  Point Guard | 2009-2012 (FA: 2013)  Originally signed w/ ATL,20,4,"$6,863,717","$1,715,929",
342,Stephon Marbury  Point Guard | 1996-1998 (FA: 0)  Originally signed w/ MIN,19,3,"$6,745,320","$2,248,440",
343,Aaron Brooks  Point Guard | 2012-2013 (FA: 2014)  Originally signed w/ SAC,27,2,"$6,646,250","$3,323,125",
344,Eric Maynor  Point Guard | 2009-2012 (FA: 2013)  Originally signed w/ UTA,21,4,"$6,592,121","$1,648,030",
345,Derrick Rose  Point Guard | 2023-2024 (FA: 2025),34,2,"$6,552,719","$3,276,360",
346,Tyus Jones  Point Guard | 2015-2018 (FA: 2019)  Originally signed w/ MIN,18,4,"$6,537,195","$1,634,299",
347,Tyrell Terry  Point Guard | 2020-2023 (FA: 2024)  Originally signed w/ DAL,20,4,"$6,521,129","$1,630,282",
348,C.J. Watson  Point Guard | 2010-2011 (FA: 2012)  Originally signed w/ CHI,25,2,"$6,500,000","$3,250,000",
348,Gary Neal  Point Guard | 2013-2014 (FA: 2015)  Originally signed w/ MIL,28,2,"$6,500,000","$3,250,000",
350,Jordan McLaughlin  Point Guard | 2021-2023 (FA: 2024),25,3,"$6,480,000","$2,160,000",
351,Javaris Crittenton  Point Guard | 0-2011 (FA: 2012),-1,4,"$6,420,677","$1,605,169",
352,Darren Collison  Point Guard | 2009-2012 (FA: 2013)  Originally signed w/ IND,21,4,"$6,402,464","$1,600,616",
353,Facundo Campazzo  Point Guard | 2020-2021 (FA: 2022)  Originally signed w/ DEN,29,2,"$6,400,000","$3,200,000",
354,Dejounte Murray  Point Guard | 2016-2019 (FA: 0)  Originally signed w/ SAS,19,4,"$6,359,377","$1,589,844",
355,Vit Krejci  Point Guard | 2021-2024 (FA: 2025)  Originally signed w/ OKC,21,4,"$6,313,470","$1,578,368",
356,Shabazz Napier  Point Guard | 2014-2016 (FA: 2018)  Originally signed w/ MIA,22,4,"$6,244,560","$1,561,140",
357,Chucky Atkins  Point Guard | 2007-2008 (FA: 2009)  Originally signed w/ DEN,32,2,"$6,240,000","$3,120,000",
358,Quincy Douby  Point Guard | 0-2010 (FA: 2011),-1,4,"$6,199,522","$1,549,881",
359,Dante Exum  Point Guard | 2023-2024 (FA: 2025),28,2,"$6,150,000","$3,075,000",
359,Yogi Ferrell  Point Guard | 2018-2019 (FA: 2020)  Originally signed w/ SAC,25,2,"$6,150,000","$3,075,000",
359,Frank Jackson  Point Guard | 2021-2022 (FA: 2023)  Originally signed w/ DET,23,2,"$6,150,000","$3,075,000",
362,Jerryd Bayless  Point Guard | 2012-2013 (FA: 2014)  Originally signed w/ MEM,23,2,"$6,135,000","$3,067,500",
363,Jalen Brunson  Point Guard | 2018-2021 (FA: 2022)  Originally signed w/ DAL,21,4,"$6,112,770","$1,528,193",
364,Ryan Arcidiacono  Point Guard | 2019-2020 (FA: 2022)  Originally signed w/ CHI,25,2,"$6,000,000","$3,000,000",
364,Ramon Sessions  Point Guard | 2016-2016 (FA: 2018)  Originally signed w/ CHA,30,1,"$6,000,000","$6,000,000",
364,D.J. Augustin  Point Guard | 2014-2015 (FA: 2016)  Originally signed w/ CHI,26,2,"$6,000,000","$3,000,000",
364,Jerryd Bayless  Point Guard | 2014-2015 (FA: 2016)  Originally signed w/ MIL,25,2,"$6,000,000","$3,000,000",
364,Michael Carter-Williams  Point Guard | 2020-2021 (FA: 2022),28,2,"$6,000,000","$3,000,000",
364,Quinn Cook  Point Guard | 2019-2020 (FA: 2021)  Originally signed w/ LAL,26,2,"$6,000,000","$3,000,000",
370,Isaiah Briscoe  Point Guard | 2018-2021 (FA: 2022),22,4,"$5,999,003","$1,499,751",
371,Theo Maledon  Point Guard | 2020-2022 (FA: 2024)  Originally signed w/ OKC,19,3,"$5,900,000","$1,966,667",
372,Dennis Schröder  Point Guard | 2021-2021 (FA: 2022)  Originally signed w/ BOS,27,1,"$5,890,000","$5,890,000",
373,Reggie Jackson  Point Guard | 2011-2014 (FA: 2015)  Originally signed w/ OKC,20,4,"$5,829,450","$1,457,363",
374,Rajon Rondo  Point Guard | 2006-2009 (FA: 0)  Originally signed w/ BOS,19,4,"$5,782,882","$1,445,721",
375,Will Bynum  Point Guard | 2013-2014 (FA: 2014)  Originally signed w/ DET,30,2,"$5,706,251","$2,853,126",
376,Rodrigue Beaubois  Point Guard | 2009-2012 (FA: 2013),20,4,"$5,695,572","$1,423,893",
377,Avery Bradley  Point Guard | 2020-2020 (FA: 2022)  Originally signed w/ MIA,29,1,"$5,635,000","$5,635,000",
378,Jameer Nelson  Point Guard | 2014-2014 (FA: 2015)  Originally signed w/ DAL,32,2,"$5,586,940","$2,793,470",
378,Brian Roberts  Point Guard | 2014-2015 (FA: 2016),28,2,"$5,586,940","$2,793,470",
380,Nate Robinson  Point Guard | 2005-2008 (FA: 2009)  Originally signed w/ NYK,20,4,"$5,576,499","$1,394,125",
381,Jameer Nelson  Point Guard | 2004-2007 (FA: 0)  Originally signed w/ ORL,21,4,"$5,529,089","$1,382,272",
382,Raymond Felton  Point Guard | 2009-2009 (FA: 2010)  Originally signed w/ CHA,25,1,"$5,501,196","$5,501,196",
383,Luke Ridnour  Point Guard | 2014-2014 (FA: 2015)  Originally signed w/ ORL,33,2,"$5,500,000","$2,750,000",
384,Greivis Vasquez  Point Guard | 2010-2013 (FA: 2014)  Originally signed w/ MEM,22,4,"$5,490,988","$1,372,747",
385,Demetrius Jackson  Point Guard | 2016-2019 (FA: 2020)  Originally signed w/ BOS,21,4,"$5,473,750","$1,368,438",
386,Mo Williams  Point Guard | 2013-2013 (FA: 2014)  Originally signed w/ POR,30,2,"$5,423,340","$2,711,670",
387,Jarrett Jack  Point Guard | 2005-2008 (FA: 2009)  Originally signed w/ POR,21,4,"$5,416,623","$1,354,156",
388,George Hill  Point Guard | 2008-2011 (FA: 2012)  Originally signed w/ SAS,21,4,"$5,331,400","$1,332,850",
389,Kyle Lowry  Point Guard | 2006-2009 (FA: 2010)  Originally signed w/ MEM,19,4,"$5,297,917","$1,324,479",
390,Mo Williams  Point Guard | 2004-2006 (FA: 2007)  Originally signed w/ MIL,21,3,"$5,280,000","$1,760,000",
391,Rajon Rondo  Point Guard | 2019-2020 (FA: 2021)  Originally signed w/ LAL,33,2,"$5,184,358","$2,592,179",
392,Cory Joseph  Point Guard | 2011-2014 (FA: 2015)  Originally signed w/ SAS,19,4,"$5,161,601","$1,290,400",
393,Aaron Brooks  Point Guard | 2007-2010 (FA: 2011)  Originally signed w/ PHX,21,4,"$5,153,492","$1,288,373",
394,Saben Lee  Point Guard | 2021-2023 (FA: 2024)  Originally signed w/ DET,22,3,"$5,143,840","$1,714,613",
395,Randy Brown  Point Guard | 1996-1999 (FA: 2000)  Originally signed w/ CHI,27,4,"$5,080,000","$1,270,000",
396,Brandon Jennings  Point Guard | 2016-2016 (FA: 2017)  Originally signed w/ NYK,26,1,"$5,000,000","$5,000,000",
397,Ronnie Price  Point Guard | 2016-2017 (FA: 2018)  Originally signed w/ OKC,32,2,"$4,999,990","$2,499,995",
398,Pablo Prigioni  Point Guard | 2013-2015 (FA: 2015)  Originally signed w/ NYK,36,3,"$4,988,883","$1,662,961",
399,Tyler Ennis  Point Guard | 2014-2016 (FA: 2017)  Originally signed w/ PHX,19,3,"$4,986,960","$1,662,320",
400,Jordan Farmar  Point Guard | 2006-2009 (FA: 2010)  Originally signed w/ LAL,19,4,"$4,975,920","$1,243,980",
401,Jose Barea  Point Guard | 2008-2010 (FA: 2011),23,3,"$4,972,500","$1,657,500",
402,Delonte West  Point Guard | 2004-2007 (FA: 2008)  Originally signed w/ BOS,-,4,"$4,919,760","$1,229,940",
403,Aaron Brooks  Point Guard | 2012-2013 (FA: 2013)  Originally signed w/ HOU,26,2,"$4,908,000","$2,454,000",
404,Nigel Williams-Goss  Point Guard | 2019-2021 (FA: 2022),24,3,"$4,800,602","$1,600,201",
405,Mardy Collins  Point Guard | 0-2010 (FA: 2011)  Originally signed w/ LAC,-1,4,"$4,769,702","$1,192,426",
406,Elfrid Payton  Point Guard | 2020-2020 (FA: 2021)  Originally signed w/ NYK,26,1,"$4,767,000","$4,767,000",
407,Chauncey Billups  Point Guard | 2000-2001 (FA: 2002)  Originally signed w/ MIN,23,2,"$4,725,000","$2,362,500",
408,Monte Morris  Point Guard | 2018-2020 (FA: 2021)  Originally signed w/ DEN,23,3,"$4,661,321","$1,553,774",
409,Isaiah Whitehead  Point Guard | 2016-2019 (FA: 2020)  Originally signed w/ BKN,21,4,"$4,585,897","$1,146,474",
410,Carsen Edwards  Point Guard | 2019-2021 (FA: 2023)  Originally signed w/ BOS,21,3,"$4,528,628","$1,509,543",
411,Shannon Brown  Point Guard | 2010-2011 (FA: 2011)  Originally signed w/ LAL,24,2,"$4,524,066","$2,262,033",
412,T.J. McConnell  Point Guard | 2015-2018 (FA: 2019)  Originally signed w/ PHI,22,4,"$4,471,631","$1,117,908",
413,Jason Preston  Point Guard | 2021-2023 (FA: 2024),21,3,"$4,461,917","$1,487,306",
414,Beno Udrih  Point Guard | 2004-2006 (FA: 2007)  Originally signed w/ SAS,21,4,"$4,461,496","$1,115,374",
415,Raul Neto  Point Guard | 2018-2019 (FA: 2020)  Originally signed w/ UTA,26,2,"$4,400,000","$2,200,000",
416,Jeremy Lin  Point Guard | 2015-2016 (FA: 2017)  Originally signed w/ CHA,26,2,"$4,374,255","$2,187,128",
417,Greivis Vasquez  Point Guard | 2016-2016 (FA: 2017),28,1,"$4,347,826","$4,347,826",
418,Jevon Carter  Point Guard | 2022-2023 (FA: 2024)  Originally signed w/ MIL,26,2,"$4,339,943","$2,169,972",
419,Miles McBride  Point Guard | 2021-2023 (FA: 2024),20,3,"$4,324,872","$1,441,624",
420,Élie Okobo  Point Guard | 2018-2020 (FA: 2022)  Originally signed w/ PHX,20,3,"$4,319,177","$1,439,726",
421,Mo Williams  Point Guard | 2015-2016 (FA: 2017)  Originally signed w/ CLE,32,2,"$4,294,500","$2,147,250",
422,Jordan Farmar  Point Guard | 2014-2015 (FA: 2016)  Originally signed w/ LAC,27,2,"$4,247,465","$2,123,733",
422,Ramon Sessions  Point Guard | 2014-2015 (FA: 2016)  Originally signed w/ SAC,28,2,"$4,247,465","$2,123,733",
422,Steve Blake  Point Guard | 2014-2015 (FA: 2016)  Originally signed w/ POR,34,2,"$4,247,465","$2,123,733",
422,Beno Udrih  Point Guard | 2014-2015 (FA: 2016)  Originally signed w/ MEM,32,2,"$4,247,465","$2,123,733",
426,Dalano Banton  Point Guard | 2023-2024 (FA: 2025),23,2,"$4,216,676","$2,108,338",
427,Nate Robinson  Point Guard | 2010-2010 (FA: 2011)  Originally signed w/ BOS,25,1,"$4,200,000","$4,200,000",
427,Anthony Johnson  Point Guard | 0-2009 (FA: 2010),-1,2,"$4,200,000","$2,100,000",
429,Justin Robinson  Point Guard | 2019-2021 (FA: 2022)  Originally signed w/ WAS,21,3,"$4,198,912","$1,399,637",
429,Jalen Lecque  Point Guard | 2019-2021 (FA: 2023)  Originally signed w/ PHX,18,3,"$4,198,912","$1,399,637",
429,Tre Jones  Point Guard | 2020-2022 (FA: 2023),20,3,"$4,198,912","$1,399,637",
432,Frank Mason III  Point Guard | 2017-2019 (FA: 2020)  Originally signed w/ SAC,22,3,"$4,183,191","$1,394,397",
433,Shannon Brown  Point Guard | 2009-2010 (FA: 2009)  Originally signed w/ LAL,23,2,"$4,139,200","$2,069,600",
434,Nate Robinson  Point Guard | 2013-2014 (FA: 2015)  Originally signed w/ CHI,29,2,"$4,122,720","$2,061,360",
434,Eric Maynor  Point Guard | 2013-2014 (FA: 2015)  Originally signed w/ WAS,26,2,"$4,122,720","$2,061,360",
436,C.J. Watson  Point Guard | 2013-2014 (FA: 2015)  Originally signed w/ IND,29,2,"$4,093,000","$2,046,500",
437,Tim Frazier  Point Guard | 2016-2017 (FA: 2018)  Originally signed w/ NOP,25,2,"$4,090,000","$2,045,000",
438,Devonte' Graham  Point Guard | 2018-2020 (FA: 2021)  Originally signed w/ CHA,23,3,"$4,069,177","$1,356,392",
439,Roko Ukic  Point Guard | 0-2010 (FA: 2011),-1,3,"$4,050,000","$1,350,000",
440,Jerian Grant  Point Guard | 2020-2021 (FA: 2022),28,2,"$4,012,890","$2,006,445",
441,Earl Watson  Point Guard | 2002-2004 (FA: 2005)  Originally signed w/ MEM,23,3,"$4,009,500","$1,336,500",
442,Chauncey Billups  Point Guard | 2012-2012 (FA: 2013)  Originally signed w/ LAC,35,1,"$4,000,000","$4,000,000",
442,Earl Watson  Point Guard | 2011-2012 (FA: 2013)  Originally signed w/ UTA,31,2,"$4,000,000","$2,000,000",
442,Nate Robinson  Point Guard | 2009-2009 (FA: 2010)  Originally signed w/ NYK,25,1,"$4,000,000","$4,000,000",
442,Brevin Knight  Point Guard | 0-0 (FA: 2009),-1,2,"$4,000,000","$2,000,000",
442,Tyler Ulis  Point Guard | 2016-2019 (FA: 2020)  Originally signed w/ PHX,20,4,"$4,000,000","$1,000,000",
447,Jamaal Tinsley  Point Guard | 2001-2004 (FA: 0),22,4,"$3,970,406","$992,602",
448,Tony Parker  Point Guard | 2001-2004 (FA: 0)  Originally signed w/ SAS,18,4,"$3,946,521","$986,630",
449,Kendall Marshall  Point Guard | 2012-2013 (FA: 2013)  Originally signed w/ PHX,20,2,"$3,924,720","$1,962,360",
450,Darren Collison  Point Guard | 2013-2013 (FA: 2014)  Originally signed w/ DAL,25,2,"$3,885,500","$1,942,750",
451,Frank Ntilikina  Point Guard | 2021-2022 (FA: 2023)  Originally signed w/ DAL,23,2,"$3,825,574","$1,912,787",
452,Frank Jackson  Point Guard | 2017-2019 (FA: 2020)  Originally signed w/ NOP,19,3,"$3,812,377","$1,270,792",
453,Shabazz Napier  Point Guard | 2018-2019 (FA: 2020)  Originally signed w/ BKN,27,2,"$3,787,723","$1,893,862",
454,Malcolm Brogdon  Point Guard | 2016-2018 (FA: 2019)  Originally signed w/ MIL,23,3,"$3,782,562","$1,260,854",
455,Sam Cassell  Point Guard | 1993-1996 (FA: 1997)  Originally signed w/ HOU,23,4,"$3,770,000","$942,500",
456,Mo Williams  Point Guard | 2014-2014 (FA: 2015)  Originally signed w/ MIN,31,1,"$3,750,000","$3,750,000",
457,Cameron Payne  Point Guard | 2019-2020 (FA: 2021)  Originally signed w/ TOR,24,2,"$3,714,156","$1,857,078",
458,Joseph Young  Point Guard | 2015-2017 (FA: 2018),23,3,"$3,530,750","$1,176,917",
459,Frank Jackson  Point Guard | 2020-2021 (FA: 2022)  Originally signed w/ OKC,22,2,"$3,502,857","$1,751,429",
460,Scottie Wilbekin  Point Guard | 2015-2018 (FA: 2019),22,4,"$3,502,513","$875,628",
461,Shannon Brown  Point Guard | 2011-2011 (FA: 2012)  Originally signed w/ PHX,26,1,"$3,500,000","$3,500,000",
461,D.J. Augustin  Point Guard | 2012-2012 (FA: 2013)  Originally signed w/ IND,24,1,"$3,500,000","$3,500,000",
463,Gabe Vincent  Point Guard | 2021-2022 (FA: 2023)  Originally signed w/ MIA,25,2,"$3,484,855","$1,742,428",
464,Darius Morris  Point Guard | 2018-2019 (FA: 2020),27,2,"$3,466,716","$1,733,358",
465,Kevin Pangos  Point Guard | 2021-2022 (FA: 2023),28,2,"$3,421,815","$1,710,908",
466,Isaiah Taylor  Point Guard | 2019-2020 (FA: 2021),25,2,"$3,383,360","$1,691,680",
467,Rajon Rondo  Point Guard | 2017-2017 (FA: 2018)  Originally signed w/ NOP,31,1,"$3,300,000","$3,300,000",
468,Kyle Collinsworth  Point Guard | 2017-2019 (FA: 2020)  Originally signed w/ DAL,26,3,"$3,287,066","$1,095,689",
469,Norris Cole  Point Guard | 2011-2014 (FA: 2015)  Originally signed w/ MIA,22,3,"$3,247,680","$1,082,560",
470,John Lucas III  Point Guard | 2013-2014 (FA: 2014)  Originally signed w/ UTA,30,1,"$3,200,000","$3,200,000",
471,Patrick Beverley  Point Guard | 2023-2023 (FA: 2024),34,1,"$3,196,448","$3,196,448",
471,Cory Joseph  Point Guard | 2023-2023 (FA: 2024),31,1,"$3,196,448","$3,196,448",
473,Tyler Ennis  Point Guard | 2017-2018 (FA: 2019)  Originally signed w/ LAL,22,2,"$3,180,397","$1,590,199",
474,Chris Chiozza  Point Guard | 2018-2020 (FA: 2021)  Originally signed w/ HOU,22,3,"$3,170,718","$1,056,906",
475,Steve Nash  Point Guard | 1996-1998 (FA: 1999)  Originally signed w/ PHX,22,3,"$3,160,120","$1,053,373",
476,Nate Wolters  Point Guard | 2016-2018 (FA: 2019)  Originally signed w/ DEN,25,3,"$3,157,492","$1,052,497",
477,Shane Larkin  Point Guard | 2013-2014 (FA: 2015)  Originally signed w/ DAL,20,2,"$3,143,040","$1,571,520",
478,Allen Iverson  Point Guard | 2009-2009 (FA: 2009)  Originally signed w/ MEM,34,1,"$3,099,729","$3,099,729",
479,Chasson Randle  Point Guard | 2016-2018 (FA: 2019)  Originally signed w/ PHI,23,3,"$3,090,935","$1,030,312",
480,Marcelo Huertas  Point Guard | 2016-2017 (FA: 2018)  Originally signed w/ LAL,33,2,"$3,067,600","$1,533,800",
481,Sebastian Telfair  Point Guard | 2011-2012 (FA: 2013)  Originally signed w/ PHX,26,2,"$3,067,500","$1,533,750",
481,John Lucas III  Point Guard | 2012-2013 (FA: 2013)  Originally signed w/ TOR,29,2,"$3,067,500","$1,533,750",
483,Darius Morris  Point Guard | 2013-2015 (FA: 2013)  Originally signed w/ PHI,22,3,"$3,060,877","$1,020,292",
484,Marquis Teague  Point Guard | 2012-2014 (FA: 2014)  Originally signed w/ CHI,18,3,"$3,052,640","$1,017,547",
485,Henry Walker  Point Guard | 2008-2011 (FA: 2012)  Originally signed w/ NYK,20,4,"$3,049,023","$762,256",
486,Norris Cole  Point Guard | 2015-2015 (FA: 2016)  Originally signed w/ NOP,26,1,"$3,036,927","$3,036,927",
487,Isaiah Taylor  Point Guard | 2016-2018 (FA: 2019)  Originally signed w/ HOU,22,3,"$3,001,422","$1,000,474",
488,Chucky Atkins  Point Guard | 2006-2006 (FA: 2007)  Originally signed w/ MEM,31,1,"$3,000,000","$3,000,000",
488,Shane Larkin  Point Guard | 2015-2016 (FA: 2017)  Originally signed w/ BKN,22,2,"$3,000,000","$1,500,000",
488,Elfrid Payton  Point Guard | 2018-2018 (FA: 2019)  Originally signed w/ NOP,24,1,"$3,000,000","$3,000,000",
491,Isaiah Taylor  Point Guard | 2017-2018 (FA: 2019)  Originally signed w/ ATL,23,2,"$2,953,375","$1,476,688",
492,Goran Dragic  Point Guard | 2022-2022 (FA: 2023)  Originally signed w/ CHI,36,1,"$2,905,851","$2,905,851",
493,Spencer Dinwiddie  Point Guard | 2016-2018 (FA: 0),23,3,"$2,903,733","$967,911",
494,Shaquille Harrison  Point Guard | 2018-2019 (FA: 2020)  Originally signed w/ CHI,25,2,"$2,899,495","$1,449,748",
495,Nando De Colo  Point Guard | 2012-2013 (FA: 2014)  Originally signed w/ SAS,25,2,"$2,863,000","$1,431,500",
496,Quinn Cook  Point Guard | 2017-2018 (FA: 2019)  Originally signed w/ ATL,24,2,"$2,857,562","$1,428,781",
497,Ishmael Smith  Point Guard | 2012-2013 (FA: 2014)  Originally signed w/ ORL,24,3,"$2,854,389","$951,463",
498,Kyle Weaver  Point Guard | 2009-2011 (FA: 2012)  Originally signed w/ OKC,-,3,"$2,806,452","$935,484",
499,Earl Watson  Point Guard | 2009-2009 (FA: 2010)  Originally signed w/ IND,30,1,"$2,800,000","$2,800,000",
500,Raul Neto  Point Guard | 2015-2017 (FA: 2018)  Originally signed w/ UTA,23,3,"$2,732,546","$910,849",
501,Aaron Brooks  Point Guard | 2016-2016 (FA: 2017)  Originally signed w/ IND,31,1,"$2,700,000","$2,700,000",
501,Michael Carter-Williams  Point Guard | 2017-2017 (FA: 2018)  Originally signed w/ CHA,25,1,"$2,700,000","$2,700,000",
503,Nolan Smith  Point Guard | 2011-2012 (FA: 2013),23,2,"$2,672,640","$1,336,320",
504,Rajon Rondo  Point Guard | 2021-2021 (FA: 2022)  Originally signed w/ LAL,35,1,"$2,641,691","$2,641,691",
504,Avery Bradley  Point Guard | 2021-2021 (FA: 2022)  Originally signed w/ GSW,30,1,"$2,641,691","$2,641,691",
506,Dennis Schröder  Point Guard | 2022-2022 (FA: 2023)  Originally signed w/ LAL,29,1,"$2,641,682","$2,641,682",
507,Pierre Jackson  Point Guard | 2015-2017 (FA: 2019)  Originally signed w/ PHI,23,3,"$2,639,382","$879,794",
508,Ronnie Price  Point Guard | 2009-2010 (FA: 2011)  Originally signed w/ UTA,25,2,"$2,631,250","$1,315,625",
509,Matthew Dellavedova  Point Guard | 2022-2022 (FA: 2023),31,1,"$2,628,597","$2,628,597",
510,Diante Garrett  Point Guard | 2013-2015 (FA: 2016)  Originally signed w/ UTA,25,3,"$2,615,857","$871,952",
511,Ronnie Price  Point Guard | 2013-2014 (FA: 2015)  Originally signed w/ ORL,30,2,"$2,582,786","$1,291,393",
512,Jamaal Tinsley  Point Guard | 2011-2012 (FA: 2013),32,2,"$2,581,436","$1,290,718",
513,Trey Burke  Point Guard | 2017-2018 (FA: 2019)  Originally signed w/ NYK,25,2,"$2,579,175","$1,289,588",
514,Jose Barea  Point Guard | 2019-2019 (FA: 2020),35,1,"$2,564,753","$2,564,753",
514,Jose Barea  Point Guard | 2020-2020 (FA: 2021),35,1,"$2,564,753","$2,564,753",
514,Jeff Teague  Point Guard | 2020-2020 (FA: 2021)  Originally signed w/ BOS,32,1,"$2,564,753","$2,564,753",
517,Dennis Smith Jr.  Point Guard | 2023-2023 (FA: 2024),25,1,"$2,528,233","$2,528,233",
517,Frank Ntilikina  Point Guard | 2023-2023 (FA: 2024),25,1,"$2,528,233","$2,528,233",
517,Shaquille Harrison  Point Guard | 2023-2023 (FA: 2024),29,1,"$2,528,233","$2,528,233",
520,Spencer Dinwiddie  Point Guard | 2014-2016 (FA: 2017)  Originally signed w/ DET,21,3,"$2,525,490","$841,830",
521,Jacque Vaughn  Point Guard | 0-2008 (FA: 2009),-1,2,"$2,500,000","$1,250,000",
521,Chauncey Billups  Point Guard | 2013-2013 (FA: 2014),36,1,"$2,500,000","$2,500,000",
523,Semaj Christon  Point Guard | 2016-2018 (FA: 2019),23,3,"$2,498,982","$832,994",
523,Kay Felder  Point Guard | 2016-2018 (FA: 2019)  Originally signed w/ CLE,21,3,"$2,498,982","$832,994",
523,Jonathan Gibson  Point Guard | 2016-2018 (FA: 2019)  Originally signed w/ DAL,28,3,"$2,498,982","$832,994",
526,Jared Butler  Point Guard | 2021-2022 (FA: 2023)  Originally signed w/ UTA,20,2,"$2,488,776","$1,244,388",
526,Ayo Dosunmu  Point Guard | 2021-2022 (FA: 2023),21,2,"$2,488,776","$1,244,388",
528,Dalano Banton  Point Guard | 2021-2022 (FA: 2023)  Originally signed w/ TOR,21,2,"$2,488,775","$1,244,388",
529,Raul Neto  Point Guard | 2022-2022 (FA: 2023),30,1,"$2,463,490","$2,463,490",
530,Ronnie Price  Point Guard | 2012-2013 (FA: 2014)  Originally signed w/ POR,29,2,"$2,412,314","$1,206,157",
531,Brandon Knight  Point Guard | 2021-2021 (FA: 2022)  Originally signed w/ NYK,29,1,"$2,401,537","$2,401,537",
532,Royal Ivey  Point Guard | 2010-2011 (FA: 2012),28,2,"$2,400,000","$1,200,000",
533,Raymond Felton  Point Guard | 2018-2018 (FA: 2019),34,1,"$2,393,887","$2,393,887",
533,Devin Harris  Point Guard | 2018-2018 (FA: 2019),35,1,"$2,393,887","$2,393,887",
533,Jarrett Jack  Point Guard | 2018-2018 (FA: 2019),34,1,"$2,393,887","$2,393,887",
533,Jose Calderon  Point Guard | 2018-2018 (FA: 2019),36,1,"$2,393,887","$2,393,887",
533,Derrick Rose  Point Guard | 2018-2018 (FA: 2019)  Originally signed w/ MIN,29,1,"$2,393,887","$2,393,887",
538,Brandon Jennings  Point Guard | 2017-2018 (FA: 2019),28,2,"$2,353,714","$1,176,857",
539,Dwight Buycks  Point Guard | 2017-2018 (FA: 2019),28,2,"$2,348,680","$1,174,340",
540,Aaron Holiday  Point Guard | 2023-2023 (FA: 2024),26,1,"$2,346,614","$2,346,614",
541,Isaiah Canaan  Point Guard | 2013-2014 (FA: 2016)  Originally signed w/ HOU,22,3,"$2,334,273","$778,091",
542,Erick Green  Point Guard | 2014-2016 (FA: 2017)  Originally signed w/ DEN,23,3,"$2,332,826","$777,609",
542,Dee Bost  Point Guard | 2014-2016 (FA: 2014),24,3,"$2,332,826","$777,609",
542,Russ Smith  Point Guard | 2014-2016 (FA: 2017)  Originally signed w/ NOP,23,3,"$2,332,826","$777,609",
545,Reggie Jackson  Point Guard | 2020-2020 (FA: 2021)  Originally signed w/ LAC,30,1,"$2,331,593","$2,331,593",
546,Steve Blake  Point Guard | 2005-2006 (FA: 2007)  Originally signed w/ POR,25,2,"$2,330,000","$1,165,000",
547,Derek Fisher  Point Guard | 2011-2011 (FA: 2012),36,1,"$2,329,545","$2,329,545",
548,Jose Calderon  Point Guard | 2017-2017 (FA: 2018)  Originally signed w/ CLE,35,1,"$2,328,652","$2,328,652",
548,Raymond Felton  Point Guard | 2017-2017 (FA: 2018),33,1,"$2,328,652","$2,328,652",
548,Ramon Sessions  Point Guard | 2017-2017 (FA: 2018)  Originally signed w/ NYK,31,1,"$2,328,652","$2,328,652",
548,Jarrett Jack  Point Guard | 2017-2017 (FA: 2018)  Originally signed w/ NYK,33,1,"$2,328,652","$2,328,652",
548,Beno Udrih  Point Guard | 2017-2017 (FA: 2018),35,1,"$2,328,652","$2,328,652",
553,Mario Chalmers  Point Guard | 2008-2010 (FA: 2011),21,3,"$2,320,500","$773,500",
554,Isaiah Thomas  Point Guard | 2019-2019 (FA: 2020)  Originally signed w/ WAS,30,1,"$2,320,044","$2,320,044",
555,Magic Johnson  Point Guard | 1979-1983 (FA: 1984),19,5,"$2,300,000","$460,000",
556,Emmanuel Mudiay  Point Guard | 2022-2022 (FA: 2023),26,1,"$2,298,385","$2,298,385",
557,John Lucas III  Point Guard | 2006-2008 (FA: 2007)  Originally signed w/ HOU,23,3,"$2,296,879","$765,626",
558,Ray McCallum  Point Guard | 2013-2015 (FA: 2016)  Originally signed w/ SAC,22,3,"$2,288,374","$762,791",
559,Ronnie Price  Point Guard | 2007-2008 (FA: 2009)  Originally signed w/ UTA,24,2,"$2,288,000","$1,144,000",
560,Nate Wolters  Point Guard | 2013-2015 (FA: 2016)  Originally signed w/ MIL,22,3,"$2,263,758","$754,586",
561,Jameer Nelson  Point Guard | 2017-2017 (FA: 2018)  Originally signed w/ NOP,35,1,"$2,262,871","$2,262,871",
562,Jevon Carter  Point Guard | 2018-2019 (FA: 2020)  Originally signed w/ MEM,22,2,"$2,255,316","$1,127,658",
563,Gal Mekel  Point Guard | 2013-2015 (FA: 2014)  Originally signed w/ DAL,25,3,"$2,253,938","$751,313",
563,Phil Pressey  Point Guard | 2013-2014 (FA: 2015)  Originally signed w/ BOS,22,3,"$2,253,938","$751,313",
563,B.J. Young  Point Guard | 2013-2015 (FA: 2013),20,3,"$2,253,938","$751,313",
566,Aaron Brooks  Point Guard | 2015-2015 (FA: 2016)  Originally signed w/ CHI,30,1,"$2,250,000","$2,250,000",
566,Brad Wanamaker  Point Guard | 2020-2020 (FA: 2021)  Originally signed w/ GSW,31,1,"$2,250,000","$2,250,000",
568,Elfrid Payton  Point Guard | 2021-2021 (FA: 2022),27,1,"$2,239,544","$2,239,544",
569,Pablo Prigioni  Point Guard | 2016-2017 (FA: 2018),39,2,"$2,229,953","$1,114,977",
570,Patty Mills  Point Guard | 2012-2013 (FA: 2014)  Originally signed w/ SAS,23,2,"$2,219,070","$1,109,535",
571,Jawun Evans  Point Guard | 2017-2018 (FA: 2020)  Originally signed w/ LAC,20,2,"$2,193,857","$1,096,929",
572,Lorenzo Brown  Point Guard | 2013-2015 (FA: 2013)  Originally signed w/ PHI,23,3,"$2,190,503","$730,168",
573,Scott Machado  Point Guard | 2012-2014 (FA: 2012)  Originally signed w/ HOU,22,3,"$2,177,719","$725,906",
574,Matthew Dellavedova  Point Guard | 2020-2020 (FA: 2021)  Originally signed w/ CLE,30,1,"$2,174,318","$2,174,318",
575,Nemanja Nedovic  Point Guard | 2013-2014 (FA: 2014),22,2,"$2,160,960","$1,080,480",
576,Gary Neal  Point Guard | 2015-2015 (FA: 2016)  Originally signed w/ WAS,30,1,"$2,139,000","$2,139,000",
577,Quinn Cook  Point Guard | 2022-2022 (FA: 2023),29,1,"$2,133,278","$2,133,278",
577,Ryan Arcidiacono  Point Guard | 2022-2022 (FA: 2023)  Originally signed w/ NYK,28,1,"$2,133,278","$2,133,278",
577,Shaquille Harrison  Point Guard | 2022-2022 (FA: 2023)  Originally signed w/ LAL,29,1,"$2,133,278","$2,133,278",
577,Dennis Smith Jr.  Point Guard | 2022-2022 (FA: 2023)  Originally signed w/ CHA,24,1,"$2,133,278","$2,133,278",
577,Frank Jackson  Point Guard | 2022-2022 (FA: 2023)  Originally signed w/ PHX,24,1,"$2,133,278","$2,133,278",
577,Frank Jackson  Point Guard | 2022-2022 (FA: 2023),24,1,"$2,133,278","$2,133,278",
577,P.J. Dozier  Point Guard | 2022-2022 (FA: 2023)  Originally signed w/ MIN,25,1,"$2,133,278","$2,133,278",
584,Isaiah Thomas  Point Guard | 2011-2013 (FA: 2014)  Originally signed w/ SAC,22,3,"$2,120,092","$706,697",
585,Christian Eyenga  Point Guard | 2010-2011 (FA: 2012)  Originally signed w/ CLE,20,2,"$2,118,480","$1,059,240",
586,Aaron Brooks  Point Guard | 2017-2017 (FA: 2018),32,1,"$2,116,955","$2,116,955",
587,Derek Fisher  Point Guard | 1996-1998 (FA: 1999)  Originally signed w/ LAL,21,3,"$2,110,200","$703,400",
588,Derrick Rose  Point Guard | 2017-2017 (FA: 2018)  Originally signed w/ CLE,28,1,"$2,106,470","$2,106,470",
588,Mario Chalmers  Point Guard | 2017-2017 (FA: 2019)  Originally signed w/ MEM,30,1,"$2,106,470","$2,106,470",
590,A.J. Price  Point Guard | 2009-2011 (FA: 2012)  Originally signed w/ IND,22,3,"$2,104,076","$701,359",
591,Isaiah Canaan  Point Guard | 2016-2017 (FA: 2018)  Originally signed w/ CHI,25,2,"$2,103,441","$1,051,721",
592,C.J. Watson  Point Guard | 2012-2013 (FA: 2013)  Originally signed w/ BKN,28,2,"$2,099,622","$1,049,811",
593,Gary Neal  Point Guard | 2010-2012 (FA: 2013)  Originally signed w/ SAS,25,3,"$2,090,188","$696,729",
594,Raul Neto  Point Guard | 2021-202 (FA: 2022)  Originally signed w/ WAS,29,1,"$2,089,448","$2,089,448",
595,Chris Clemons  Point Guard | 2019-2020 (FA: 2021)  Originally signed w/ HOU,22,2,"$2,081,328","$1,040,664",
596,Bryce Dejean-Jones  Point Guard | 2015-2017 (FA: 2018),23,3,"$2,059,265","$686,422",
597,Spencer Dinwiddie  Point Guard | 2016-2017 (FA: 2018)  Originally signed w/ CHI,23,2,"$2,031,676","$1,015,838",
598,Shelvin Mack  Point Guard | 2018-2018 (FA: 2019)  Originally signed w/ MEM,28,1,"$2,029,463","$2,029,463",
598,Isaiah Thomas  Point Guard | 2018-2018 (FA: 2019)  Originally signed w/ DEN,29,1,"$2,029,463","$2,029,463",
600,Michael Carter-Williams  Point Guard | 2019-2019 (FA: 2020),27,1,"$2,028,594","$2,028,594",
600,Trey Burke  Point Guard | 2019-2019 (FA: 2020)  Originally signed w/ PHI,26,1,"$2,028,594","$2,028,594",
602,Mac McClung  Point Guard | 2023-2023 (FA: 2024),24,1,"$2,019,706","$2,019,706",
602,Duane Washington Jr.  Point Guard | 2023-2023 (FA: 2024),22,1,"$2,019,706","$2,019,706",
602,Jeff Dowtin  Point Guard | 2023-2023 (FA: 2024),26,1,"$2,019,706","$2,019,706",
605,Shannon Brown  Point Guard | 2006-2007 (FA: 2008)  Originally signed w/ CLE,20,2,"$2,015,400","$1,007,700",
606,Chauncey Billups  Point Guard | 2011-2011 (FA: 2012)  Originally signed w/ LAC,35,1,"$2,000,000","$2,000,000",
606,Jannero Pargo  Point Guard | 2009-2009 (FA: 2010)  Originally signed w/ CHI,29,1,"$2,000,000","$2,000,000",
606,Jermey Pargo  Point Guard | 2011-2012 (FA: 2013)  Originally signed w/ MEM,25,2,"$2,000,000","$1,000,000",
609,J.R. Giddens  Point Guard | 2008-2009 (FA: 2010)  Originally signed w/ NYK,22,2,"$1,986,000","$993,000",
610,Patrick Beverley  Point Guard | 2012-2014 (FA: 2015)  Originally signed w/ HOU,24,3,"$1,985,491","$661,830",
611,Chasson Randle  Point Guard | 2022-2022 (FA: 2023),29,1,"$1,968,175","$1,968,175",
611,Aaron Holiday  Point Guard | 2022-2022 (FA: 2023)  Originally signed w/ ATL,25,1,"$1,968,175","$1,968,175",
611,Chris Chiozza  Point Guard | 2022-2022 (FA: 2023),26,1,"$1,968,175","$1,968,175",
614,Quinn Cook  Point Guard | 2021-2021 (FA: 2022)  Originally signed w/ POR,28,1,"$1,939,350","$1,939,350",
615,Bryce Cotton  Point Guard | 2014-2016 (FA: 2017)  Originally signed w/ UTA,22,3,"$1,918,004","$639,335",
616,Briante Weber  Point Guard | 2015-2017 (FA: 2018),22,2,"$1,901,737","$950,869",
617,Diante Garrett  Point Guard | 2014-2015 (FA: 2016),25,2,"$1,896,591","$948,296",
618,Jerel McNeal  Point Guard | 2012-2014 (FA: 2013)  Originally signed w/ UTA,25,3,"$1,886,258","$628,753",
619,Raul Neto  Point Guard | 2020-2020 (FA: 2021)  Originally signed w/ WAS,28,1,"$1,882,867","$1,882,867",
619,Tim Frazier  Point Guard | 2019-2019 (FA: 2020)  Originally signed w/ DET,28,1,"$1,882,867","$1,882,867",
621,David Stockton  Point Guard | 2022-2022 (FA: 2023),31,1,"$1,836,090","$1,836,090",
621,Saben Lee  Point Guard | 2022-2022 (FA: 2023),23,1,"$1,836,090","$1,836,090",
621,Saben Lee  Point Guard | 2022-2022 (FA: 2023)  Originally signed w/ TOR,23,1,"$1,836,090","$1,836,090",
621,Devon Dotson  Point Guard | 2022-2022 (FA: 2023),23,1,"$1,836,090","$1,836,090",
621,Facundo Campazzo  Point Guard | 2022-2022 (FA: 2023),31,1,"$1,836,090","$1,836,090",
621,Luca Vildoza  Point Guard | 2022-2022 (FA: 2023),26,1,"$1,836,090","$1,836,090",
627,Julyan Stone  Point Guard | 2013-2013 (FA: 2014)  Originally signed w/ TOR,24,2,"$1,832,456","$916,228",
627,Donald Sloan  Point Guard | 2013-2014 (FA: 2015)  Originally signed w/ IND,25,2,"$1,832,456","$916,228",
629,Jannero Pargo  Point Guard | 2007-2007 (FA: 2008)  Originally signed w/ NOH,27,1,"$1,830,000","$1,830,000",
630,Royal Ivey  Point Guard | 2004-2006 (FA: 2007)  Originally signed w/ ATL,22,3,"$1,811,299","$603,766",
631,Sharife Cooper  Point Guard | 2023-2023 (FA: 2024),22,1,"$1,801,769","$1,801,769",
631,Scotty Pippen Jr.  Point Guard | 2023-2023 (FA: 2024),22,1,"$1,801,769","$1,801,769",
631,Brandon Williams  Point Guard | 2023-2023 (FA: 2024),23,1,"$1,801,769","$1,801,769",
631,Zavier Simpson  Point Guard | 2023-2023 (FA: 2024),26,1,"$1,801,769","$1,801,769",
635,Ryan Arcidiacono  Point Guard | 2021-2021 (FA: 2022)  Originally signed w/ BOS,27,1,"$1,789,256","$1,789,256",
635,Shaquille Harrison  Point Guard | 2021-2021 (FA: 2022)  Originally signed w/ PHI,27,1,"$1,789,256","$1,789,256",
635,Chasson Randle  Point Guard | 2021-2021 (FA: 2022)  Originally signed w/ PHX,28,1,"$1,789,256","$1,789,256",
635,Dennis Smith Jr.  Point Guard | 2021-2021 (FA: 2022)  Originally signed w/ POR,23,1,"$1,789,256","$1,789,256",
639,Wade Baldwin  Point Guard | 2017-2018 (FA: 2019)  Originally signed w/ POR,21,2,"$1,774,843","$887,422",
640,Casper Ware  Point Guard | 2013-2016 (FA: 2014)  Originally signed w/ PHI,24,3,"$1,772,408","$590,803",
641,Donald Sloan  Point Guard | 2018-2018 (FA: 2019),30,1,"$1,757,429","$1,757,429",
641,Michael Carter-Williams  Point Guard | 2018-2018 (FA: 2019)  Originally signed w/ HOU,26,1,"$1,757,429","$1,757,429",
641,Isaiah Canaan  Point Guard | 2018-2018 (FA: 2019)  Originally signed w/ PHX,27,1,"$1,757,429","$1,757,429",
644,Quinn Cook  Point Guard | 2020-2020 (FA: 2021)  Originally signed w/ LAL,27,1,"$1,737,145","$1,737,145",
644,Yogi Ferrell  Point Guard | 2020-2020 (FA: 2021)  Originally signed w/ UTA,27,1,"$1,737,145","$1,737,145",
644,Emmanuel Mudiay  Point Guard | 2019-2019 (FA: 2020)  Originally signed w/ UTA,23,1,"$1,737,145","$1,737,145",
644,Raul Neto  Point Guard | 2019-2019 (FA: 2020)  Originally signed w/ PHI,27,1,"$1,737,145","$1,737,145",
644,Tyler Ennis  Point Guard | 2019-2019 (FA: 2020),25,1,"$1,737,145","$1,737,145",
649,Brandon Goodwin  Point Guard | 2021-2021 (FA: 2022)  Originally signed w/ NYK,26,1,"$1,729,217","$1,729,217",
649,Brad Wanamaker  Point Guard | 2021-2021 (FA: 2022)  Originally signed w/ IND,32,1,"$1,729,217","$1,729,217",
649,Frank Mason III  Point Guard | 2021-2021 (FA: 2022),26,1,"$1,729,217","$1,729,217",
652,Darius Morris  Point Guard | 2014-2015 (FA: 2016)  Originally signed w/ BKN,23,2,"$1,718,177","$859,089",
653,Donald Sloan  Point Guard | 2017-2017 (FA: 2018)  Originally signed w/ WAS,29,1,"$1,709,538","$1,709,538",
654,Walter Lemon Jr.  Point Guard | 2018-2019 (FA: 2020)  Originally signed w/ CHI,25,2,"$1,687,338","$843,669",
655,Jaylen Adams  Point Guard | 2018-2019 (FA: 2020)  Originally signed w/ ATL,22,2,"$1,682,551","$841,276",
656,Chasson Randle  Point Guard | 2020-2020 (FA: 2021)  Originally signed w/ OKC,27,1,"$1,678,854","$1,678,854",
656,Shaquille Harrison  Point Guard | 2020-2020 (FA: 2021)  Originally signed w/ UTA,27,1,"$1,678,854","$1,678,854",
656,Frank Mason III  Point Guard | 2020-2020 (FA: 2021)  Originally signed w/ PHI,26,1,"$1,678,854","$1,678,854",
656,Jorge Gutierrez  Point Guard | 2019-2019 (FA: 2020),30,1,"$1,678,854","$1,678,854",
660,Tremont Waters  Point Guard | 2021-2021 (FA: 2022)  Originally signed w/ MIL,23,1,"$1,669,178","$1,669,178",
660,Jalen Lecque  Point Guard | 2021-2021 (FA: 2022),21,1,"$1,669,178","$1,669,178",
660,Derrick Walton Jr.  Point Guard | 2021-2021 (FA: 2022),26,1,"$1,669,178","$1,669,178",
660,David Stockton  Point Guard | 2021-2021 (FA: 2022)  Originally signed w/ MEM,30,1,"$1,669,178","$1,669,178",
660,Jared Harper  Point Guard | 2021-2021 (FA: 2022),24,1,"$1,669,178","$1,669,178",
665,Tim Quarterman  Point Guard | 2017-2018 (FA: 2019),23,2,"$1,641,357","$820,679",
666,Keifer Sykes  Point Guard | 2022-2022 (FA: 2023),28,1,"$1,637,966","$1,637,966",
666,Gabe York  Point Guard | 2022-2022 (FA: 2023),29,1,"$1,637,966","$1,637,966",
666,Grant Riller  Point Guard | 2022-2022 (FA: 2023),25,1,"$1,637,966","$1,637,966",
666,Jalen Harris  Point Guard | 2022-2022 (FA: 2023),24,1,"$1,637,966","$1,637,966",
666,Zavier Simpson  Point Guard | 2022-2022 (FA: 2023)  Originally signed w/ ORL,25,1,"$1,637,966","$1,637,966",
666,David Johnson  Point Guard | 2022-2022 (FA: 2023),21,1,"$1,637,966","$1,637,966",
666,Sharife Cooper  Point Guard | 2022-2022 (FA: 2023),21,1,"$1,637,966","$1,637,966",
666,McKinley Wright IV  Point Guard | 2022-2022 (FA: 2023),23,1,"$1,637,966","$1,637,966",
666,Mac McClung  Point Guard | 2022-2022 (FA: 2023)  Originally signed w/ GSW,23,1,"$1,637,966","$1,637,966",
666,Mac McClung  Point Guard | 2022-2022 (FA: 2023)  Originally signed w/ PHI,23,1,"$1,637,966","$1,637,966",
666,Jordan Goodwin  Point Guard | 2022-2022 (FA: 2023)  Originally signed w/ WAS,23,1,"$1,637,966","$1,637,966",
666,Carlik Jones  Point Guard | 2022-2022 (FA: 2023),24,1,"$1,637,966","$1,637,966",
678,Lorenzo Brown  Point Guard | 2018-2018 (FA: 2019),27,1,"$1,621,415","$1,621,415",
678,Tim Frazier  Point Guard | 2018-2018 (FA: 2019)  Originally signed w/ MIL,27,1,"$1,621,415","$1,621,415",
680,P.J. Dozier  Point Guard | 2019-2019 (FA: 2020)  Originally signed w/ DEN,22,1,"$1,620,564","$1,620,564",
680,Derrick Walton Jr.  Point Guard | 2020-2020 (FA: 2021)  Originally signed w/ PHI,25,1,"$1,620,564","$1,620,564",
680,Élie Okobo  Point Guard | 2020-2020 (FA: 2021),23,1,"$1,620,564","$1,620,564",
680,Xavier Munford  Point Guard | 2019-2019 (FA: 2020),27,1,"$1,620,564","$1,620,564",
680,Tyler Ulis  Point Guard | 2019-2019 (FA: 2020),23,1,"$1,620,564","$1,620,564",
680,Chris Chiozza  Point Guard | 2020-2020 (FA: 2021),25,1,"$1,620,564","$1,620,564",
680,David Stockton  Point Guard | 2019-2019 (FA: 2020)  Originally signed w/ LAL,28,1,"$1,620,564","$1,620,564",
680,Demetrius Jackson  Point Guard | 2019-2019 (FA: 2020),24,1,"$1,620,564","$1,620,564",
680,Kobi Simmons  Point Guard | 2019-2019 (FA: 2020),22,1,"$1,620,564","$1,620,564",
680,Walter Lemon Jr.  Point Guard | 2019-2019 (FA: 2020),27,1,"$1,620,564","$1,620,564",
690,Briante Weber  Point Guard | 2016-2017 (FA: 2018)  Originally signed w/ CHA,24,2,"$1,600,005","$800,003",
691,David Stockton  Point Guard | 2017-2018 (FA: 2019)  Originally signed w/ UTA,25,2,"$1,589,446","$794,723",
692,Trey Burke  Point Guard | 2017-2017 (FA: 2018)  Originally signed w/ NYK,24,1,"$1,577,230","$1,577,230",
692,Isaiah Canaan  Point Guard | 2017-2017 (FA: 2018)  Originally signed w/ OKC,26,1,"$1,577,230","$1,577,230",
694,Briante Weber  Point Guard | 2018-2018 (FA: 2019),25,1,"$1,567,007","$1,567,007",
695,Quinn Cook  Point Guard | 2017-2018 (FA: 2019)  Originally signed w/ GSW,25,2,"$1,559,783","$779,892",
696,Raymond Felton  Point Guard | 2016-2016 (FA: 2017)  Originally signed w/ LAC,32,1,"$1,551,659","$1,551,659",
696,Jarrett Jack  Point Guard | 2016-2016 (FA: 2017)  Originally signed w/ ATL,32,1,"$1,551,659","$1,551,659",
696,Beno Udrih  Point Guard | 2016-2016 (FA: 2017)  Originally signed w/ MIA,33,1,"$1,551,659","$1,551,659",
699,Will Bynum  Point Guard | 2008-2009 (FA: 2010)  Originally signed w/ DET,25,2,"$1,537,014","$768,507",
700,Bobby Brown  Point Guard | 2017-2017 (FA: 2018),33,1,"$1,524,305","$1,524,305",
700,Julyan Stone  Point Guard | 2017-2018 (FA: 2019)  Originally signed w/ CHA,28,2,"$1,524,305","$762,153",
700,Kendall Marshall  Point Guard | 2017-2017 (FA: 2018),25,1,"$1,524,305","$1,524,305",
700,Shane Larkin  Point Guard | 2017-2017 (FA: 2018),24,1,"$1,524,305","$1,524,305",
704,Dwight Buycks  Point Guard | 2013-2014 (FA: 2015)  Originally signed w/ TOR,24,2,"$1,516,482","$758,241",
704,Shaquille Harrison  Point Guard | 2017-2018 (FA: 2019)  Originally signed w/ PHX,24,2,"$1,516,482","$758,241",
706,Isaiah Canaan  Point Guard | 2017-2017 (FA: 2018)  Originally signed w/ HOU,26,1,"$1,514,854","$1,514,854",
707,Tyler Ulis  Point Guard | 2018-2018 (FA: 2019)  Originally signed w/ GSW,22,1,"$1,512,601","$1,512,601",
707,Kay Felder  Point Guard | 2018-2018 (FA: 2019),23,1,"$1,512,601","$1,512,601",
707,Gary Payton II  Point Guard | 2018-2018 (FA: 2019)  Originally signed w/ POR,25,1,"$1,512,601","$1,512,601",
707,Isaiah Taylor  Point Guard | 2018-2018 (FA: 2019)  Originally signed w/ CLE,24,1,"$1,512,601","$1,512,601",
711,Mike James  Point Guard | 2013-2013 (FA: 2014),38,2,"$1,506,117","$753,059",
712,Shannon Brown  Point Guard | 2013-2013 (FA: 2014)  Originally signed w/ NYK,28,2,"$1,505,703","$752,852",
713,Nate Robinson  Point Guard | 2015-2015 (FA: 2016),31,1,"$1,499,187","$1,499,187",
713,Andre Miller  Point Guard | 2015-2015 (FA: 2016)  Originally signed w/ MIN,39,1,"$1,499,187","$1,499,187",
713,Ronnie Price  Point Guard | 2015-2015 (FA: 2016),32,1,"$1,499,187","$1,499,187",
716,Ashton Hagans  Point Guard | 2021-2021 (FA: 2022),22,1,"$1,489,065","$1,489,065",
716,Devin Cannady  Point Guard | 2021-2021 (FA: 2022),25,1,"$1,489,065","$1,489,065",
718,Maalik Wayns  Point Guard | 2017-2017 (FA: 2018),26,1,"$1,471,382","$1,471,382",
718,Briante Weber  Point Guard | 2017-2017 (FA: 2018)  Originally signed w/ LAL,24,1,"$1,471,382","$1,471,382",
720,Kendall Marshall  Point Guard | 2013-2013 (FA: 2014)  Originally signed w/ LAL,22,2,"$1,462,813","$731,407",
721,Chasson Randle  Point Guard | 2016-2017 (FA: 2018)  Originally signed w/ NYK,24,2,"$1,456,471","$728,236",
722,Marcus Paige  Point Guard | 2016-2017 (FA: 2018)  Originally signed w/ UTA,22,2,"$1,448,720","$724,360",
722,Gary Payton II  Point Guard | 2016-2017 (FA: 2018)  Originally signed w/ HOU,23,2,"$1,448,720","$724,360",
722,Isaiah Taylor  Point Guard | 2016-2017 (FA: 2018)  Originally signed w/ HOU,22,2,"$1,448,720","$724,360",
722,Ryan Arcidiacono  Point Guard | 2016-2017 (FA: 2018)  Originally signed w/ SAS,22,2,"$1,448,720","$724,360",
722,Fred VanVleet  Point Guard | 2016-2017 (FA: 2018)  Originally signed w/ TOR,22,2,"$1,448,720","$724,360",
722,Kyle Collinsworth  Point Guard | 2016-2017 (FA: 2018)  Originally signed w/ DAL,24,2,"$1,448,720","$724,360",
722,Cat Barber  Point Guard | 2016-2017 (FA: 2018)  Originally signed w/ PHI,22,2,"$1,448,720","$724,360",
722,Tim Quarterman  Point Guard | 2016-2017 (FA: 2018)  Originally signed w/ POR,21,2,"$1,448,720","$724,360",
730,Jannero Pargo  Point Guard | 2014-2014 (FA: 2015),34,1,"$1,448,490","$1,448,490",
731,Brad Wanamaker  Point Guard | 2019-2019 (FA: 2020)  Originally signed w/ BOS,29,1,"$1,445,697","$1,445,697",
731,Daryl Macon  Point Guard | 2019-2019 (FA: 2020),23,1,"$1,445,697","$1,445,697",
731,Justin Wright-Foreman  Point Guard | 2020-2020 (FA: 2021),22,1,"$1,445,697","$1,445,697",
731,Chris Chiozza  Point Guard | 2019-2019 (FA: 2020)  Originally signed w/ WAS,23,1,"$1,445,697","$1,445,697",
731,Jaylen Adams  Point Guard | 2019-2019 (FA: 2020),23,1,"$1,445,697","$1,445,697",
731,Joe Chealey  Point Guard | 2019-2019 (FA: 2020),23,1,"$1,445,697","$1,445,697",
731,Derrick Walton Jr.  Point Guard | 2019-2019 (FA: 2020)  Originally signed w/ LAC,24,1,"$1,445,697","$1,445,697",
731,Troy Caupain  Point Guard | 2019-2019 (FA: 2020),23,1,"$1,445,697","$1,445,697",
731,Kyle Collinsworth  Point Guard | 2019-2019 (FA: 2020),28,1,"$1,445,697","$1,445,697",
740,Jordan Farmar  Point Guard | 2016-2016 (FA: 2017),29,1,"$1,410,598","$1,410,598",
741,Will Bynum  Point Guard | 2016-2016 (FA: 2017),33,1,"$1,403,611","$1,403,611",
741,John Lucas III  Point Guard | 2016-2016 (FA: 2017),33,1,"$1,403,611","$1,403,611",
743,Yogi Ferrell  Point Guard | 2016-2017 (FA: 2018)  Originally signed w/ BKN,23,2,"$1,400,767","$700,384",
744,Ryan Boatright  Point Guard | 2015-2016 (FA: 2017)  Originally signed w/ BKN,22,2,"$1,399,729","$699,865",
745,Derek Fisher  Point Guard | 2013-2013 (FA: 2014),38,1,"$1,399,507","$1,399,507",
745,Mike James  Point Guard | 2013-2013 (FA: 2014),38,1,"$1,399,507","$1,399,507",
745,Earl Watson  Point Guard | 2013-2013 (FA: 2014),34,1,"$1,399,507","$1,399,507",
745,Jannero Pargo  Point Guard | 2013-2013 (FA: 2014)  Originally signed w/ CHA,33,1,"$1,399,507","$1,399,507",
749,Charlie Bell  Point Guard | 2005-2006 (FA: 2007),25,2,"$1,386,299","$693,150",
750,John Lucas III  Point Guard | 2015-2015 (FA: 2016)  Originally signed w/ MIA,32,1,"$1,356,146","$1,356,146",
751,Bryce Cotton  Point Guard | 2014-2015 (FA: 2014)  Originally signed w/ SAS,21,2,"$1,352,395","$676,198",
751,Will Cherry  Point Guard | 2014-2015 (FA: 2014)  Originally signed w/ TOR,23,2,"$1,352,395","$676,198",
751,Chris Crawford  Point Guard | 2014-2015 (FA: 2014)  Originally signed w/ CLE,21,2,"$1,352,395","$676,198",
754,Mike Bibby  Point Guard | 2011-2011 (FA: 2012),0,1,"$1,352,181","$1,352,181",
754,Anthony Carter  Point Guard | 2012-2012 (FA: 2013),0,1,"$1,352,181","$1,352,181",
754,Earl Boykins  Point Guard | 2010-2010 (FA: 2011)  Originally signed w/ MIL,33,1,"$1,352,181","$1,352,181",
754,Jason Williams  Point Guard | 2010-2010 (FA: 2011)  Originally signed w/ ORL,-,1,"$1,352,181","$1,352,181",
758,Scott Machado  Point Guard | 2018-2018 (FA: 2019),28,1,"$1,349,383","$1,349,383",
758,Kalin Lucas  Point Guard | 2018-2018 (FA: 2019)  Originally signed w/ SAC,29,1,"$1,349,383","$1,349,383",
758,Ryan Arcidiacono  Point Guard | 2018-2018 (FA: 2019)  Originally signed w/ CHI,24,1,"$1,349,383","$1,349,383",
758,Kyle Collinsworth  Point Guard | 2018-2018 (FA: 2019)  Originally signed w/ TOR,26,1,"$1,349,383","$1,349,383",
758,Chasson Randle  Point Guard | 2018-2018 (FA: 2019)  Originally signed w/ WAS,25,1,"$1,349,383","$1,349,383",
758,Kobi Simmons  Point Guard | 2018-2018 (FA: 2019)  Originally signed w/ CLE,21,1,"$1,349,383","$1,349,383",
758,Derrick Walton Jr.  Point Guard | 2018-2018 (FA: 2019)  Originally signed w/ CHI,23,1,"$1,349,383","$1,349,383",
765,Gary Payton II  Point Guard | 2016-2017 (FA: 2018)  Originally signed w/ MIL,24,2,"$1,347,777","$673,889",
766,Jordan Farmar  Point Guard | 2016-2016 (FA: 2017),29,1,"$1,344,217","$1,344,217",
767,Will Cherry  Point Guard | 2014-2015 (FA: 2016)  Originally signed w/ CLE,23,2,"$1,340,458","$670,229",
768,Jamaal Tinsley  Point Guard | 2013-2013 (FA: 2014),35,1,"$1,339,507","$1,339,507",
769,Quinn Cook  Point Guard | 2016-2017 (FA: 2018)  Originally signed w/ NOP,24,2,"$1,328,595","$664,298",
770,Sebastian Telfair  Point Guard | 2014-2014 (FA: 2015),29,1,"$1,316,809","$1,316,809",
770,Ronnie Price  Point Guard | 2014-2014 (FA: 2015)  Originally signed w/ LAL,31,1,"$1,316,809","$1,316,809",
772,Ty Lawson  Point Guard | 2016-2016 (FA: 2017)  Originally signed w/ SAC,28,1,"$1,315,448","$1,315,448",
773,Kalin Lucas  Point Guard | 2017-2017 (FA: 2018)  Originally signed w/ ORL,28,1,"$1,312,611","$1,312,611",
773,Larry Drew II  Point Guard | 2017-2017 (FA: 2018)  Originally signed w/ MIA,27,1,"$1,312,611","$1,312,611",
773,David Stockton  Point Guard | 2017-2017 (FA: 2018)  Originally signed w/ SAC,26,1,"$1,312,611","$1,312,611",
773,Xavier Munford  Point Guard | 2017-2017 (FA: 2018)  Originally signed w/ MIL,25,1,"$1,312,611","$1,312,611",
777,Josh Selby  Point Guard | 2011-2013 (FA: 2014)  Originally signed w/ MEM,20,2,"$1,312,195","$656,098",
778,Shannon Brown  Point Guard | 2014-2014 (FA: 2015),28,1,"$1,310,286","$1,310,286",
779,Peyton Siva  Point Guard | 2013-2013 (FA: 2013)  Originally signed w/ DET,22,2,"$1,306,662","$653,331",
779,Matthew Dellavedova  Point Guard | 2013-2014 (FA: 2015)  Originally signed w/ CLE,22,2,"$1,306,662","$653,331",
779,Dee Bost  Point Guard | 2013-2014 (FA: 2013)  Originally signed w/ POR,23,2,"$1,306,662","$653,331",
782,Chucky Atkins  Point Guard | 2009-2009 (FA: 2010)  Originally signed w/ DET,35,1,"$1,306,455","$1,306,455",
783,Jose Barea  Point Guard | 2014-2014 (FA: 2015),29,4,"$1,302,578","$325,645",
784,Lindsey Hunter  Point Guard | 0-2009 (FA: 2010),-1,1,"$1,300,000","$1,300,000",
785,Chris Quinn  Point Guard | 2012-2013 (FA: 2013),29,2,"$1,276,282","$638,141",
786,Shaun Livingston  Point Guard | 2013-2013 (FA: 2014)  Originally signed w/ BKN,27,1,"$1,272,279","$1,272,279",
786,Royal Ivey  Point Guard | 2013-2013 (FA: 2013)  Originally signed w/ ATL,31,1,"$1,272,279","$1,272,279",
786,Beno Udrih  Point Guard | 2013-2013 (FA: 2014)  Originally signed w/ NYK,31,1,"$1,272,279","$1,272,279",
789,D.J. Augustin  Point Guard | 2013-2013 (FA: 2013)  Originally signed w/ TOR,25,1,"$1,267,000","$1,267,000",
790,Marko Jaric  Point Guard | 2013-2013 (FA: 2013),34,1,"$1,265,977","$1,265,977",
790,Devin Harris  Point Guard | 2013-2013 (FA: 2014),30,1,"$1,265,977","$1,265,977",
792,Patrick Beverley  Point Guard | 2010-2011 (FA: 2012)  Originally signed w/ MIA,22,2,"$1,262,476","$631,238",
792,Armon Johnson  Point Guard | 2010-2011 (FA: 2012)  Originally signed w/ POR,21,2,"$1,262,476","$631,238",
792,Tyshawn Taylor  Point Guard | 2012-2013 (FA: 2013)  Originally signed w/ BKN,22,2,"$1,262,476","$631,238",
792,Maalik Wayns  Point Guard | 2012-2013 (FA: 2012)  Originally signed w/ PHI,20,2,"$1,262,476","$631,238",
792,Brian Roberts  Point Guard | 2012-2013 (FA: 2014)  Originally signed w/ NOH,26,2,"$1,262,476","$631,238",
797,Ishmael Smith  Point Guard | 2010-2010 (FA: 2011)  Originally signed w/ MEM,22,2,"$1,262,276","$631,138",
798,Sam Cassell  Point Guard | 2008-2008 (FA: 2009)  Originally signed w/ BOS,38,1,"$1,262,275","$1,262,275",
798,Stephon Marbury  Point Guard | 2008-2008 (FA: 2009),32,1,"$1,262,275","$1,262,275",
800,Chasson Randle  Point Guard | 2018-2018 (FA: 2019)  Originally signed w/ WAS,25,1,"$1,242,652","$1,242,652",
801,Alex Acker  Point Guard | 2005-2005 (FA: 2006)  Originally signed w/ DET,22,2,"$1,237,971","$618,986",
802,Jeremy Lin  Point Guard | 2010-2011 (FA: 2012)  Originally signed w/ GSW,21,2,"$1,235,799","$617,900",
802,Shelvin Mack  Point Guard | 2011-2011 (FA: 2012)  Originally signed w/ WAS,21,2,"$1,235,799","$617,900",
802,Charles Jenkins  Point Guard | 2011-2012 (FA: 2013)  Originally signed w/ GSW,22,2,"$1,235,799","$617,900",
802,Andrew Goudelock  Point Guard | 2011-2011 (FA: 2012)  Originally signed w/ LAL,23,2,"$1,235,799","$617,900",
802,Julyan Stone  Point Guard | 2011-2012 (FA: 2013)  Originally signed w/ DEN,23,2,"$1,235,799","$617,900",
807,Mike James  Point Guard | 2011-2011 (FA: 2012),35,1,"$1,229,255","$1,229,255",
807,Earl Watson  Point Guard | 2010-2010 (FA: 2011)  Originally signed w/ UTA,31,1,"$1,229,255","$1,229,255",
807,Jannero Pargo  Point Guard | 2012-2012 (FA: 2012)  Originally signed w/ WAS,32,1,"$1,229,255","$1,229,255",
810,Rodney Stuckey  Point Guard | 2014-2014 (FA: 2015),28,1,"$1,227,985","$1,227,985",
811,Jannero Pargo  Point Guard | 2011-2011 (FA: 2012)  Originally signed w/ ATL,31,1,"$1,223,166","$1,223,166",
811,Carlos Arroyo  Point Guard | 2010-2010 (FA: 0)  Originally signed w/ MIA,30,1,"$1,223,166","$1,223,166",
811,Eddie Gill  Point Guard | 2012-2012 (FA: 2012),34,1,"$1,223,166","$1,223,166",
811,Delonte West  Point Guard | 2012-2012 (FA: 2013),0,1,"$1,223,166","$1,223,166",
811,Royal Ivey  Point Guard | 2012-2012 (FA: 2013)  Originally signed w/ PHI,30,1,"$1,223,166","$1,223,166",
811,Marko Jaric  Point Guard | 2012-2012 (FA: 2012)  Originally signed w/ CHI,33,1,"$1,223,166","$1,223,166",
817,Lester Hudson  Point Guard | 2009-2010 (FA: 2009)  Originally signed w/ BOS,25,2,"$1,219,783","$609,892",
818,Anfernee Hardaway  Point Guard | 2007-2007 (FA: 2007),36,1,"$1,219,590","$1,219,590",
819,Lorenzo Brown  Point Guard | 2014-2015 (FA: 2016)  Originally signed w/ MIN,24,2,"$1,216,235","$608,118",
820,Henry Walker  Point Guard | 2014-2015 (FA: 2016),27,2,"$1,211,638","$605,819",
821,Brandon Jennings  Point Guard | 2016-2016 (FA: 2017)  Originally signed w/ WAS,27,1,"$1,200,000","$1,200,000",
822,Derrick Brown  Point Guard | 2009-2010 (FA: 2011)  Originally signed w/ CHA,21,2,"$1,194,008","$597,004",
823,Sean Singletary  Point Guard | 0-2009 (FA: 2010),-1,2,"$1,178,534","$589,267",
823,Bobby Brown  Point Guard | 0-2009 (FA: 2010)  Originally signed w/ LAC,-1985,2,"$1,178,534","$589,267",
825,Gary Payton  Point Guard | 2006-2006 (FA: 2007),37,1,"$1,178,348","$1,178,348",
826,Sundiata Gaines  Point Guard | 2010-2011 (FA: 2012)  Originally signed w/ NJN,-,2,"$1,150,000","$575,000",
827,Ramon Sessions  Point Guard | 2007-2008 (FA: 2009)  Originally signed w/ MIL,21,2,"$1,149,680","$574,840",
828,Matthew Dellavedova  Point Guard | 2015-2015 (FA: 2016)  Originally signed w/ CLE,24,1,"$1,147,276","$1,147,276",
829,Delonte West  Point Guard | 2011-2011 (FA: 2012),-,1,"$1,146,337","$1,146,337",
829,Nate Robinson  Point Guard | 2012-2012 (FA: 2013)  Originally signed w/ CHI,28,1,"$1,146,337","$1,146,337",
829,T.J. Ford  Point Guard | 2011-2011 (FA: 2012)  Originally signed w/ SAS,0,1,"$1,146,337","$1,146,337",
832,Aaron Brooks  Point Guard | 2014-2014 (FA: 2015)  Originally signed w/ CHI,29,1,"$1,145,685","$1,145,685",
833,Gabe Pruitt  Point Guard | 0-2009 (FA: 2010),-1,2,"$1,138,680","$569,340",
834,Gary Payton  Point Guard | 2005-2005 (FA: 2006),36,1,"$1,138,500","$1,138,500",
835,Max Heidegger  Point Guard | 2023-2023 (FA: 2024),26,1,"$1,119,563","$1,119,563",
835,Jordan Ford  Point Guard | 2023-2023 (FA: 2024),25,1,"$1,119,563","$1,119,563",
837,Derek Fisher  Point Guard | 2012-2012 (FA: 2012)  Originally signed w/ DAL,37,1,"$1,113,561","$1,113,561",
838,Shaun Livingston  Point Guard | 2012-2012 (FA: 2013)  Originally signed w/ WAS,27,1,"$1,108,044","$1,108,044",
839,Carlos Arroyo  Point Guard | 2009-2009 (FA: 2010)  Originally signed w/ MIA,30,1,"$1,107,572","$1,107,572",
840,Stephen Graham  Point Guard | 2013-2013 (FA: 2013),31,1,"$1,106,942","$1,106,942",
840,Jordan Farmar  Point Guard | 2013-2013 (FA: 2014)  Originally signed w/ LAL,26,1,"$1,106,942","$1,106,942",
842,Ishmael Smith  Point Guard | 2015-2015 (FA: 2016)  Originally signed w/ WAS,27,1,"$1,100,602","$1,100,602",
843,Jose Barea  Point Guard | 2006-2007 (FA: 2008),22,2,"$1,100,174","$550,087",
844,Gary Payton  Point Guard | 2004-2004 (FA: 2005)  Originally signed w/ BOS,35,1,"$1,100,000","$1,100,000",
845,John Lucas III  Point Guard | 2011-2011 (FA: 2012)  Originally signed w/ CHI,28,2,"$1,081,983","$540,992",
846,Delonte West  Point Guard | 2010-2010 (FA: 2011)  Originally signed w/ BOS,-,1,"$1,069,509","$1,069,509",
846,Nate Robinson  Point Guard | 2011-2011 (FA: 2012)  Originally signed w/ GSW,27,1,"$1,069,509","$1,069,509",
846,Ronnie Price  Point Guard | 2011-2011 (FA: 2012),28,1,"$1,069,509","$1,069,509",
849,Isaiah Canaan  Point Guard | 2017-2017 (FA: 2018)  Originally signed w/ PHX,26,1,"$1,069,308","$1,069,308",
850,A.J. Price  Point Guard | 2014-2014 (FA: 2014)  Originally signed w/ CLE,27,1,"$1,063,384","$1,063,384",
851,Ronnie Price  Point Guard | 2005-2006 (FA: 2007)  Originally signed w/ SAC,22,2,"$1,062,971","$531,486",
852,Othyus Jeffers  Point Guard | 2010-2010 (FA: 2011)  Originally signed w/ UTA,24,1,"$1,059,293","$1,059,293",
853,Brian Roberts  Point Guard | 2016-2016 (FA: 2017),30,1,"$1,050,961","$1,050,961",
854,Royal Ivey  Point Guard | 2009-2009 (FA: 2010)  Originally signed w/ PHI,27,1,"$1,050,000","$1,050,000",
855,Lester Hudson  Point Guard | 2014-2015 (FA: 2015),30,2,"$1,043,308","$521,654",
856,Zabian Dowdell  Point Guard | 2010-2011 (FA: 2012),-,2,"$1,031,246","$515,623",
857,Allen Iverson  Point Guard | 2009-2009 (FA: 2010),34,1,"$1,029,794","$1,029,794",
858,Lorenzo Brown  Point Guard | 2015-2016 (FA: 2017)  Originally signed w/ DET,25,2,"$1,021,268","$510,634",
859,Abdul Gaddy  Point Guard | 2022-2022 (FA: 2023),30,1,"$1,017,781","$1,017,781",
859,Jordan Ford  Point Guard | 2022-2022 (FA: 2023),24,1,"$1,017,781","$1,017,781",
859,Christian Vital  Point Guard | 2022-2022 (FA: 2023),25,1,"$1,017,781","$1,017,781",
859,Marcus Zegarowski  Point Guard | 2022-2022 (FA: 2023),24,1,"$1,017,781","$1,017,781",
859,D.J. Steward  Point Guard | 2022-2022 (FA: 2023),20,1,"$1,017,781","$1,017,781",
859,Kellan Grady  Point Guard | 2022-2022 (FA: 2023),24,1,"$1,017,781","$1,017,781",
859,Jamaree Bouyea  Point Guard | 2022-2022 (FA: 2023),23,1,"$1,017,781","$1,017,781",
859,Davion Mintz  Point Guard | 2022-2022 (FA: 2023),24,1,"$1,017,781","$1,017,781",
859,Jacob Gilyard  Point Guard | 2022-2022 (FA: 2023),24,1,"$1,017,781","$1,017,781",
859,James Akinjo  Point Guard | 2022-2022 (FA: 2023),21,1,"$1,017,781","$1,017,781",
869,Julyan Stone  Point Guard | 2016-2016 (FA: 2017)  Originally signed w/ IND,27,1,"$1,015,696","$1,015,696",
869,Ray McCallum  Point Guard | 2016-2016 (FA: 2017)  Originally signed w/ DET,25,1,"$1,015,696","$1,015,696",
869,Phil Pressey  Point Guard | 2016-2016 (FA: 2017),25,1,"$1,015,696","$1,015,696",
869,Jorge Gutierrez  Point Guard | 2016-2016 (FA: 2017)  Originally signed w/ BKN,27,1,"$1,015,696","$1,015,696",
873,Jimmer Fredette  Point Guard | 2015-2015 (FA: 2016)  Originally signed w/ SAS,26,1,"$1,015,421","$1,015,421",
873,Donald Sloan  Point Guard | 2015-2015 (FA: 2016)  Originally signed w/ BKN,27,1,"$1,015,421","$1,015,421",
875,A.J. Price  Point Guard | 2014-2014 (FA: 2015)  Originally signed w/ IND,28,1,"$1,007,087","$1,007,087",
876,C.J. Watson  Point Guard | 2009-2009 (FA: 2010)  Originally signed w/ GSW,25,1,"$1,000,497","$1,000,497",
877,Anthony Carter  Point Guard | 2010-2010 (FA: 2011)  Originally signed w/ NYK,-,1,"$1,000,000","$1,000,000",
877,Jannero Pargo  Point Guard | 2006-2006 (FA: 2007)  Originally signed w/ NOH,26,1,"$1,000,000","$1,000,000",
879,Stephen Graham  Point Guard | 2010-2011 (FA: 2012)  Originally signed w/ NJN,27,1,"$992,680","$992,680",
879,Chris Quinn  Point Guard | 2012-2012 (FA: 2013)  Originally signed w/ UTA,28,1,"$992,680","$992,680",
879,Von Wafer  Point Guard | 2011-2013 (FA: 2014),0,1,"$992,680","$992,680",
879,Luther Head  Point Guard | 0-2010 (FA: 2011),-1,1,"$992,680","$992,680",
883,Jorge Gutierrez  Point Guard | 2014-2015 (FA: 2016)  Originally signed w/ MIL,26,2,"$990,502","$495,251",
884,Shelvin Mack  Point Guard | 2012-2013 (FA: 2014)  Originally signed w/ ATL,22,2,"$987,414","$493,707",
885,Steve Blake  Point Guard | 2003-2004 (FA: 2005)  Originally signed w/ WAS,25,2,"$986,977","$493,489",
886,Julyan Stone  Point Guard | 2015-2015 (FA: 2016)  Originally signed w/ OKC,26,1,"$981,348","$981,348",
886,Pablo Prigioni  Point Guard | 2015-2015 (FA: 2016)  Originally signed w/ LAC,38,1,"$981,348","$981,348",
888,Ishmael Smith  Point Guard | 2014-2014 (FA: 2014)  Originally signed w/ HOU,26,1,"$981,084","$981,084",
889,Jerel McNeal  Point Guard | 2014-2015 (FA: 2016),27,2,"$974,195","$487,098",
890,Darius Morris  Point Guard | 2012-2012 (FA: 2013)  Originally signed w/ LAL,21,1,"$962,195","$962,195",
891,Jimmer Fredette  Point Guard | 2014-2014 (FA: 2015)  Originally signed w/ NOP,25,1,"$948,163","$948,163",
891,Darius Morris  Point Guard | 2014-2014 (FA: 2014)  Originally signed w/ POR,23,1,"$948,163","$948,163",
893,Aaron Brooks  Point Guard | 2013-2013 (FA: 2014)  Originally signed w/ HOU,28,1,"$947,907","$947,907",
893,A.J. Price  Point Guard | 2013-2013 (FA: 2013)  Originally signed w/ MIN,26,1,"$947,907","$947,907",
895,Phil Pressey  Point Guard | 2015-2015 (FA: 2016)  Originally signed w/ POR,24,1,"$947,276","$947,276",
896,Patty Mills  Point Guard | 2010-2010 (FA: 2011)  Originally signed w/ SAS,22,1,"$937,195","$937,195",
897,Jimmer Fredette  Point Guard | 2015-2015 (FA: 2016)  Originally signed w/ NOP,26,1,"$931,798","$931,798",
898,Mac McClung  Point Guard | 2021-2021 (FA: 2022)  Originally signed w/ LAL,22,1,"$925,258","$925,258",
898,MaCio Teague  Point Guard | 2021-2021 (FA: 2022),24,1,"$925,258","$925,258",
898,Daishen Nix  Point Guard | 2021-2021 (FA: 2022),19,1,"$925,258","$925,258",
898,Jeff Dowtin  Point Guard | 2021-2021 (FA: 2022)  Originally signed w/ ORL,24,1,"$925,258","$925,258",
898,D.J. Carton  Point Guard | 2021-2021 (FA: 2022),21,1,"$925,258","$925,258",
898,D.J. Steward  Point Guard | 2021-2021 (FA: 2022),19,1,"$925,258","$925,258",
898,R.J. Nembhard  Point Guard | 2021-2021 (FA: 2022),22,1,"$925,258","$925,258",
898,Zavier Simpson  Point Guard | 2021-2021 (FA: 2022)  Originally signed w/ OKC,24,1,"$925,258","$925,258",
898,Breein Tyree  Point Guard | 2021-2021 (FA: 2022),23,1,"$925,258","$925,258",
898,Jordan Goodwin  Point Guard | 2021-2021 (FA: 2022)  Originally signed w/ WAS,22,1,"$925,258","$925,258",
898,Keifer Sykes  Point Guard | 2021-2021 (FA: 2022)  Originally signed w/ IND,27,1,"$925,258","$925,258",
898,Christian Vital  Point Guard | 2021-2021 (FA: 2022)  Originally signed w/ HOU,24,1,"$925,258","$925,258",
898,Jordan Ford  Point Guard | 2021-2021 (FA: 2022)  Originally signed w/ LAC,23,1,"$925,258","$925,258",
898,Jordan Burns  Point Guard | 2021-2021 (FA: 2022),24,1,"$925,258","$925,258",
898,Ahmad Caver  Point Guard | 2021-2021 (FA: 2022)  Originally signed w/ MEM,25,1,"$925,258","$925,258",
898,Carlik Jones  Point Guard | 2021-2021 (FA: 2022)  Originally signed w/ DAL,23,1,"$925,258","$925,258",
898,Bryce Brown  Point Guard | 2021-2021 (FA: 2022),24,1,"$925,258","$925,258",
915,Ishmael Smith  Point Guard | 2014-2014 (FA: 2015)  Originally signed w/ OKC,26,1,"$923,373","$923,373",
916,Lester Hudson  Point Guard | 2013-2013 (FA: 2013)  Originally signed w/ UTA,29,1,"$916,099","$916,099",
917,Von Wafer  Point Guard | 2010-2010 (FA: 2011)  Originally signed w/ BOS,-,1,"$915,852","$915,852",
917,Orien Greene  Point Guard | 2012-2012 (FA: 2012),30,1,"$915,852","$915,852",
919,Jannero Pargo  Point Guard | 2002-2003 (FA: 2004)  Originally signed w/ LAL,22,2,"$913,137","$456,569",
920,Chucky Atkins  Point Guard | 2005-2005 (FA: 2006)  Originally signed w/ MEM,30,1,"$900,498","$900,498",
921,Randy Brown  Point Guard | 1995-1995 (FA: 1996)  Originally signed w/ CHI,26,1,"$900,000","$900,000",
922,Jeff Dowtin  Point Guard | 2020-2020 (FA: 2021)  Originally signed w/ ORL,23,1,"$898,310","$898,310",
922,Galen Robinson Jr  Point Guard | 2019-2019 (FA: 2020),22,1,"$898,310","$898,310",
922,Ahmad Caver  Point Guard | 2019-2019 (FA: 2020)  Originally signed w/ MEM,23,1,"$898,310","$898,310",
922,Christian Vital  Point Guard | 2020-2020 (FA: 2021)  Originally signed w/ MEM,23,1,"$898,310","$898,310",
922,Devin Cannady  Point Guard | 2019-2019 (FA: 2020)  Originally signed w/ BKN,23,1,"$898,310","$898,310",
922,B.J. Taylor  Point Guard | 2019-2019 (FA: 2020),22,1,"$898,310","$898,310",
922,Mike Scott  Point Guard | 2019-2019 (FA: 2020),26,1,"$898,310","$898,310",
922,Jalen Adams  Point Guard | 2019-2019 (FA: 2020),23,1,"$898,310","$898,310",
922,Sedrick Barefield  Point Guard | 2019-2019 (FA: 2020),22,1,"$898,310","$898,310",
922,Matt Farrell  Point Guard | 2019-2019 (FA: 2020),23,1,"$898,310","$898,310",
922,Alex Robinson  Point Guard | 2019-2019 (FA: 2020),24,1,"$898,310","$898,310",
922,Bryce Brown  Point Guard | 2019-2019 (FA: 2020)  Originally signed w/ BOS,22,1,"$898,310","$898,310",
922,Tre Kelley  Point Guard | 2020-2020 (FA: 2021),35,1,"$898,310","$898,310",
922,Tony Carr  Point Guard | 2020-2020 (FA: 2021),23,1,"$898,310","$898,310",
922,Justin Robinson  Point Guard | 2020-2020 (FA: 2021)  Originally signed w/ PHI,22,1,"$898,310","$898,310",
922,Bryce Brown  Point Guard | 2020-2020 (FA: 2021)  Originally signed w/ NYK,22,1,"$898,310","$898,310",
922,Shamorie Ponds  Point Guard | 2019-2019 (FA: 2020)  Originally signed w/ HOU,21,1,"$898,310","$898,310",
922,Ahmad Caver  Point Guard | 2020-2020 (FA: 2021)  Originally signed w/ MEM,23,1,"$898,310","$898,310",
922,Devin Cannady  Point Guard | 2020-2020 (FA: 2021),23,1,"$898,310","$898,310",
922,William McDowell-White  Point Guard | 2019-2019 (FA: 2020),21,1,"$898,310","$898,310",
922,Shaquille Harrison  Point Guard | 2019-2019 (FA: 2020),25,1,"$898,310","$898,310",
922,Zavier Simpson  Point Guard | 2020-2020 (FA: 2021)  Originally signed w/ LAL,22,1,"$898,310","$898,310",
922,Jordan Ford  Point Guard | 2020-2020 (FA: 2021)  Originally signed w/ LAC,22,1,"$898,310","$898,310",
922,Breein Tyree  Point Guard | 2020-2020 (FA: 2021)  Originally signed w/ MIA,22,1,"$898,310","$898,310",
922,Breein Tyree  Point Guard | 2020-2020 (FA: 2021),22,1,"$898,310","$898,310",
922,Abdul Gaddy  Point Guard | 2019-2019 (FA: 2020),27,1,"$898,310","$898,310",
922,Lamar Peters  Point Guard | 2019-2019 (FA: 2020),21,1,"$898,310","$898,310",
922,Justin Simon  Point Guard | 2019-2019 (FA: 2020),23,1,"$898,310","$898,310",
950,Phil Pressey  Point Guard | 2015-2015 (FA: 2016)  Originally signed w/ PHI,24,1,"$897,126","$897,126",
951,Tim Frazier  Point Guard | 2014-2015 (FA: 2016)  Originally signed w/ POR,24,2,"$895,803","$447,902",
952,Jannero Pargo  Point Guard | 2005-2005 (FA: 2006)  Originally signed w/ CHI,25,1,"$895,248","$895,248",
953,Kyle Weaver  Point Guard | 2012-2012 (FA: 2012),0,1,"$885,120","$885,120",
953,Derrick Brown  Point Guard | 2012-2012 (FA: 2012),25,1,"$885,120","$885,120",
953,A.J. Price  Point Guard | 2012-2012 (FA: 2013)  Originally signed w/ WAS,25,1,"$885,120","$885,120",
953,Jonny Flynn  Point Guard | 2012-2012 (FA: 2012),0,1,"$885,120","$885,120",
953,Sundiata Gaines  Point Guard | 2012-2012 (FA: 2013),0,1,"$885,120","$885,120",
958,Othyus Jeffers  Point Guard | 2013-2013 (FA: 2013),28,1,"$884,293","$884,293",
959,Chris Quinn  Point Guard | 2010-2010 (FA: 2011)  Originally signed w/ SAS,26,1,"$875,147","$875,147",
960,Casper Ware  Point Guard | 2016-2016 (FA: 2017),26,1,"$874,636","$874,636",
960,Xavier Munford  Point Guard | 2016-2016 (FA: 2017)  Originally signed w/ LAC,24,1,"$874,636","$874,636",
962,Jorge Gutierrez  Point Guard | 2013-2014 (FA: 2015)  Originally signed w/ BKN,25,2,"$874,150","$437,075",
963,Chasson Randle  Point Guard | 2018-2018 (FA: 2019)  Originally signed w/ WAS,25,1,"$869,094","$869,094",
964,David Stockton  Point Guard | 2014-2015 (FA: 2016)  Originally signed w/ SAC,23,2,"$856,996","$428,498",
965,Marcus Williams  Point Guard | 0-2009 (FA: 2010)  Originally signed w/ MEM,-1,1,"$855,189","$855,189",
966,Royal Ivey  Point Guard | 2008-2008 (FA: 2009)  Originally signed w/ PHI,26,1,"$854,957","$854,957",
967,Derrick Brown  Point Guard | 2011-2011 (FA: 2012)  Originally signed w/ CHA,24,1,"$854,389","$854,389",
967,Othyus Jeffers  Point Guard | 2012-2012 (FA: 2012)  Originally signed w/ PHX,27,1,"$854,389","$854,389",
967,Armon Johnson  Point Guard | 2012-2012 (FA: 2012),23,1,"$854,389","$854,389",
967,Ben Uzoh  Point Guard | 2012-2012 (FA: 2012),0,1,"$854,389","$854,389",
967,Ben Uzoh  Point Guard | 2012-2012 (FA: 2012),0,1,"$854,389","$854,389",
972,Maalik Wayns  Point Guard | 2012-2013 (FA: 2013)  Originally signed w/ LAC,21,2,"$847,376","$423,688",
973,Matt Janning  Point Guard | 2015-2015 (FA: 2016),27,1,"$845,059","$845,059",
974,Gabe Vincent  Point Guard | 2018-2018 (FA: 2019)  Originally signed w/ SAC,22,1,"$838,464","$838,464",
974,Angel Rodriguez  Point Guard | 2018-2018 (FA: 2019),25,1,"$838,464","$838,464",
974,Matt Farrell  Point Guard | 2018-2018 (FA: 2019)  Originally signed w/ PHI,22,1,"$838,464","$838,464",
974,Abdul Gaddy  Point Guard | 2018-2018 (FA: 2019),26,1,"$838,464","$838,464",
974,Will Cherry  Point Guard | 2018-2018 (FA: 2019),27,1,"$838,464","$838,464",
974,Shannon Scott  Point Guard | 2018-2018 (FA: 2019),25,1,"$838,464","$838,464",
974,Travis Trice  Point Guard | 2018-2018 (FA: 2019),25,1,"$838,464","$838,464",
974,Isaiah Cousins  Point Guard | 2018-2018 (FA: 2019),24,1,"$838,464","$838,464",
974,Brad Wanamaker  Point Guard | 2018-2018 (FA: 2019)  Originally signed w/ BOS,28,1,"$838,464","$838,464",
974,Joel Berry  Point Guard | 2018-2018 (FA: 2019),23,1,"$838,464","$838,464",
974,Joe Chealey  Point Guard | 2018-2018 (FA: 2019),22,1,"$838,464","$838,464",
974,Rob Gray  Point Guard | 2018-2018 (FA: 2019),24,1,"$838,464","$838,464",
974,Jordan McLaughlin  Point Guard | 2018-2018 (FA: 2019)  Originally signed w/ BKN,22,1,"$838,464","$838,464",
974,Trey Lewis  Point Guard | 2018-2018 (FA: 2019),25,1,"$838,464","$838,464",
974,Brandon Goodwin  Point Guard | 2018-2018 (FA: 2019)  Originally signed w/ MEM,22,1,"$838,464","$838,464",
974,Gabe York  Point Guard | 2018-2018 (FA: 2019)  Originally signed w/ ORL,25,1,"$838,464","$838,464",
974,Chris Chiozza  Point Guard | 2018-2018 (FA: 2019)  Originally signed w/ WAS,22,1,"$838,464","$838,464",
974,Kendrick Nunn  Point Guard | 2018-2018 (FA: 2019)  Originally signed w/ GSW,22,1,"$838,464","$838,464",
974,Jonathan Stark  Point Guard | 2018-2018 (FA: 2019),23,1,"$838,464","$838,464",
993,Von Wafer  Point Guard | 2008-2008 (FA: 2009)  Originally signed w/ HOU,-,1,"$826,269","$826,269",
994,Ben Hansbrough  Point Guard | 2014-2014 (FA: 2014),26,1,"$816,482","$816,482",
994,Lorenzo Brown  Point Guard | 2014-2014 (FA: 2015)  Originally signed w/ PHI,24,1,"$816,482","$816,482",
994,Peyton Siva  Point Guard | 2014-2014 (FA: 0),23,1,"$816,482","$816,482",
997,Marcus Williams  Point Guard | 2017-2017 (FA: 2018),0,1,"$815,615","$815,615",
997,Andrew Andrews  Point Guard | 2017-2017 (FA: 2018),24,1,"$815,615","$815,615",
997,P.J. Dozier  Point Guard | 2017-2017 (FA: 2018)  Originally signed w/ DAL,20,1,"$815,615","$815,615",
997,Melo Trimble  Point Guard | 2017-2017 (FA: 2018),22,1,"$815,615","$815,615",
997,George De Paula  Point Guard | 2017-2017 (FA: 2018),21,1,"$815,615","$815,615",
997,Jeremy Senglin  Point Guard | 2017-2017 (FA: 2018),22,1,"$815,615","$815,615",
997,Bronson Koenig  Point Guard | 2017-2017 (FA: 2018),22,1,"$815,615","$815,615",
997,T.J. Williams  Point Guard | 2017-2017 (FA: 2018),22,1,"$815,615","$815,615",
997,Troy Caupain  Point Guard | 2017-2017 (FA: 2018)  Originally signed w/ ORL,21,1,"$815,615","$815,615",
997,Isaiah Briscoe  Point Guard | 2017-2017 (FA: 2018)  Originally signed w/ POR,21,1,"$815,615","$815,615",
1007,Josh Akognon  Point Guard | 2012-2013 (FA: 2013)  Originally signed w/ DAL,27,2,"$802,802","$401,401",
1008,Carlos Arroyo  Point Guard | 2003-2003 (FA: 2004)  Originally signed w/ UTA,23,1,"$800,000","$800,000",
1009,Royal Ivey  Point Guard | 2007-2007 (FA: 2008)  Originally signed w/ MIL,25,1,"$798,328","$798,328",
1010,Shannon Brown  Point Guard | 2008-2008 (FA: 2009)  Originally signed w/ CHA,22,1,"$797,581","$797,581",
1011,Scott Machado  Point Guard | 2012-2013 (FA: 2013)  Originally signed w/ GSW,22,2,"$791,658","$395,829",
1012,Scott Machado  Point Guard | 2013-2013 (FA: 2013)  Originally signed w/ UTA,23,1,"$788,872","$788,872",
1012,Chris Wright  Point Guard | 2013-2013 (FA: 2013)  Originally signed w/ TOR,23,1,"$788,872","$788,872",
1012,Diante Garrett  Point Guard | 2013-2013 (FA: 2013)  Originally signed w/ OKC,24,1,"$788,872","$788,872",
1015,Beno Udrih  Point Guard | 2007-2007 (FA: 2008)  Originally signed w/ SAC,25,1,"$788,349","$788,349",
1016,Rafer Alston  Point Guard | 2009-2010 (FA: 2010),32,1,"$780,668","$780,668",
1017,Jay Williams  Point Guard | 2006-2006 (FA: 2007),24,1,"$771,331","$771,331",
1018,Von Wafer  Point Guard | 2007-2007 (FA: 2008)  Originally signed w/ DEN,-,1,"$770,610","$770,610",
1019,Donald Sloan  Point Guard | 2012-2012 (FA: 2012)  Originally signed w/ CLE,23,1,"$762,195","$762,195",
1019,Walker Russell Jr  Point Guard | 2012-2012 (FA: 2012),29,1,"$762,195","$762,195",
1021,D.J. Augustin  Point Guard | 2013-2013 (FA: 2014)  Originally signed w/ CHI,26,1,"$755,459","$755,459",
1022,Rafer Alston  Point Guard | 1999-2000 (FA: 2001)  Originally signed w/ MIL,23,2,"$725,375","$362,688",
1023,C.J. Watson  Point Guard | 2008-2008 (FA: 2009)  Originally signed w/ GSW,23,1,"$711,517","$711,517",
1023,Alex Acker  Point Guard | 2008-2008 (FA: 2009)  Originally signed w/ DET,25,1,"$711,517","$711,517",
1025,Bryce Cotton  Point Guard | 2015-2015 (FA: 2016)  Originally signed w/ PHX,22,1,"$700,902","$700,902",
1026,Jeremy Lin  Point Guard | 2018-2018 (FA: 2019),30,1,"$697,358","$697,358",
1027,Jannero Pargo  Point Guard | 2004-2004 (FA: 2005)  Originally signed w/ CHI,24,1,"$695,046","$695,046",
1028,Rafer Alston  Point Guard | 2003-2003 (FA: 2004),27,1,"$688,679","$688,679",
1029,Bobby Brown  Point Guard | 2016-2016 (FA: 2017),32,1,"$680,534","$680,534",
1030,Gal Mekel  Point Guard | 2014-2014 (FA: 2015),26,1,"$638,777","$638,777",
1031,Mike James  Point Guard | 2012-2012 (FA: 2013)  Originally signed w/ DAL,36,1,"$636,320","$636,320",
1032,Rafer Alston  Point Guard | 2001-2001 (FA: 2002)  Originally signed w/ MIN,25,1,"$625,000","$625,000",
1033,Mike James  Point Guard | 2017-2017 (FA: 2018)  Originally signed w/ PHX,27,1,"$580,607","$580,607",
1034,Mike James  Point Guard | 2011-2011 (FA: 2012),35,1,"$574,517","$574,517",
1035,Carlos Arroyo  Point Guard | 2002-2002 (FA: 2003)  Originally signed w/ UTA,22,1,"$546,000","$546,000",
1036,Yogi Ferrell  Point Guard | 2016-2016 (FA: 2017)  Originally signed w/ BKN,23,1,"$543,471","$543,471",
1036,Chasson Randle  Point Guard | 2016-2016 (FA: 2017)  Originally signed w/ NYK,23,1,"$543,471","$543,471",
1036,Trey Freeman  Point Guard | 2016-2016 (FA: 2017),23,1,"$543,471","$543,471",
1036,Andrew Andrews  Point Guard | 2016-2016 (FA: 2017)  Originally signed w/ CHA,23,1,"$543,471","$543,471",
1036,Shaquille Harrison  Point Guard | 2016-2016 (FA: 2017)  Originally signed w/ PHX,22,1,"$543,471","$543,471",
1036,Josh Magette  Point Guard | 2016-2016 (FA: 2017)  Originally signed w/ ATL,26,1,"$543,471","$543,471",
1036,Bobby Brown  Point Guard | 2016-2016 (FA: 2017),31,1,"$543,471","$543,471",
1036,Marcus Denmon  Point Guard | 2016-2016 (FA: 2017),26,1,"$543,471","$543,471",
1036,Brady Heslip  Point Guard | 2016-2016 (FA: 2017),26,1,"$543,471","$543,471",
1036,Chris Crawford  Point Guard | 2016-2016 (FA: 2017),23,1,"$543,471","$543,471",
1036,Quinn Cook  Point Guard | 2016-2016 (FA: 2017)  Originally signed w/ NOP,23,1,"$543,471","$543,471",
1036,Isaiah Cousins  Point Guard | 2016-2016 (FA: 2017)  Originally signed w/ SAC,22,1,"$543,471","$543,471",
1048,Bobby Brown  Point Guard | 2017-2017 (FA: 2018),33,1,"$533,937","$533,937",
1049,Tu Holloway  Point Guard | 2015-2015 (FA: 2016),26,1,"$525,093","$525,093",
1049,Stefhon Hannah  Point Guard | 2015-2015 (FA: 2016),30,1,"$525,093","$525,093",
1049,Deonte Burton  Point Guard | 2015-2015 (FA: 2016),23,1,"$525,093","$525,093",
1049,Keith Appling  Point Guard | 2015-2015 (FA: 2016),23,1,"$525,093","$525,093",
1049,Ryan Boatright  Point Guard | 2015-2015 (FA: 2016),22,1,"$525,093","$525,093",
1049,Shannon Scott  Point Guard | 2015-2015 (FA: 2016)  Originally signed w/ TOR,22,1,"$525,093","$525,093",
1049,Bryce Dejean-Jones  Point Guard | 2015-2015 (FA: 2016),22,1,"$525,093","$525,093",
1049,Corey Hawkins  Point Guard | 2015-2015 (FA: 2016),24,1,"$525,093","$525,093",
1049,Remi Yusuf  Point Guard | 2015-2015 (FA: 2016),0,1,"$525,093","$525,093",
1049,Will Cummings  Point Guard | 2015-2015 (FA: 2016),22,1,"$525,093","$525,093",
1049,Marcelo Huertas  Point Guard | 2015-2015 (FA: 2016)  Originally signed w/ LAL,32,1,"$525,093","$525,093",
1049,Lazeric Jones  Point Guard | 2015-2015 (FA: 2016),25,1,"$525,093","$525,093",
1049,Travis Trice  Point Guard | 2015-2015 (FA: 2016)  Originally signed w/ NYK,22,1,"$525,093","$525,093",
1049,Juwan Staten  Point Guard | 2015-2015 (FA: 2016),23,1,"$525,093","$525,093",
1049,Edgar Sosa  Point Guard | 2015-2015 (FA: 2016),27,1,"$525,093","$525,093",
1049,Jaron Johnson  Point Guard | 2015-2015 (FA: 2016),23,1,"$525,093","$525,093",
1049,Tre Kelley  Point Guard | 2015-2015 (FA: 2016)  Originally signed w/ MIA,30,1,"$525,093","$525,093",
1049,Jake Anderson  Point Guard | 2015-2015 (FA: 2016),28,1,"$525,093","$525,093",
1049,Quinn Cook  Point Guard | 2015-2015 (FA: 2016)  Originally signed w/ CLE,22,1,"$525,093","$525,093",
1049,Keifer Sykes  Point Guard | 2015-2015 (FA: 2016)  Originally signed w/ SAS,21,1,"$525,093","$525,093",
1049,Bo McCalebb  Point Guard | 2015-2015 (FA: 2016),30,1,"$525,093","$525,093",
1049,Briante Weber  Point Guard | 2015-2015 (FA: 2016),22,1,"$525,093","$525,093",
1049,Erik Atkins  Point Guard | 2015-2015 (FA: 2016),23,1,"$525,093","$525,093",
1072,Jason Williams  Point Guard | 2010-2010 (FA: 2011),-,1,"$524,964","$524,964",
1073,Ishmael Smith  Point Guard | 2011-2011 (FA: 2012)  Originally signed w/ ORL,23,1,"$522,472","$522,472",
1074,Shelvin Mack  Point Guard | 2012-2012 (FA: 2013)  Originally signed w/ WAS,22,1,"$511,119","$511,119",
1075,Pierre Jackson  Point Guard | 2014-2014 (FA: 2014)  Originally signed w/ PHI,22,1,"$507,336","$507,336",
1075,Kalin Lucas  Point Guard | 2014-2014 (FA: 2014)  Originally signed w/ MEM,25,1,"$507,336","$507,336",
1075,Larry Drew II  Point Guard | 2014-2014 (FA: 0)  Originally signed w/ MIA,24,1,"$507,336","$507,336",
1075,Deonte Burton  Point Guard | 2014-2014 (FA: 2015)  Originally signed w/ SAC,23,1,"$507,336","$507,336",
1075,Tim Frazier  Point Guard | 2014-2014 (FA: 0)  Originally signed w/ BOS,23,1,"$507,336","$507,336",
1075,Brady Heslip  Point Guard | 2014-2014 (FA: 2014)  Originally signed w/ MIN,24,1,"$507,336","$507,336",
1075,Aaron Craft  Point Guard | 2014-2014 (FA: 2014),22,1,"$507,336","$507,336",
1075,Chris Crawford  Point Guard | 2014-2014 (FA: 2015)  Originally signed w/ CLE,21,1,"$507,336","$507,336",
1075,Justin Cobbs  Point Guard | 2014-2014 (FA: 2014),23,1,"$507,336","$507,336",
1075,Keith Appling  Point Guard | 2014-2014 (FA: 2015)  Originally signed w/ LAL,22,1,"$507,336","$507,336",
1075,Joe Jackson  Point Guard | 2014-2014 (FA: 2015),22,1,"$507,336","$507,336",
1075,David Stockton  Point Guard | 2014-2014 (FA: 2015)  Originally signed w/ WAS,23,1,"$507,336","$507,336",
1075,Stephen Holt  Point Guard | 2014-2014 (FA: 2015),0,1,"$507,336","$507,336",
1075,Yuki Togashi  Point Guard | 2014-2014 (FA: 2014),21,1,"$507,336","$507,336",
1089,Willie Warren  Point Guard | 2010-2010 (FA: 2011),-,1,"$500,000","$500,000",
1090,Lorenzo Brown  Point Guard | 2013-2013 (FA: 2013)  Originally signed w/ MIN,23,1,"$490,180","$490,180",
1090,Richard McConnell  Point Guard | 2013-2013 (FA: 2013),24,1,"$490,180","$490,180",
1090,Kalin Lucas  Point Guard | 2013-2013 (FA: 2013)  Originally signed w/ CHI,24,1,"$490,180","$490,180",
1090,Kammron Taylor  Point Guard | 2013-2013 (FA: 2013),29,1,"$490,180","$490,180",
1090,Larry Drew II  Point Guard | 2013-2013 (FA: 2013)  Originally signed w/ MIA,23,1,"$490,180","$490,180",
1090,Abdul Gaddy  Point Guard | 2013-2013 (FA: 2013)  Originally signed w/ CHA,21,1,"$490,180","$490,180",
1090,Jorge Gutierrez  Point Guard | 2013-2013 (FA: 2013)  Originally signed w/ BKN,24,1,"$490,180","$490,180",
1090,Myck Kabongo  Point Guard | 2013-2013 (FA: 2013),21,1,"$490,180","$490,180",
1098,Kalin Lucas  Point Guard | 2014-2014 (FA: 0)  Originally signed w/ MEM,25,1,"$486,446","$486,446",
1099,Pablo Prigioni  Point Guard | 2012-2012 (FA: 2013)  Originally signed w/ NYK,35,1,"$473,604","$473,604",
1099,Sherron Collins  Point Guard | 0-2010 (FA: 2011)  Originally signed w/ CHA,-1,1,"$473,604","$473,604",
1099,Ben Hansbrough  Point Guard | 2012-2012 (FA: 2013)  Originally signed w/ IND,24,1,"$473,604","$473,604",
1099,Oscar Bellfield  Point Guard | 2012-2012 (FA: 2012),22,1,"$473,604","$473,604",
1099,Josh Akognon  Point Guard | 2012-2012 (FA: 2012)  Originally signed w/ DAL,26,1,"$473,604","$473,604",
1099,Jerel McNeal  Point Guard | 2012-2012 (FA: 2012)  Originally signed w/ TOR,25,1,"$473,604","$473,604",
1099,Chris Wright  Point Guard | 2012-2012 (FA: 2012)  Originally signed w/ NOH,22,1,"$473,604","$473,604",
1099,D'Aundray Brown  Point Guard | 2012-2012 (FA: 2012),24,1,"$473,604","$473,604",
1099,Hank Thorns  Point Guard | 2012-2012 (FA: 2012),23,1,"$473,604","$473,604",
1099,Diante Garrett  Point Guard | 2012-2012 (FA: 2013)  Originally signed w/ PHX,23,1,"$473,604","$473,604",
1099,Pooh Jeter  Point Guard | 2010-2010 (FA: 2011),-,1,"$473,604","$473,604",
1099,Ben Uzoh  Point Guard | 2010-2010 (FA: 2011)  Originally signed w/ NJN,-,1,"$473,604","$473,604",
1099,Darius Morris  Point Guard | 2011-2011 (FA: 2012)  Originally signed w/ LAL,20,1,"$473,604","$473,604",
1099,Donald Sloan  Point Guard | 2011-2011 (FA: 2012)  Originally signed w/ ATL,22,1,"$473,604","$473,604",
1113,Jonathan Gibson  Point Guard | 2016-2016 (FA: 2017)  Originally signed w/ DAL,29,1,"$469,943","$469,943",
1114,Patty Mills  Point Guard | 2009-2009 (FA: 2010)  Originally signed w/ POR,21,1,"$457,588","$457,588",
1114,Mustafa Shakur  Point Guard | 0-0 (FA: 2010),-1,1,"$457,588","$457,588",
1116,Mike Bibby  Point Guard | 2010-2010 (FA: 2011)  Originally signed w/ MIA,-,1,"$450,727","$450,727",
1117,Dontell Jefferson  Point Guard | 0-0 (FA: 2009),-1,1,"$442,114","$442,114",
1118,Kalin Lucas  Point Guard | 2014-2014 (FA: 2015)  Originally signed w/ MEM,25,1,"$441,681","$441,681",
1119,Ronnie Price  Point Guard | 2016-2016 (FA: 2017),33,1,"$438,115","$438,115",
1120,C.J. Watson  Point Guard | 2007-2007 (FA: 2007)  Originally signed w/ CHA,23,1,"$427,163","$427,163",
1121,Derrick Rose  Point Guard | 2017-2017 (FA: 2018)  Originally signed w/ MIN,29,1,"$418,607","$418,607",
1122,Larry Hughes  Point Guard | 2011-2011 (FA: 0)  Originally signed w/ ORL,-,1,"$414,443","$414,443",
1123,Derek Fisher  Point Guard | 2012-2012 (FA: 2013),37,1,"$413,608","$413,608",
1124,Carlos Arroyo  Point Guard | 2011-2011 (FA: 2012),31,1,"$412,854","$412,854",
1125,Deron Williams  Point Guard | 2016-2016 (FA: 2017),32,1,"$410,733","$410,733",
1126,Von Wafer  Point Guard | 2005-2005 (FA: 0)  Originally signed w/ LAL,-,1,"$398,762","$398,762",
1126,John Lucas III  Point Guard | 2005-2005 (FA: 2005)  Originally signed w/ TOR,22,1,"$398,762","$398,762",
1128,Andre Miller  Point Guard | 2015-2015 (FA: 2016),39,1,"$396,844","$396,844",
1129,Jose Calderon  Point Guard | 2016-2016 (FA: 2017)  Originally signed w/ ATL,35,1,"$392,478","$392,478",
1130,Chris Duhon  Point Guard | 2004-2004 (FA: 2005)  Originally signed w/ CHI,22,1,"$385,277","$385,277",
1131,Walker Russell Jr  Point Guard | 2011-2011 (FA: 2012)  Originally signed w/ DET,29,1,"$374,300","$374,300",
1132,Shaun Livingston  Point Guard | 2008-2008 (FA: 2009)  Originally signed w/ MIA,22,1,"$370,000","$370,000",
1133,Mo Williams  Point Guard | 2003-2003 (FA: 2004)  Originally signed w/ UTA,20,1,"$366,931","$366,931",
1134,Ramon Sessions  Point Guard | 2017-2017 (FA: 2018),31,1,"$355,218","$355,218",
1135,Rafer Alston  Point Guard | 2002-2002 (FA: 2003)  Originally signed w/ TOR,25,1,"$351,043","$351,043",
1136,Pierre Jackson  Point Guard | 2016-2016 (FA: 2017),25,1,"$342,067","$342,067",
1137,John Lucas III  Point Guard | 2014-2014 (FA: 2015)  Originally signed w/ DET,32,1,"$336,966","$336,966",
1138,Earl Watson  Point Guard | 2001-2001 (FA: 2002)  Originally signed w/ SEA,22,1,"$332,817","$332,817",
1138,Carlos Arroyo  Point Guard | 2001-2001 (FA: 2002)  Originally signed w/ TOR,22,1,"$332,817","$332,817",
1140,Shaun Livingston  Point Guard | 2009-2009 (FA: 2010)  Originally signed w/ OKC,23,1,"$296,695","$296,695",
1141,Norris Cole  Point Guard | 2016-2016 (FA: 2017),28,1,"$288,131","$288,131",
1142,Jannero Pargo  Point Guard | 2010-2010 (FA: 2011)  Originally signed w/ CHI,30,1,"$280,215","$280,215",
1143,Ty Lawson  Point Guard | 2015-2015 (FA: 2016)  Originally signed w/ IND,28,1,"$265,058","$265,058",
1144,Patty Mills  Point Guard | 2011-2011 (FA: 2012)  Originally signed w/ SAS,23,1,"$261,829","$261,829",
1145,Larry Hughes  Point Guard | 2010-2010 (FA: 2010),-,1,"$254,528","$254,528",
1146,Jimmer Fredette  Point Guard | 2013-2013 (FA: 2014)  Originally signed w/ CHI,25,1,"$239,279","$239,279",
1147,Tim Frazier  Point Guard | 2018-2018 (FA: 2019)  Originally signed w/ MIL,28,1,"$210,692","$210,692",
1148,Yogi Ferrell  Point Guard | 2016-2017 (FA: 2018)  Originally signed w/ DAL,23,1,"$207,798","$207,798",
1149,Mike James  Point Guard | 2011-2011 (FA: 2012),35,1,"$204,875","$204,875",
1150,Andrew Goudelock  Point Guard | 2015-2015 (FA: 2017),27,1,"$200,600","$200,600",
1151,Jimmer Fredette  Point Guard | 2018-2018 (FA: 2020),30,1,"$198,580","$198,580",
1152,C.J. Watson  Point Guard | 2007-2007 (FA: 2008)  Originally signed w/ GSW,22,1,"$192,733","$192,733",
1153,Jorge Gutierrez  Point Guard | 2015-2015 (FA: 2016)  Originally signed w/ CHA,27,1,"$189,455","$189,455",
1154,Earl Boykins  Point Guard | 2011-2011 (FA: 2012),34,1,"$130,856","$130,856",
1155,Jordan Farmar  Point Guard | 2015-2015 (FA: 2016)  Originally signed w/ MEM,29,1,"$119,660","$119,660",
1156,Lester Hudson  Point Guard | 2009-2010 (FA: 2011)  Originally signed w/ WAS,24,1,"$101,626","$101,626",
1157,Charlie Bell  Point Guard | 2001-2001 (FA: 0)  Originally signed w/ PHX,21,1,"$89,292","$89,292",
1158,Marquis Teague  Point Guard | 2017-2017 (FA: 2018),25,1,"$74,816","$74,816",
1159,Jannero Pargo  Point Guard | 2012-2012 (FA: 2012)  Originally signed w/ CHA,33,10,"$72,309","$7,231",
1160,Will Bynum  Point Guard | 2014-2014 (FA: 2015)  Originally signed w/ WAS,32,1,"$72,234","$72,234",
1161,Lester Hudson  Point Guard | 2011-2011 (FA: 2012)  Originally signed w/ MEM,26,1,"$51,780","$51,780",
1162,Tim Frazier  Point Guard | 2015-2015 (FA: 2016)  Originally signed w/ NOP,24,2,"$49,709","$24,855",
1163,Othyus Jeffers  Point Guard | 2013-2013 (FA: 2014),28,1,"$46,816","$46,816",
1164,Jonathan Gibson  Point Guard | 2017-2017 (FA: 2018),30,1,"$44,495","$44,495",
1165,Armon Johnson  Point Guard | 2011-2011 (FA: 2012)  Originally signed w/ NJN,21,1,"$34,644","$34,644",
1166,Scott Machado  Point Guard | 2012-2012 (FA: 2012)  Originally signed w/ GSW,22,10,"$27,859","$2,786",
1167,Von Wafer  Point Guard | 2006-2006 (FA: 0)  Originally signed w/ LAC,-,1,"$24,300","$24,300",
1168,John Lucas III  Point Guard | 2005-2005 (FA: 2005)  Originally signed w/ TOR,22,10,"$23,457","$2,346",
1168,John Lucas III  Point Guard | 2005-2005 (FA: 2005)  Originally signed w/ TOR,22,10,"$23,457","$2,346",
1170,Xavier Munford  Point Guard | 2015-2015 (FA: 2016)  Originally signed w/ MEM,23,1,"$21,621","$21,621",
1171,Andrew Goudelock  Point Guard | 2012-2012 (FA: 2013)  Originally signed w/ LAL,24,1,"$17,934","$17,934",
1172,Bryce Cotton  Point Guard | 2015-2015 (FA: 2016),23,1,"$14,913","$14,913",
1173,Ty Lawson  Point Guard | 2017-2017 (FA: 2018),30,1,"$11,901","$11,901",
1174,Lorenzo Brown  Point Guard | 2017-2017 (FA: 2018),27,1,"$8,612","$8,612",
2,Devin Booker  Shooting Guard | 2024-2027 (FA: 2028),25,4,"$222,656,000","$55,664,000",
3,Zach LaVine  Shooting Guard | 2022-2026 (FA: 2027),27,5,"$215,159,700","$43,031,940",
4,Anthony Edwards  Shooting Guard | 2024-2028 (FA: 2029),21,5,"$205,900,000","$41,180,000",
5,Desmond Bane  Shooting Guard | 2024-2028 (FA: 2029),25,5,"$197,230,450","$39,446,090",
6,Klay Thompson  Shooting Guard | 2019-2023 (FA: 2024),29,5,"$189,903,600","$37,980,720",
7,Paul George  Shooting Guard | 2021-2024 (FA: 2025),30,4,"$176,265,466","$44,066,367",
8,James Harden  Shooting Guard | 2019-2022 (FA: 2023)  Originally signed w/ HOU,27,4,"$171,131,520","$42,782,880",
9,Donovan Mitchell  Shooting Guard | 2021-2025 (FA: 2026)  Originally signed w/ UTA,24,5,"$163,000,300","$32,600,060",
10,Devin Booker  Shooting Guard | 2019-2023 (FA: 2024),21,5,"$158,253,000","$31,650,600",
11,Paul George  Shooting Guard | 2018-2021 (FA: 0)  Originally signed w/ OKC,28,4,"$136,911,936","$34,227,984",
12,Jordan Poole  Shooting Guard | 2023-2026 (FA: 2027)  Originally signed w/ GSW,23,4,"$128,000,000","$32,000,000",
13,Bradley Beal  Shooting Guard | 2016-2020 (FA: 2021)  Originally signed w/ WAS,23,5,"$127,171,313","$25,434,263",
14,Joe Johnson  Shooting Guard | 2010-2015 (FA: 2016)  Originally signed w/ ATL,28,6,"$123,658,089","$20,609,682",
15,Tyler Herro  Shooting Guard | 2023-2026 (FA: 2027),22,4,"$120,000,000","$30,000,000",
16,James Harden  Shooting Guard | 2016-2019 (FA: 2020)  Originally signed w/ HOU,26,4,"$117,964,846","$29,491,212",
17,Gilbert Arenas  Shooting Guard | 2008-2010 (FA: 2011)  Originally signed w/ WAS,26,6,"$111,000,000","$18,500,000",
18,Dwyane Wade  Shooting Guard | 2010-2015 (FA: 2016),28,6,"$107,186,000","$17,864,333",
19,R.J. Barrett  Shooting Guard | 2023-2026 (FA: 2027),22,4,"$107,000,000","$26,750,000",
20,C.J. McCollum  Shooting Guard | 2017-2020 (FA: 2021)  Originally signed w/ POR,24,4,"$106,633,449","$26,658,362",
21,Michael Finley  Shooting Guard | 2001-2007 (FA: 2008),28,7,"$101,141,999","$14,448,857",
22,Allan Houston  Shooting Guard | 2001-2006 (FA: 2007),30,6,"$100,387,500","$16,731,250",
23,Anfernee Simons  Shooting Guard | 2022-2025 (FA: 2026),23,4,"$100,000,000","$25,000,000",
23,C.J. McCollum  Shooting Guard | 2021-2023 (FA: 2024)  Originally signed w/ POR,27,3,"$100,000,000","$33,333,333",
25,Buddy Hield  Shooting Guard | 2020-2023 (FA: 2024)  Originally signed w/ SAC,26,4,"$94,000,000","$23,500,000",
26,Tracy McGrady  Shooting Guard | 2000-2006 (FA: 0)  Originally signed w/ TOR,21,7,"$92,960,250","$13,280,036",
27,Paul George  Shooting Guard | 2014-2018 (FA: 2018)  Originally signed w/ IND,23,5,"$91,572,660","$18,314,532",
28,Michael Redd  Shooting Guard | 2005-2010 (FA: 2011)  Originally signed w/ MIL,25,6,"$90,100,000","$15,016,667",
29,Norman Powell  Shooting Guard | 2021-2025 (FA: 2026)  Originally signed w/ POR,28,5,"$90,000,000","$18,000,000",
30,Evan Fournier  Shooting Guard | 2016-2020 (FA: 2021)  Originally signed w/ ORL,23,5,"$85,000,000","$17,000,000",
30,Victor Oladipo  Shooting Guard | 2017-2020 (FA: 2021),24,4,"$85,000,000","$21,250,000",
32,Gary Harris  Shooting Guard | 2018-2021 (FA: 2022)  Originally signed w/ DEN,23,4,"$84,000,000","$21,000,000",
33,Luguentz Dort  Shooting Guard | 2022-2026 (FA: 2027),23,5,"$82,500,000","$16,500,000",
34,Ray Allen  Shooting Guard | 2005-2009 (FA: 2010)  Originally signed w/ SEA,29,5,"$81,000,000","$16,200,000",
35,Josh Hart  Shooting Guard | 2024-2027 (FA: 2028),28,4,"$80,915,280","$20,228,820",
36,Vince Carter  Shooting Guard | 2007-2011 (FA: 2011)  Originally signed w/ NJN,29,5,"$79,989,750","$15,997,950",
37,James Harden  Shooting Guard | 2013-2017 (FA: 2018)  Originally signed w/ HOU,23,5,"$78,782,188","$15,756,438",
38,Zach LaVine  Shooting Guard | 2018-2021 (FA: 2022),23,4,"$78,000,000","$19,500,000",
39,Eric Gordon  Shooting Guard | 2020-2023 (FA: 2024)  Originally signed w/ HOU,30,4,"$75,574,356","$18,893,589",
40,Tim Hardaway Jr.  Shooting Guard | 2021-2024 (FA: 2025),29,4,"$75,000,000","$18,750,000",
40,Joe Harris  Shooting Guard | 2020-2023 (FA: 2024)  Originally signed w/ BKN,29,4,"$75,000,000","$18,750,000",
42,Allen Crabbe  Shooting Guard | 2016-2019 (FA: 2020)  Originally signed w/ POR,24,4,"$74,832,500","$18,708,125",
43,Keldon Johnson  Shooting Guard | 2023-2026 (FA: 2027),22,4,"$74,000,000","$18,500,000",
44,Evan Fournier  Shooting Guard | 2021-2024 (FA: 2025),28,4,"$73,000,000","$18,250,000",
45,Bogdan Bogdanovic  Shooting Guard | 2020-2023 (FA: 0),28,4,"$72,000,000","$18,000,000",
46,Tim Hardaway Jr.  Shooting Guard | 2017-2020 (FA: 2021)  Originally signed w/ NYK,25,4,"$70,950,000","$17,737,500",
47,Ray Allen  Shooting Guard | 1999-2004 (FA: 2005)  Originally signed w/ MIL,23,6,"$70,880,000","$11,813,333",
48,Bradley Beal  Shooting Guard | 2021-2022 (FA: 2023)  Originally signed w/ WAS,26,2,"$70,146,336","$35,073,168",
49,Wesley Matthews  Shooting Guard | 2015-2018 (FA: 2019)  Originally signed w/ DAL,28,4,"$70,060,026","$17,515,007",
50,Kent Bazemore  Shooting Guard | 2016-2019 (FA: 2020)  Originally signed w/ ATL,27,4,"$70,000,000","$17,500,000",
51,Jason Richardson  Shooting Guard | 2005-2010 (FA: 2011)  Originally signed w/ GSW,23,6,"$69,999,993","$11,666,666",
52,Klay Thompson  Shooting Guard | 2015-2018 (FA: 2019),24,4,"$68,979,450","$17,244,863",
53,James Harden  Shooting Guard | 2022-2023 (FA: 2024),32,2,"$68,640,000","$34,320,000",
54,Bogdan Bogdanovic  Shooting Guard | 2023-2026 (FA: 2027),30,4,"$68,000,000","$17,000,000",
55,Joe Johnson  Shooting Guard | 2005-2009 (FA: 2010)  Originally signed w/ PHX,23,5,"$67,441,887","$13,488,377",
56,Monta Ellis  Shooting Guard | 2008-2013 (FA: 2013)  Originally signed w/ GSW,22,6,"$66,000,000","$11,000,000",
57,Kevin Huerter  Shooting Guard | 2022-2025 (FA: 2026)  Originally signed w/ ATL,23,4,"$65,000,000","$16,250,000",
58,Richard Hamilton  Shooting Guard | 2003-2009 (FA: 2010)  Originally signed w/ DET,25,7,"$64,312,500","$9,187,500",
59,C.J. McCollum  Shooting Guard | 2024-2025 (FA: 2026),32,2,"$63,999,999","$32,000,000",
60,Vince Carter  Shooting Guard | 2002-2006 (FA: 2007)  Originally signed w/ TOR,24,5,"$62,923,438","$12,584,688",
61,Tracy McGrady  Shooting Guard | 2007-2009 (FA: 2010)  Originally signed w/ HOU,25,3,"$62,624,186","$20,874,729",
62,Max Strus  Shooting Guard | 2023-2026 (FA: 2027)  Originally signed w/ MIA,27,4,"$62,297,040","$15,574,260",
63,Malik Beasley  Shooting Guard | 2020-2023 (FA: 2024)  Originally signed w/ MIN,24,4,"$60,000,000","$15,000,000","$300,000"
64,Eric Gordon  Shooting Guard | 2012-2015 (FA: 2016)  Originally signed w/ NOH,23,4,"$58,365,563","$14,591,391",
65,Jason Terry  Shooting Guard | 2006-2011 (FA: 2012)  Originally signed w/ DAL,28,6,"$58,023,000","$9,670,500",
66,J.R. Smith  Shooting Guard | 2016-2019 (FA: 2020)  Originally signed w/ CLE,31,4,"$57,000,000","$14,250,000",
67,Luke Kennard  Shooting Guard | 2021-2024 (FA: 2025)  Originally signed w/ LAC,24,4,"$56,000,000","$14,000,000",
68,Jamal Crawford  Shooting Guard | 2004-2010 (FA: 2011)  Originally signed w/ CHI,24,7,"$55,440,000","$7,920,000",
69,Austin Reaves  Shooting Guard | 2023-2026 (FA: 2027),25,4,"$53,827,872","$13,456,968",
70,Kevin Martin  Shooting Guard | 2008-2012 (FA: 2013)  Originally signed w/ SAC,24,5,"$53,000,025","$10,600,005",
71,Will Barton  Shooting Guard | 2018-2021 (FA: 2022)  Originally signed w/ DEN,27,4,"$53,000,000","$13,250,000",
72,Eric Gordon  Shooting Guard | 2016-2019 (FA: 0)  Originally signed w/ HOU,27,4,"$52,886,489","$13,221,622",
73,Caris LeVert  Shooting Guard | 2020-2022 (FA: 2023)  Originally signed w/ BKN,24,3,"$52,500,000","$17,500,000",
74,Manu Ginobili  Shooting Guard | 2004-2009 (FA: 2010),26,6,"$52,000,001","$8,666,667",
75,Dion Waiters  Shooting Guard | 2017-2020 (FA: 2021)  Originally signed w/ MIA,25,4,"$52,000,000","$13,000,000",
76,Gary Trent Jr.  Shooting Guard | 2021-2023 (FA: 2024),22,3,"$51,840,000","$17,280,000",
77,Jordan Clarkson  Shooting Guard | 2020-2023 (FA: 2024),28,4,"$51,520,000","$12,880,000",
78,Gilbert Arenas  Shooting Guard | 2003-2007 (FA: 2008)  Originally signed w/ WAS,20,5,"$51,216,000","$10,243,200",
79,Ben Gordon  Shooting Guard | 2009-2013 (FA: 2013)  Originally signed w/ DET,26,5,"$50,000,000","$10,000,000",
79,Jordan Clarkson  Shooting Guard | 2016-2019 (FA: 2020)  Originally signed w/ LAL,24,4,"$50,000,000","$12,500,000",
79,Tyler Johnson  Shooting Guard | 2016-2019 (FA: 2020)  Originally signed w/ MIA,24,4,"$50,000,000","$12,500,000",
82,Courtney Lee  Shooting Guard | 2016-2019 (FA: 2020)  Originally signed w/ NYK,30,4,"$48,003,340","$12,000,835",
83,Kirk Hinrich  Shooting Guard | 2007-2011 (FA: 2012)  Originally signed w/ CHI,25,5,"$47,750,000","$9,550,000",
84,Mike Miller  Shooting Guard | 2004-2009 (FA: 2010)  Originally signed w/ MEM,23,6,"$47,528,582","$7,921,430",
85,Dwyane Wade  Shooting Guard | 2016-2017 (FA: 2018)  Originally signed w/ CHI,34,2,"$47,000,000","$23,500,000",
86,Donte DiVincenzo  Shooting Guard | 2023-2026 (FA: 2027),26,4,"$46,870,000","$11,717,500",
87,Tony Snell  Shooting Guard | 2017-2020 (FA: 2021)  Originally signed w/ MIL,25,4,"$46,000,000","$11,500,000",
88,Bruce Brown Jr.  Shooting Guard | 2023-2024 (FA: 2025),26,2,"$45,000,000","$22,500,000",
89,Anthony Edwards  Shooting Guard | 2020-2023 (FA: 2024),19,4,"$44,271,137","$11,067,784",
90,Tyreke Evans  Shooting Guard | 2013-2016 (FA: 2017)  Originally signed w/ SAC,23,4,"$44,000,004","$11,000,001",
91,Monta Ellis  Shooting Guard | 2015-2018 (FA: 2019),29,4,"$43,981,000","$10,995,250",
92,Dwyane Wade  Shooting Guard | 2007-2009 (FA: 2010),24,3,"$43,231,743","$14,410,581",
93,Landry Shamet  Shooting Guard | 2022-2025 (FA: 2026)  Originally signed w/ PHX,24,4,"$42,500,000","$10,625,000",
94,Jamal Crawford  Shooting Guard | 2016-2018 (FA: 2019)  Originally signed w/ LAC,36,3,"$42,000,000","$14,000,000",
94,Michael Finley  Shooting Guard | 1998-2002 (FA: 2003)  Originally signed w/ DAL,24,5,"$42,000,000","$8,400,000",
94,Alec Burks  Shooting Guard | 2015-2018 (FA: 2019)  Originally signed w/ UTA,23,4,"$42,000,000","$10,500,000",
97,Josh Richardson  Shooting Guard | 2018-2021 (FA: 0),24,4,"$41,965,056","$10,491,264",
97,Norman Powell  Shooting Guard | 2018-2021 (FA: 2022)  Originally signed w/ TOR,24,4,"$41,965,056","$10,491,264",
99,Jalen Green  Shooting Guard | 2021-2024 (FA: 2025),19,4,"$40,808,448","$10,202,112",
100,Iman Shumpert  Shooting Guard | 2015-2018 (FA: 2019)  Originally signed w/ CLE,25,4,"$40,000,000","$10,000,000",
101,Kentavious Caldwell-Pope  Shooting Guard | 2020-2022 (FA: 0)  Originally signed w/ LAL,27,3,"$39,116,585","$13,038,862",
102,Manu Ginobili  Shooting Guard | 2010-2012 (FA: 2013),32,3,"$38,943,114","$12,981,038",
103,Josh Hart  Shooting Guard | 2021-2023 (FA: 0)  Originally signed w/ NOP,26,3,"$37,920,000","$12,640,000",
104,Richard Hamilton  Shooting Guard | 2010-2010 (FA: 2011)  Originally signed w/ DET,31,3,"$37,500,000","$12,500,000",
105,Alex Caruso  Shooting Guard | 2021-2024 (FA: 2025),26,4,"$36,980,000","$9,245,000",
106,Arron Afflalo  Shooting Guard | 2011-2014 (FA: 2015)  Originally signed w/ DEN,26,5,"$36,712,500","$7,342,500",
107,R.J. Barrett  Shooting Guard | 2019-2022 (FA: 0),19,4,"$35,596,275","$8,899,069",
108,Austin Rivers  Shooting Guard | 2016-2018 (FA: 2019)  Originally signed w/ LAC,23,3,"$35,475,000","$11,825,000",
109,Allan Houston  Shooting Guard | 1996-2000 (FA: 2001),24,5,"$35,000,000","$7,000,000",
110,De'Anthony Melton  Shooting Guard | 2020-2023 (FA: 2024)  Originally signed w/ MEM,22,4,"$34,627,688","$8,656,922",
111,E'Twaun Moore  Shooting Guard | 2016-2019 (FA: 2020)  Originally signed w/ NOP,27,4,"$34,000,000","$8,500,000",
112,Michael Jordan  Shooting Guard | 1997-1997 (FA: 1998)  Originally signed w/ CHI,34,1,"$33,140,000","$33,140,000",
113,Matisse Thybulle  Shooting Guard | 2023-2025 (FA: 2026),26,3,"$33,075,000","$11,025,000",
114,Leandro Barbosa  Shooting Guard | 2007-2011 (FA: 2012)  Originally signed w/ TOR,23,5,"$33,000,000","$6,600,000",
115,Jaden Ivey  Shooting Guard | 2022-2025 (FA: 2026),20,4,"$32,951,083","$8,237,771",
116,Anthony Black  Shooting Guard | 2023-2026 (FA: 2027),19,4,"$32,929,836","$8,232,459",
117,Wesley Matthews  Shooting Guard | 2010-2014 (FA: 2015)  Originally signed w/ POR,23,5,"$32,526,600","$6,505,320","$5,690,000"
118,Caris LeVert  Shooting Guard | 2023-2024 (FA: 2025),28,2,"$32,000,000","$16,000,000",
118,Seth Curry  Shooting Guard | 2019-2022 (FA: 2023),28,4,"$32,000,000","$8,000,000",
120,Jeremy Lamb  Shooting Guard | 2019-2021 (FA: 2022)  Originally signed w/ IND,27,3,"$31,500,000","$10,500,000",
121,Marcus Thornton  Shooting Guard | 2011-2014 (FA: 2015)  Originally signed w/ SAC,24,4,"$31,150,000","$7,787,500",
122,Dwyane Wade  Shooting Guard | 2014-2015 (FA: 2016),32,2,"$31,125,000","$15,562,500",
123,Talen Horton-Tucker  Shooting Guard | 2021-2023 (FA: 2024)  Originally signed w/ LAL,20,3,"$30,780,000","$10,260,000",
124,Kentavious Caldwell-Pope  Shooting Guard | 2023-2024 (FA: 2025),29,2,"$30,145,123","$15,072,562",
125,Michael Jordan  Shooting Guard | 1996-1996 (FA: 1997)  Originally signed w/ CHI,33,1,"$30,140,000","$30,140,000",
126,Alec Burks  Shooting Guard | 2021-2023 (FA: 2024)  Originally signed w/ NYK,30,3,"$30,038,400","$10,012,800",
127,Andre Roberson  Shooting Guard | 2017-2019 (FA: 2020)  Originally signed w/ OKC,25,3,"$30,000,000","$10,000,000",
127,Will Barton  Shooting Guard | 2021-2022 (FA: 2023)  Originally signed w/ DEN,29,2,"$30,000,000","$15,000,000",
127,Tomas Satoransky  Shooting Guard | 2019-2021 (FA: 2022),27,3,"$30,000,000","$10,000,000",
130,Jalen Suggs  Shooting Guard | 2021-2024 (FA: 2025),20,4,"$29,955,705","$7,488,926",
131,Bennedict Mathurin  Shooting Guard | 2022-2025 (FA: 2026),20,4,"$29,936,173","$7,484,043",
132,Greg Buckner  Shooting Guard | 0-2010 (FA: 2011),-1,5,"$29,500,000","$5,900,000",
133,Isaac Okoro  Shooting Guard | 2020-2023 (FA: 2024),19,4,"$29,083,315","$7,270,829",
134,Mike Miller  Shooting Guard | 2010-2014 (FA: 2015)  Originally signed w/ MIA,30,5,"$29,000,000","$5,800,000",
135,Jordan Clarkson  Shooting Guard | 2024-2025 (FA: 2026),31,2,"$28,378,291","$14,189,146",
136,Pat Connaughton  Shooting Guard | 2023-2025 (FA: 2026),29,3,"$28,271,607","$9,423,869",
137,J.J. Redick  Shooting Guard | 2013-2016 (FA: 2017)  Originally signed w/ MIL,29,4,"$27,755,000","$6,938,750",
137,Kevin Martin  Shooting Guard | 2013-2016 (FA: 2017)  Originally signed w/ MIN,29,4,"$27,755,000","$6,938,750",
139,Shaedon Sharpe  Shooting Guard | 2022-2025 (FA: 2026),19,4,"$27,340,903","$6,835,226",
140,Josh Giddey  Shooting Guard | 2021-2024 (FA: 2025),18,4,"$27,214,807","$6,803,702",
141,Josh Jackson  Shooting Guard | 2017-2019 (FA: 2020)  Originally signed w/ PHX,20,4,"$27,121,282","$6,780,321",
142,Brent Barry  Shooting Guard | 1998-2003 (FA: 2004)  Originally signed w/ CHI,26,6,"$27,000,000","$4,500,000",
142,Bogdan Bogdanovic  Shooting Guard | 2017-2019 (FA: 2020)  Originally signed w/ SAC,24,3,"$27,000,000","$9,000,000",
144,J.J. Redick  Shooting Guard | 2019-2020 (FA: 2021)  Originally signed w/ NOP,35,2,"$26,500,000","$13,250,000",
145,Jarrett Culver  Shooting Guard | 2019-2022 (FA: 2022)  Originally signed w/ MIN,20,4,"$26,422,143","$6,605,536",
146,Gary Harris  Shooting Guard | 2022-2023 (FA: 2024),27,2,"$26,000,000","$13,000,000",
147,Michael Jordan  Shooting Guard | 1988-1995 (FA: 0)  Originally signed w/ CHI,25,8,"$25,700,000","$3,212,500",
148,Monta Ellis  Shooting Guard | 2013-2015 (FA: 2016)  Originally signed w/ DAL,27,3,"$25,080,000","$8,360,000",
149,Arron Afflalo  Shooting Guard | 2016-2017 (FA: 2018)  Originally signed w/ SAC,30,2,"$25,000,000","$12,500,000",
149,Louis Williams  Shooting Guard | 2008-2011 (FA: 2012)  Originally signed w/ PHI,21,5,"$25,000,000","$5,000,000",
151,Jason Richardson  Shooting Guard | 2011-2014 (FA: 2015)  Originally signed w/ ORL,30,4,"$24,000,000","$6,000,000",
151,Louis Williams  Shooting Guard | 2018-2020 (FA: 2021)  Originally signed w/ LAC,31,3,"$24,000,000","$8,000,000",
151,Kyle Korver  Shooting Guard | 2013-2016 (FA: 2017)  Originally signed w/ ATL,32,4,"$24,000,000","$6,000,000",
151,O.J. Mayo  Shooting Guard | 2013-2015 (FA: 2016),25,3,"$24,000,000","$8,000,000",
151,Garrett Temple  Shooting Guard | 2016-2018 (FA: 2019)  Originally signed w/ SAC,30,3,"$24,000,000","$8,000,000",
156,Raja Bell  Shooting Guard | 2005-2009 (FA: 2010)  Originally signed w/ PHX,28,5,"$23,750,000","$4,750,000",
157,Corey Brewer  Shooting Guard | 2015-2017 (FA: 2018)  Originally signed w/ HOU,29,3,"$23,420,913","$7,806,971",
158,Matt Carroll  Shooting Guard | 2007-2011 (FA: 2012)  Originally signed w/ CHA,26,5,"$23,400,000","$4,680,000",
159,Francisco Garcia  Shooting Guard | 2009-2012 (FA: 2014)  Originally signed w/ SAC,27,4,"$23,200,000","$5,800,000",
160,Jett Howard  Shooting Guard | 2023-2026 (FA: 2027),19,4,"$23,172,779","$5,793,195",
161,J.J. Redick  Shooting Guard | 2017-2017 (FA: 2018)  Originally signed w/ PHI,33,1,"$23,000,000","$23,000,000",
162,Jason Terry  Shooting Guard | 2003-2005 (FA: 2006)  Originally signed w/ ATL,25,3,"$22,500,000","$7,500,000",
163,Kyle Korver  Shooting Guard | 2017-2019 (FA: 2020)  Originally signed w/ CLE,36,3,"$22,060,000","$7,353,333",
164,Terance Mann  Shooting Guard | 2023-2024 (FA: 2025),24,2,"$22,000,000","$11,000,000",
165,Kyle Korver  Shooting Guard | 2005-2009 (FA: 2010)  Originally signed w/ PHI,23,5,"$21,993,999","$4,398,800",
166,Johnny Davis  Shooting Guard | 2022-2025 (FA: 2026),20,4,"$21,898,509","$5,474,627",
167,Joe Johnson  Shooting Guard | 2016-2017 (FA: 2018)  Originally signed w/ UTA,35,2,"$21,505,000","$10,752,500",
168,Victor Oladipo  Shooting Guard | 2013-2016 (FA: 0)  Originally signed w/ ORL,20,4,"$21,487,440","$5,371,860",
169,Gradey Dick  Shooting Guard | 2023-2026 (FA: 2027),19,4,"$21,422,551","$5,355,638",
170,Jamal Crawford  Shooting Guard | 2012-2015 (FA: 2016)  Originally signed w/ LAC,32,4,"$21,350,000","$5,337,500",
170,Courtney Lee  Shooting Guard | 2012-2015 (FA: 2016)  Originally signed w/ HOU,26,4,"$21,350,000","$5,337,500",
172,Nick Young  Shooting Guard | 2014-2017 (FA: 2018)  Originally signed w/ LAL,29,4,"$21,326,174","$5,331,544",
173,Marcus Banks  Shooting Guard | 2006-2010 (FA: 2011),24,5,"$21,300,000","$4,260,000",
174,Daniel Gibson  Shooting Guard | 2008-2012 (FA: 2013),22,5,"$21,000,000","$4,200,000",
174,Louis Williams  Shooting Guard | 2015-2017 (FA: 2018)  Originally signed w/ LAL,28,3,"$21,000,000","$7,000,000",
174,Jeremy Lamb  Shooting Guard | 2016-2018 (FA: 2019)  Originally signed w/ CHA,23,3,"$21,000,000","$7,000,000",
174,Langston Galloway  Shooting Guard | 2017-2019 (FA: 2020)  Originally signed w/ DET,25,3,"$21,000,000","$7,000,000",
178,Jordan Hawkins  Shooting Guard | 2023-2026 (FA: 2027),21,4,"$20,599,055","$5,149,764",
179,Tony Allen  Shooting Guard | 2013-2016 (FA: 2017)  Originally signed w/ MEM,31,4,"$20,000,001","$5,000,000",
180,Ray Allen  Shooting Guard | 2010-2011 (FA: 2012)  Originally signed w/ BOS,34,2,"$20,000,000","$10,000,000",
180,Dwyane Wade  Shooting Guard | 2015-2015 (FA: 2016),32,1,"$20,000,000","$20,000,000",
182,J.J. Redick  Shooting Guard | 2010-2012 (FA: 2013)  Originally signed w/ ORL,26,3,"$19,690,000","$6,563,333","$500,000"
183,Malik Monk  Shooting Guard | 2022-2023 (FA: 2024),24,2,"$19,418,049","$9,709,025",
184,Ron Harper  Shooting Guard | 1994-1999 (FA: 2000),30,5,"$19,200,000","$3,840,000",
185,Brent Barry  Shooting Guard | 2004-2007 (FA: 2008)  Originally signed w/ SAS,32,4,"$19,192,050","$4,798,013",
186,James Bouknight  Shooting Guard | 2021-2024 (FA: 2025),20,4,"$19,151,217","$4,787,804",
187,Marco Belinelli  Shooting Guard | 2015-2017 (FA: 2018)  Originally signed w/ SAC,29,3,"$19,000,000","$6,333,333",
188,Keyonte George  Shooting Guard | 2023-2026 (FA: 2027),19,4,"$18,816,885","$4,704,221",
189,Jodie Meeks  Shooting Guard | 2014-2016 (FA: 2017)  Originally signed w/ DET,26,3,"$18,810,000","$6,270,000",
190,Grayson Allen  Shooting Guard | 2022-2023 (FA: 2024),26,2,"$18,700,000","$9,350,000",
191,Bradley Beal  Shooting Guard | 2012-2015 (FA: 2016)  Originally signed w/ WAS,18,4,"$18,652,514","$4,663,129",
192,Devin Vassell  Shooting Guard | 2020-2023 (FA: 2024),20,4,"$18,593,499","$4,648,375",
193,John Konchar  Shooting Guard | 2024-2026 (FA: 2027),26,3,"$18,495,000","$6,165,000",
194,Joshua Primo  Shooting Guard | 2021-2024 (FA: 2025),18,4,"$18,415,445","$4,603,861",
195,Victor Oladipo  Shooting Guard | 2022-2023 (FA: 2024)  Originally signed w/ MIA,30,2,"$18,200,000","$9,100,000",
196,O.J. Mayo  Shooting Guard | 2008-2011 (FA: 2012)  Originally signed w/ MEM,20,4,"$18,129,437","$4,532,359",
197,Justin Holiday  Shooting Guard | 2020-2022 (FA: 2023)  Originally signed w/ IND,31,3,"$18,019,260","$6,006,420",
198,Gerald Henderson  Shooting Guard | 2013-2015 (FA: 2016)  Originally signed w/ CHA,25,3,"$18,000,000","$6,000,000",
198,Gerald Henderson  Shooting Guard | 2016-2017 (FA: 2018),28,2,"$18,000,000","$9,000,000",
198,Lance Stephenson  Shooting Guard | 2014-2015 (FA: 2017),23,2,"$18,000,000","$9,000,000",
201,J.R. Smith  Shooting Guard | 2013-2014 (FA: 2015)  Originally signed w/ NYK,27,3,"$17,947,125","$5,982,375",
202,James Harden  Shooting Guard | 2009-2012 (FA: 0)  Originally signed w/ OKC,19,4,"$17,835,366","$4,458,842",
203,Kentavious Caldwell-Pope  Shooting Guard | 2017-2017 (FA: 2018)  Originally signed w/ LAL,24,1,"$17,745,894","$17,745,894",
204,Tyler Herro  Shooting Guard | 2019-2022 (FA: 0),19,4,"$17,188,836","$4,297,209",
205,Alex Abrines  Shooting Guard | 2016-2018 (FA: 2019),23,3,"$17,175,000","$5,725,000",
206,Moses Moody  Shooting Guard | 2021-2024 (FA: 2025),19,4,"$17,024,109","$4,256,027",
207,Tyreke Evans  Shooting Guard | 2009-2012 (FA: 2013)  Originally signed w/ SAC,19,4,"$16,894,464","$4,223,616",
208,Dion Waiters  Shooting Guard | 2012-2015 (FA: 2016)  Originally signed w/ CLE,20,4,"$16,821,270","$4,205,318",
209,Kentavious Caldwell-Pope  Shooting Guard | 2019-2020 (FA: 2021)  Originally signed w/ LAL,26,2,"$16,583,028","$8,291,514",
210,Romeo Langford  Shooting Guard | 2019-2022 (FA: 2023)  Originally signed w/ BOS,19,4,"$16,528,217","$4,132,054",
211,J.R. Smith  Shooting Guard | 2008-2010 (FA: 2011)  Originally signed w/ DEN,22,3,"$16,525,278","$5,508,426",
212,Brandin Podziemski  Shooting Guard | 2023-2026 (FA: 2027),20,4,"$16,239,819","$4,059,955",
213,Arron Afflalo  Shooting Guard | 2015-2016 (FA: 2017)  Originally signed w/ POR,29,2,"$16,000,000","$8,000,000",
213,Joe Harris  Shooting Guard | 2018-2019 (FA: 2020)  Originally signed w/ BKN,26,2,"$16,000,000","$8,000,000",
213,Pat Connaughton  Shooting Guard | 2020-2022 (FA: 0),27,3,"$16,000,000","$5,333,333",
213,Wayne Ellington  Shooting Guard | 2019-2019 (FA: 2021)  Originally signed w/ NYK,31,2,"$16,000,000","$8,000,000",
217,Buddy Hield  Shooting Guard | 2016-2019 (FA: 0)  Originally signed w/ NOP,23,4,"$15,887,648","$3,971,912",
218,Malik Monk  Shooting Guard | 2017-2020 (FA: 2021)  Originally signed w/ CHA,19,4,"$15,726,047","$3,931,512",
219,Ben Gordon  Shooting Guard | 2004-2007 (FA: 2008)  Originally signed w/ CHI,20,4,"$15,712,269","$3,928,067",
220,Jerome Robinson  Shooting Guard | 2018-2020 (FA: 2021)  Originally signed w/ LAC,21,4,"$15,692,356","$3,923,089",
221,Jason Terry  Shooting Guard | 2012-2014 (FA: 2015)  Originally signed w/ BOS,34,3,"$15,675,000","$5,225,000",
221,Louis Williams  Shooting Guard | 2012-2014 (FA: 2015),25,3,"$15,675,000","$5,225,000",
223,Garrett Temple  Shooting Guard | 2021-2023 (FA: 2024)  Originally signed w/ CHI,35,3,"$15,466,500","$5,155,500",
224,Dalen Terry  Shooting Guard | 2022-2025 (FA: 2026),19,4,"$15,451,758","$3,862,940",
225,Luke Kennard  Shooting Guard | 2017-2020 (FA: 0)  Originally signed w/ DET,21,4,"$15,135,546","$3,783,887",
226,Rodney McGruder  Shooting Guard | 2019-2021 (FA: 2022)  Originally signed w/ LAC,27,3,"$15,000,000","$5,000,000",
226,Sasha Vujacic  Shooting Guard | 2008-2010 (FA: 2011)  Originally signed w/ NJN,23,3,"$15,000,000","$5,000,000",
226,Kyle Korver  Shooting Guard | 2010-2012 (FA: 2013)  Originally signed w/ CHI,29,3,"$15,000,000","$5,000,000",
226,David Nwaba  Shooting Guard | 2021-2023 (FA: 2024)  Originally signed w/ HOU,28,3,"$15,000,000","$5,000,000",
226,Furkan Korkmaz  Shooting Guard | 2021-2023 (FA: 2024),24,3,"$15,000,000","$5,000,000",
231,Dariq Whitehead  Shooting Guard | 2023-2026 (FA: 2027),18,4,"$14,709,752","$3,677,438",
232,Donovan Mitchell  Shooting Guard | 2017-2020 (FA: 0)  Originally signed w/ UTA,20,4,"$14,564,021","$3,641,005",
233,Troy Brown Jr.  Shooting Guard | 2018-2021 (FA: 2022)  Originally signed w/ WAS,18,4,"$14,511,964","$3,627,991",
234,Manu Ginobili  Shooting Guard | 2013-2014 (FA: 2015),35,2,"$14,500,000","$7,250,000",
234,Damien Wilkins  Shooting Guard | 2005-2009 (FA: 2010)  Originally signed w/ SEA,25,5,"$14,500,000","$2,900,000",
236,Nickeil Alexander-Walker  Shooting Guard | 2019-2022 (FA: 2023)  Originally signed w/ NOP,20,4,"$14,349,113","$3,587,278",
237,Malaki Branham  Shooting Guard | 2022-2025 (FA: 2026),19,4,"$14,177,433","$3,544,358",
238,Corey Brewer  Shooting Guard | 2013-2015 (FA: 2016)  Originally signed w/ MIN,27,3,"$14,107,500","$4,702,500",
239,Manu Ginobili  Shooting Guard | 2016-2016 (FA: 2017),38,1,"$14,000,000","$14,000,000",
239,Quincy Pondexter  Shooting Guard | 2014-2017 (FA: 2018)  Originally signed w/ MEM,25,4,"$14,000,000","$3,500,000",
241,Zhaire Smith  Shooting Guard | 2018-2020 (FA: 2022)  Originally signed w/ PHI,19,4,"$13,791,056","$3,447,764",
242,Christian Braun  Shooting Guard | 2022-2025 (FA: 2026),21,4,"$13,769,157","$3,442,289",
243,Josh Green  Shooting Guard | 2020-2023 (FA: 2024),20,4,"$13,638,019","$3,409,505",
244,Brandon Roy  Shooting Guard | 2010-2010 (FA: 2011)  Originally signed w/ POR,25,1,"$13,520,500","$13,520,500",
245,Sasha Pavlovic  Shooting Guard | 2007-2008 (FA: 2009)  Originally signed w/ CLE,23,3,"$13,500,000","$4,500,000",
246,Bruce Brown Jr.  Shooting Guard | 2022-2023 (FA: 2024)  Originally signed w/ DEN,25,2,"$13,281,950","$6,640,975",
247,Donte DiVincenzo  Shooting Guard | 2018-2021 (FA: 2022)  Originally signed w/ MIL,21,4,"$13,106,790","$3,276,698",
248,MarJon Beauchamp  Shooting Guard | 2022-2025 (FA: 2026),21,4,"$12,609,596","$3,152,399",
249,Brandon Roy  Shooting Guard | 2006-2007 (FA: 0)  Originally signed w/ POR,21,4,"$12,560,056","$3,140,014",
250,Keon Johnson  Shooting Guard | 2021-2024 (FA: 2025)  Originally signed w/ LAC,19,4,"$12,517,291","$3,129,323",
251,Matisse Thybulle  Shooting Guard | 2019-2022 (FA: 2023)  Originally signed w/ PHI,22,4,"$12,513,127","$3,128,282",
252,Lonnie Walker IV  Shooting Guard | 2018-2021 (FA: 2022)  Originally signed w/ SAS,19,4,"$12,457,536","$3,114,384",
253,Nik Stauskas  Shooting Guard | 2014-2017 (FA: 2018)  Originally signed w/ SAC,20,4,"$12,415,467","$3,103,867",
254,Tyreke Evans  Shooting Guard | 2018-2018 (FA: 2019),28,1,"$12,400,000","$12,400,000",
255,Dwyane Wade  Shooting Guard | 2003-2006 (FA: 0),20,4,"$12,343,923","$3,085,981",
256,Eric Gordon  Shooting Guard | 2008-2011 (FA: 2012)  Originally signed w/ LAC,19,4,"$12,290,944","$3,072,736",
257,Wayne Ellington  Shooting Guard | 2016-2017 (FA: 2018)  Originally signed w/ MIA,28,2,"$12,270,000","$6,135,000",
258,Vince Carter  Shooting Guard | 2014-2016 (FA: 2017)  Originally signed w/ MEM,36,3,"$12,264,057","$4,088,019",
259,J.J. Redick  Shooting Guard | 2018-2018 (FA: 2019)  Originally signed w/ PHI,34,1,"$12,250,000","$12,250,000",
260,Blake Wesley  Shooting Guard | 2022-2025 (FA: 2026),19,4,"$12,240,728","$3,060,182",
261,Josh Richardson  Shooting Guard | 2022-2022 (FA: 2023)  Originally signed w/ BOS,27,1,"$12,196,094","$12,196,094",
262,Marco Belinelli  Shooting Guard | 2018-2019 (FA: 2020),32,2,"$12,000,000","$6,000,000",
262,Anthony Morrow  Shooting Guard | 2010-2012 (FA: 2013)  Originally signed w/ GSW,24,3,"$12,000,000","$4,000,000",
262,Kentavious Caldwell-Pope  Shooting Guard | 2018-2018 (FA: 2019)  Originally signed w/ LAL,25,1,"$12,000,000","$12,000,000",
265,Kentavious Caldwell-Pope  Shooting Guard | 2013-2016 (FA: 2017)  Originally signed w/ DET,19,4,"$11,995,639","$2,998,910",
266,Kevin Huerter  Shooting Guard | 2018-2021 (FA: 0)  Originally signed w/ ATL,19,4,"$11,902,517","$2,975,629",
267,Corey Brewer  Shooting Guard | 2007-2010 (FA: 2011)  Originally signed w/ MIN,20,4,"$11,881,232","$2,970,308",
268,Wendell Moore Jr.  Shooting Guard | 2022-2025 (FA: 2026),20,4,"$11,839,563","$2,959,891",
269,Leandro Bolmaro  Shooting Guard | 2021-2024 (FA: 2025)  Originally signed w/ MIN,21,4,"$11,805,395","$2,951,349",
270,Bobby Jackson  Shooting Guard | 0-0 (FA: 2009),-1,2,"$11,800,000","$5,900,000",
271,Mario Hezonja  Shooting Guard | 2015-2017 (FA: 2018)  Originally signed w/ ORL,19,3,"$11,729,640","$3,909,880",
272,Randy Foye  Shooting Guard | 2006-2009 (FA: 2010)  Originally signed w/ MIN,22,4,"$11,471,401","$2,867,850",
273,Josh Christopher  Shooting Guard | 2021-2024 (FA: 2025)  Originally signed w/ HOU,19,4,"$11,463,215","$2,865,804",
274,Josh Okogie  Shooting Guard | 2018-2021 (FA: 2022)  Originally signed w/ MIN,19,4,"$11,430,344","$2,857,586",
275,Jason Richardson  Shooting Guard | 2001-2004 (FA: 0)  Originally signed w/ GSW,19,4,"$11,356,098","$2,839,025",
276,Peyton Watson  Shooting Guard | 2022-2025 (FA: 2026),19,4,"$11,267,516","$2,816,879",
277,Ty Jerome  Shooting Guard | 2019-2022 (FA: 2023)  Originally signed w/ PHX,21,4,"$11,129,417","$2,782,354",
278,Quentin Grimes  Shooting Guard | 2021-2024 (FA: 2025),21,4,"$11,128,042","$2,782,011",
279,Amir Coffey  Shooting Guard | 2022-2024 (FA: 2025),24,3,"$11,000,000","$3,666,667",
279,Ron Harper  Shooting Guard | 1990-1993 (FA: 1995)  Originally signed w/ LAC,26,4,"$11,000,000","$2,750,000",
281,Steve Kerr  Shooting Guard | 1998-2002 (FA: 2003)  Originally signed w/ CHI,33,5,"$10,974,000","$2,194,800",
282,Mike Miller  Shooting Guard | 2000-2004 (FA: 0)  Originally signed w/ ORL,19,4,"$10,862,697","$2,715,674",
283,Langston Galloway  Shooting Guard | 2016-2017 (FA: 2018)  Originally signed w/ NOP,24,2,"$10,634,000","$5,317,000",
284,Will Barton  Shooting Guard | 2015-2017 (FA: 2018)  Originally signed w/ DEN,24,3,"$10,599,999","$3,533,333",
285,Paul George  Shooting Guard | 2010-2013 (FA: 2014)  Originally signed w/ IND,20,4,"$10,501,023","$2,625,256",
286,Gerald Green  Shooting Guard | 2012-2014 (FA: 2015)  Originally signed w/ IND,26,3,"$10,500,000","$3,500,000",
286,Carlos Delfino  Shooting Guard | 2009-2011 (FA: 2012)  Originally signed w/ TOR,26,3,"$10,500,000","$3,500,000",
288,C.J. McCollum  Shooting Guard | 2013-2016 (FA: 0)  Originally signed w/ POR,21,4,"$10,482,459","$2,620,615",
289,Cameron Thomas  Shooting Guard | 2021-2024 (FA: 2025),19,4,"$10,455,849","$2,613,962",
290,Brandon Roy  Shooting Guard | 2012-2013 (FA: 2014),27,2,"$10,429,500","$5,214,750",
291,Hamidou Diallo  Shooting Guard | 2021-2022 (FA: 2023),23,2,"$10,400,000","$5,200,000",
292,J.R. Smith  Shooting Guard | 2015-2016 (FA: 2017)  Originally signed w/ CLE,29,2,"$10,375,000","$5,187,500",
293,Kirk Hinrich  Shooting Guard | 2003-2006 (FA: 0)  Originally signed w/ CHI,21,4,"$10,242,268","$2,560,567",
294,Anfernee Simons  Shooting Guard | 2018-2021 (FA: 2022),19,4,"$10,175,938","$2,543,985",
295,Marco Belinelli  Shooting Guard | 2007-2011 (FA: 2012)  Originally signed w/ NOH,20,5,"$10,098,034","$2,019,607",
296,Jordan Poole  Shooting Guard | 2019-2022 (FA: 0)  Originally signed w/ GSW,20,4,"$10,090,879","$2,522,720",
297,Keyon Dooling  Shooting Guard | 2005-2007 (FA: 2008)  Originally signed w/ ORL,25,3,"$10,044,000","$3,348,000",
298,Anthony Morrow  Shooting Guard | 2014-2016 (FA: 2017)  Originally signed w/ OKC,28,3,"$10,032,000","$3,344,000",
299,Keldon Johnson  Shooting Guard | 2019-2022 (FA: 0),19,4,"$10,017,385","$2,504,346",
300,Troy Daniels  Shooting Guard | 2016-2018 (FA: 2019)  Originally signed w/ CHA,24,3,"$10,000,009","$3,333,336",
301,Richard Hamilton  Shooting Guard | 2011-2013 (FA: 2013),33,2,"$10,000,000","$5,000,000",
301,Shake Milton  Shooting Guard | 2023-2024 (FA: 2025),26,2,"$10,000,000","$5,000,000",
303,Devin Booker  Shooting Guard | 2015-2018 (FA: 0),18,4,"$9,985,165","$2,496,291",
304,Austin Rivers  Shooting Guard | 2020-2022 (FA: 2023)  Originally signed w/ NYK,28,3,"$9,975,000","$3,325,000",
305,Desmond Bane  Shooting Guard | 2020-2023 (FA: 2024),22,4,"$9,944,923","$2,486,231",
306,Denzel Valentine  Shooting Guard | 2016-2019 (FA: 2020)  Originally signed w/ CHI,22,4,"$9,936,769","$2,484,192",
307,Josh Jackson  Shooting Guard | 2020-2021 (FA: 2022)  Originally signed w/ DET,23,2,"$9,772,350","$4,886,175",
308,Klay Thompson  Shooting Guard | 2011-2014 (FA: 0),20,4,"$9,742,480","$2,435,620",
309,Raja Bell  Shooting Guard | 2010-2012 (FA: 2013),33,3,"$9,720,000","$3,240,000",
310,Zach LaVine  Shooting Guard | 2014-2017 (FA: 2018)  Originally signed w/ MIN,18,4,"$9,647,298","$2,411,825",
311,Landry Shamet  Shooting Guard | 2018-2021 (FA: 0)  Originally signed w/ PHI,21,4,"$9,557,142","$2,389,286",
312,Vince Carter  Shooting Guard | 1998-2001 (FA: 0)  Originally signed w/ TOR,20,4,"$9,525,752","$2,381,438",
313,Cuttino Mobley  Shooting Guard | 0-2009 (FA: 2010),-1,1,"$9,500,000","$9,500,000",
314,Tony Allen  Shooting Guard | 2010-2012 (FA: 2013)  Originally signed w/ MEM,28,3,"$9,450,000","$3,150,000",
315,Gerald Henderson  Shooting Guard | 2009-2012 (FA: 2013)  Originally signed w/ CHA,21,4,"$9,412,846","$2,353,212",
316,Alec Burks  Shooting Guard | 2011-2014 (FA: 0)  Originally signed w/ UTA,19,4,"$9,367,716","$2,341,929",
316,Jeremy Lamb  Shooting Guard | 2012-2015 (FA: 0)  Originally signed w/ HOU,19,4,"$9,367,716","$2,341,929",
318,Vince Carter  Shooting Guard | 2011-2013 (FA: 2014)  Originally signed w/ DAL,34,3,"$9,270,000","$3,090,000",
319,Jacob Evans  Shooting Guard | 2018-2020 (FA: 2022)  Originally signed w/ GSW,21,4,"$9,228,703","$2,307,176",
320,Donte DiVincenzo  Shooting Guard | 2022-2023 (FA: 2024)  Originally signed w/ GSW,25,2,"$9,225,000","$4,612,500",
321,Corey Brewer  Shooting Guard | 2010-2012 (FA: 2013)  Originally signed w/ DAL,24,3,"$9,177,000","$3,059,000",
322,Dzanan Musa  Shooting Guard | 2018-2020 (FA: 2022)  Originally signed w/ BKN,19,4,"$9,161,694","$2,290,424",
323,Randy Foye  Shooting Guard | 2013-2015 (FA: 2016)  Originally signed w/ UTA,29,3,"$9,135,000","$3,045,000",
324,John Konchar  Shooting Guard | 2020-2023 (FA: 0),24,4,"$9,000,000","$2,250,000",
324,Ben Gordon  Shooting Guard | 2014-2014 (FA: 2016)  Originally signed w/ ORL,31,2,"$9,000,000","$4,500,000",
324,Tomas Satoransky  Shooting Guard | 2016-2018 (FA: 2019),24,3,"$9,000,000","$3,000,000",
324,Justin Holiday  Shooting Guard | 2017-2018 (FA: 2019)  Originally signed w/ CHI,28,2,"$9,000,000","$4,500,000",
324,Michael Redd  Shooting Guard | 2002-2004 (FA: 2005)  Originally signed w/ MIL,23,3,"$9,000,000","$3,000,000",
324,Nickeil Alexander-Walker  Shooting Guard | 2023-2024 (FA: 2025),24,2,"$9,000,000","$4,500,000",
330,Shabazz Muhammad  Shooting Guard | 2013-2016 (FA: 2017)  Originally signed w/ MIN,20,4,"$8,962,299","$2,240,575",
331,Furkan Korkmaz  Shooting Guard | 2017-2020 (FA: 2019),19,4,"$8,904,867","$2,226,217",
332,Jamal Crawford  Shooting Guard | 2017-2018 (FA: 2019)  Originally signed w/ MIN,37,2,"$8,872,400","$4,436,200",
332,Ron Baker  Shooting Guard | 2017-2018 (FA: 2019)  Originally signed w/ NYK,24,2,"$8,872,400","$4,436,200",
334,J.J. Redick  Shooting Guard | 2006-2009 (FA: 2010)  Originally signed w/ ORL,21,4,"$8,840,008","$2,210,002",
335,Colby Jones  Shooting Guard | 2023-2026 (FA: 2027),21,4,"$8,768,281","$2,192,070",
336,Brandon Rush  Shooting Guard | 2008-2011 (FA: 2012)  Originally signed w/ IND,22,4,"$8,759,027","$2,189,757",
337,Michael Finley  Shooting Guard | 2005-2007 (FA: 2008)  Originally signed w/ SAS,32,3,"$8,667,000","$2,889,000",
338,Richard Hamilton  Shooting Guard | 1999-2002 (FA: 2003)  Originally signed w/ WAS,20,4,"$8,603,543","$2,150,886",
339,Randy Foye  Shooting Guard | 2010-2011 (FA: 2012)  Originally signed w/ LAC,26,2,"$8,500,000","$4,250,000",
340,Josh Hart  Shooting Guard | 2017-2020 (FA: 2021)  Originally signed w/ LAL,22,4,"$8,474,999","$2,118,750",
341,James Jones  Shooting Guard | 2008-2009 (FA: 2010)  Originally signed w/ MIA,27,2,"$8,340,800","$4,170,400",
342,Rashad Vaughn  Shooting Guard | 2015-2017 (FA: 2018)  Originally signed w/ MIL,18,4,"$8,334,685","$2,083,671",
343,Jamal Crawford  Shooting Guard | 2000-2003 (FA: 2004)  Originally signed w/ CHI,19,4,"$8,261,497","$2,065,374",
344,O.J. Mayo  Shooting Guard | 2012-2013 (FA: 2013)  Originally signed w/ DAL,24,2,"$8,220,900","$4,110,450",
345,Lance Stephenson  Shooting Guard | 2016-2018 (FA: 2019),26,2,"$8,180,000","$4,090,000",
346,Patrick McCaw  Shooting Guard | 2019-2020 (FA: 2021)  Originally signed w/ TOR,23,2,"$8,000,000","$4,000,000",
346,Terence Davis  Shooting Guard | 2021-2022 (FA: 2023),24,2,"$8,000,000","$4,000,000",
346,Kirk Hinrich  Shooting Guard | 2012-2013 (FA: 2014)  Originally signed w/ CHI,31,2,"$8,000,000","$4,000,000",
346,Vince Carter  Shooting Guard | 2017-2017 (FA: 2018)  Originally signed w/ SAC,40,1,"$8,000,000","$8,000,000",
346,Leandro Barbosa  Shooting Guard | 2016-2017 (FA: 2018),33,2,"$8,000,000","$4,000,000",
346,Sergio Rodriguez  Shooting Guard | 2016-2016 (FA: 2017),30,1,"$8,000,000","$8,000,000",
346,Brandon Rush  Shooting Guard | 2012-2013 (FA: 2014)  Originally signed w/ GSW,27,2,"$8,000,000","$4,000,000",
346,Troy Brown Jr.  Shooting Guard | 2023-2024 (FA: 2025),23,2,"$8,000,000","$4,000,000",
346,Seth Curry  Shooting Guard | 2023-2024 (FA: 2025),32,2,"$8,000,000","$4,000,000",
355,James Jones  Shooting Guard | 2005-2007 (FA: 2008)  Originally signed w/ IND,24,3,"$7,950,000","$2,650,000",
356,Malik Beasley  Shooting Guard | 2016-2019 (FA: 2020)  Originally signed w/ DEN,19,4,"$7,833,514","$1,958,379",
357,Andre Jackson Jr.  Shooting Guard | 2023-2026 (FA: 2027),21,4,"$7,639,302","$1,909,826",
358,Rashad McCants  Shooting Guard | 2005-2008 (FA: 2010),20,4,"$7,581,406","$1,895,352",
359,Joe Johnson  Shooting Guard | 2001-2004 (FA: 2005),19,4,"$7,547,514","$1,886,879",
360,Caris LeVert  Shooting Guard | 2016-2019 (FA: 0)  Originally signed w/ BKN,21,4,"$7,523,278","$1,880,820",
361,Iman Shumpert  Shooting Guard | 2011-2014 (FA: 2015)  Originally signed w/ NYK,20,4,"$7,517,295","$1,879,324",
362,Maurice Evans  Shooting Guard | 2008-2010 (FA: 2011),-,3,"$7,500,000","$2,500,000",
363,Nick Young  Shooting Guard | 2007-2011 (FA: 2012)  Originally signed w/ WAS,21,4,"$7,439,503","$1,859,876",
364,Gary Harris  Shooting Guard | 2014-2017 (FA: 0)  Originally signed w/ DEN,19,4,"$7,312,615","$1,828,154",
365,Roger Mason  Shooting Guard | 2008-2009 (FA: 2010)  Originally signed w/ SAS,27,2,"$7,280,000","$3,640,000",
366,Keyon Dooling  Shooting Guard | 2000-2003 (FA: 2004)  Originally signed w/ LAC,20,4,"$7,219,404","$1,804,851",
367,Armoni Brooks  Shooting Guard | 2021-2024 (FA: 2025)  Originally signed w/ HOU,23,4,"$7,201,486","$1,800,372",
368,Malachi Richardson  Shooting Guard | 2016-2019 (FA: 2019)  Originally signed w/ SAC,20,4,"$7,095,397","$1,773,849",
369,Justin Anderson  Shooting Guard | 2015-2018 (FA: 2019)  Originally signed w/ DAL,21,4,"$7,058,648","$1,764,662",
370,Grayson Allen  Shooting Guard | 2018-2021 (FA: 0)  Originally signed w/ UTA,22,4,"$7,049,040","$1,762,260",
371,Austin Rivers  Shooting Guard | 2012-2014 (FA: 2015)  Originally signed w/ NOH,19,3,"$7,017,240","$2,339,080",
372,Mike Miller  Shooting Guard | 2016-2017 (FA: 2018),35,2,"$7,000,000","$3,500,000",
373,Allonzo Trier  Shooting Guard | 2018-2018 (FA: 2020),21,2,"$6,933,100","$3,466,550",
374,Jason Terry  Shooting Guard | 1999-2002 (FA: 2003)  Originally signed w/ ATL,21,4,"$6,891,294","$1,722,824",
375,Timothe Luwawu-Cabarrot  Shooting Guard | 2016-2019 (FA: 2019)  Originally signed w/ PHI,21,4,"$6,788,195","$1,697,049",
376,Tony Snell  Shooting Guard | 2013-2016 (FA: 2017)  Originally signed w/ CHI,21,4,"$6,785,647","$1,696,412",
377,Jodie Meeks  Shooting Guard | 2017-2018 (FA: 2019)  Originally signed w/ WAS,29,2,"$6,744,500","$3,372,250",
378,Terrence Williams  Shooting Guard | 2009-2013 (FA: 2014)  Originally signed w/ NJN,21,3,"$6,643,560","$2,214,520",
379,Jaylen Nowell  Shooting Guard | 2019-2021 (FA: 2023),19,4,"$6,631,283","$1,657,821",
380,Evan Fournier  Shooting Guard | 2012-2015 (FA: 2016)  Originally signed w/ DEN,19,4,"$6,556,244","$1,639,061",
381,Eric Gordon  Shooting Guard | 2023-2024 (FA: 2025),34,2,"$6,552,719","$3,276,360",
382,K.J. McDaniels  Shooting Guard | 2015-2016 (FA: 2017)  Originally signed w/ HOU,22,2,"$6,523,126","$3,261,563",
383,Xavier Henry  Shooting Guard | 2010-2012 (FA: 2013)  Originally signed w/ MEM,18,3,"$6,515,040","$2,171,680",
384,Carlos Delfino  Shooting Guard | 2013-2015 (FA: 2016)  Originally signed w/ MIL,30,2,"$6,500,000","$3,250,000",
384,Mario Hezonja  Shooting Guard | 2018-2018 (FA: 2019)  Originally signed w/ NYK,22,1,"$6,500,000","$6,500,000",
386,Edmond Sumner  Shooting Guard | 2019-2021 (FA: 2022)  Originally signed w/ IND,23,3,"$6,480,000","$2,160,000",
387,Lonnie Walker IV  Shooting Guard | 2022-2022 (FA: 2023)  Originally signed w/ LAL,23,1,"$6,479,000","$6,479,000",
388,Austin Rivers  Shooting Guard | 2015-2016 (FA: 2017)  Originally signed w/ LAC,22,2,"$6,454,902","$3,227,451",
389,Daequan Cook  Shooting Guard | 2011-2012 (FA: 2013)  Originally signed w/ OKC,23,2,"$6,432,500","$3,216,250",
390,Ben Gordon  Shooting Guard | 2008-2008 (FA: 2009)  Originally signed w/ CHI,24,1,"$6,404,750","$6,404,750",
391,AJ Green  Shooting Guard | 2023-2025 (FA: 2026),23,3,"$6,324,049","$2,108,016",
392,Ray Allen  Shooting Guard | 2012-2013 (FA: 2014),36,2,"$6,319,050","$3,159,525",
393,Michael Jordan  Shooting Guard | 1984-1987 (FA: 1988)  Originally signed w/ CHI,20,7,"$6,300,000","$900,000","$250,000"
394,Wayne Ellington  Shooting Guard | 2018-2018 (FA: 2019)  Originally signed w/ MIA,30,1,"$6,270,000","$6,270,000",
395,Acie Law  Shooting Guard | 2007-2009 (FA: 2010)  Originally signed w/ ATL,-,3,"$6,214,920","$2,071,640",
396,Sean Kilpatrick  Shooting Guard | 2017-2019 (FA: 2020),28,3,"$6,200,000","$2,066,667",
397,Ray Allen  Shooting Guard | 1996-1998 (FA: 1999)  Originally signed w/ MIL,21,3,"$6,157,000","$2,052,333",
398,Courtney Lee  Shooting Guard | 2008-2011 (FA: 2012)  Originally signed w/ ORL,22,4,"$6,074,812","$1,518,703",
399,Tim Hardaway Jr.  Shooting Guard | 2013-2016 (FA: 2017)  Originally signed w/ NYK,20,4,"$6,033,525","$1,508,381",
400,J.R. Smith  Shooting Guard | 2004-2007 (FA: 2008)  Originally signed w/ NOH,18,4,"$6,025,307","$1,506,327",
401,Anthony Parker  Shooting Guard | 2009-2010 (FA: 2011),33,2,"$6,000,000","$3,000,000",
401,Carlos Delfino  Shooting Guard | 2012-2013 (FA: 2013)  Originally signed w/ HOU,29,2,"$6,000,000","$3,000,000",
401,Alec Burks  Shooting Guard | 2020-2020 (FA: 2021)  Originally signed w/ NYK,29,1,"$6,000,000","$6,000,000",
401,Patrick McCaw  Shooting Guard | 2018-2019 (FA: 2020)  Originally signed w/ CLE,23,2,"$6,000,000","$3,000,000",
401,Sterling Brown  Shooting Guard | 2021-2022 (FA: 2023)  Originally signed w/ DAL,26,2,"$6,000,000","$3,000,000",
401,Bryn Forbes  Shooting Guard | 2018-2019 (FA: 2020)  Originally signed w/ SAS,24,2,"$6,000,000","$3,000,000",
407,Isaiah Joe  Shooting Guard | 2022-2024 (FA: 2025),23,3,"$5,998,321","$1,999,440",
408,Daequan Cook  Shooting Guard | 2008-2011 (FA: 2012)  Originally signed w/ OKC,20,4,"$5,989,577","$1,497,394",
409,Josh Richardson  Shooting Guard | 2023-2024 (FA: 2025),29,2,"$5,942,620","$2,971,310",
410,Dion Waiters  Shooting Guard | 2016-2017 (FA: 2018)  Originally signed w/ MIA,24,2,"$5,926,410","$2,963,205",
410,Seth Curry  Shooting Guard | 2016-2017 (FA: 2018),25,2,"$5,926,410","$2,963,205",
412,Josh Okogie  Shooting Guard | 2023-2024 (FA: 2025),24,2,"$5,772,671","$2,886,336",
413,Manu Ginobili  Shooting Guard | 2015-2016 (FA: 2017),37,2,"$5,754,630","$2,877,315",
413,Sonny Weems  Shooting Guard | 2015-2016 (FA: 2017)  Originally signed w/ PHX,0,2,"$5,754,630","$2,877,315",
415,J.R. Smith  Shooting Guard | 2012-2013 (FA: 2013)  Originally signed w/ NYK,26,2,"$5,739,194","$2,869,597",
416,Quincy Pondexter  Shooting Guard | 2010-2013 (FA: 0)  Originally signed w/ NOH,21,4,"$5,686,878","$1,421,720",
417,Rudy Fernandez  Shooting Guard | 2008-2011 (FA: 2012)  Originally signed w/ POR,-,4,"$5,676,523","$1,419,131",
418,Tony Wroten Jr.  Shooting Guard | 2012-2015 (FA: 2016),18,3,"$5,659,594","$1,886,531",
419,Marco Belinelli  Shooting Guard | 2013-2014 (FA: 2015),27,2,"$5,623,750","$2,811,875",
420,Nick Young  Shooting Guard | 2012-2012 (FA: 2013)  Originally signed w/ PHI,27,1,"$5,600,000","$5,600,000",
421,Kirk Hinrich  Shooting Guard | 2014-2015 (FA: 2016)  Originally signed w/ CHI,33,2,"$5,586,940","$2,793,470",
421,Mike Miller  Shooting Guard | 2014-2015 (FA: 2016)  Originally signed w/ CLE,34,2,"$5,586,940","$2,793,470",
423,Davon Reed  Shooting Guard | 2017-2020 (FA: 2021)  Originally signed w/ PHX,22,4,"$5,565,327","$1,391,332",
424,Sasha Pavlovic  Shooting Guard | 2003-2006 (FA: 2007)  Originally signed w/ UTA,19,4,"$5,535,326","$1,383,832",
425,Jordan Crawford  Shooting Guard | 2010-2013 (FA: 2014)  Originally signed w/ ATL,21,4,"$5,523,858","$1,380,965",
426,Eddie House  Shooting Guard | 2008-2009 (FA: 2010)  Originally signed w/ BOS,-,2,"$5,512,000","$2,756,000",
427,Alex Caruso  Shooting Guard | 2019-2020 (FA: 2021)  Originally signed w/ LAL,25,2,"$5,500,000","$2,750,000",
428,Archie Goodwin  Shooting Guard | 2013-2016 (FA: 2017)  Originally signed w/ PHX,18,4,"$5,430,929","$1,357,732",
429,Wayne Ellington  Shooting Guard | 2013-2014 (FA: 2014)  Originally signed w/ DAL,25,2,"$5,423,340","$2,711,670",
430,Marko Guduric  Shooting Guard | 2019-2020 (FA: 2021),24,2,"$5,375,000","$2,687,500",
431,Damion Lee  Shooting Guard | 2023-2024 (FA: 2025),30,2,"$5,373,575","$2,686,788",
432,Wayne Ellington  Shooting Guard | 2009-2012 (FA: 2013)  Originally signed w/ MIN,21,4,"$5,319,802","$1,329,951",
433,Andre Roberson  Shooting Guard | 2013-2016 (FA: 2017)  Originally signed w/ OKC,21,4,"$5,295,312","$1,323,828",
434,Toney Douglas  Shooting Guard | 2009-2012 (FA: 2013)  Originally signed w/ NYK,22,4,"$5,280,760","$1,320,190",
435,Francisco Garcia  Shooting Guard | 2005-2008 (FA: 2009)  Originally signed w/ SAC,23,5,"$5,261,254","$1,052,251",
436,Wesley Matthews  Shooting Guard | 2019-2020 (FA: 2021)  Originally signed w/ MIL,32,2,"$5,257,744","$2,628,872",
437,James Young  Shooting Guard | 2014-2016 (FA: 2017)  Originally signed w/ BOS,18,3,"$5,249,520","$1,749,840",
438,Rayan Rupert  Shooting Guard | 2023-2025 (FA: 2026),19,3,"$5,233,097","$1,744,366",
438,Sidy Cissoko  Shooting Guard | 2023-2025 (FA: 2026),19,3,"$5,233,097","$1,744,366",
440,Nick Young  Shooting Guard | 2017-2017 (FA: 2018)  Originally signed w/ GSW,32,1,"$5,192,000","$5,192,000",
441,Arron Afflalo  Shooting Guard | 2007-2010 (FA: 2011)  Originally signed w/ DET,21,4,"$5,005,777","$1,251,444",
442,Ty Jerome  Shooting Guard | 2023-2024 (FA: 2025),25,2,"$5,000,000","$2,500,000",
442,Louis Williams  Shooting Guard | 2021-2021 (FA: 2022),34,1,"$5,000,000","$5,000,000",
442,Tony Allen  Shooting Guard | 2008-2009 (FA: 2010)  Originally signed w/ BOS,26,2,"$5,000,000","$2,500,000",
442,Jamal Crawford  Shooting Guard | 2011-2011 (FA: 2012)  Originally signed w/ POR,30,2,"$5,000,000","$2,500,000",
442,Michael Finley  Shooting Guard | 2008-2009 (FA: 2010)  Originally signed w/ SAS,35,2,"$5,000,000","$2,500,000",
442,Manu Ginobili  Shooting Guard | 2017-2018 (FA: 2019),39,2,"$5,000,000","$2,500,000",
442,Malcom Delaney  Shooting Guard | 2016-2017 (FA: 2018),27,2,"$5,000,000","$2,500,000",
449,Shake Milton  Shooting Guard | 2019-2021 (FA: 2023)  Originally signed w/ PHI,22,3,"$4,994,028","$1,664,676",
450,Travis Diener  Shooting Guard | 0-0 (FA: 2010),-1,3,"$4,900,000","$1,633,333",
451,Marcus Banks  Shooting Guard | 2003-2005 (FA: 2006)  Originally signed w/ BOS,21,3,"$4,835,520","$1,611,840",
452,Sergio Rodriguez  Shooting Guard | 0-2010 (FA: 2011)  Originally signed w/ NYK,-1987,4,"$4,833,235","$1,208,309",
453,Robert Woodard II  Shooting Guard | 2020-2022 (FA: 2024)  Originally signed w/ SAC,20,3,"$4,800,602","$1,600,201",
454,Bryn Forbes  Shooting Guard | 2020-2021 (FA: 2022)  Originally signed w/ MIL,27,2,"$4,791,147","$2,395,574",
455,Tony Allen  Shooting Guard | 2004-2007 (FA: 2008)  Originally signed w/ BOS,21,4,"$4,777,037","$1,194,259",
455,Carlos Delfino  Shooting Guard | 2004-2007 (FA: 2008)  Originally signed w/ DET,21,4,"$4,777,037","$1,194,259",
457,Garrett Temple  Shooting Guard | 2020-2020 (FA: 2021)  Originally signed w/ CHI,33,1,"$4,767,000","$4,767,000",
457,Garrett Temple  Shooting Guard | 2019-2019 (FA: 2021)  Originally signed w/ BKN,33,1,"$4,767,000","$4,767,000",
457,Justin Holiday  Shooting Guard | 2019-2019 (FA: 2020)  Originally signed w/ IND,30,1,"$4,767,000","$4,767,000",
460,Ryan Rollins  Shooting Guard | 2022-2024 (FA: 2025)  Originally signed w/ GSW,20,3,"$4,757,344","$1,585,781",
460,Jaden Hardy  Shooting Guard | 2022-2024 (FA: 2025),20,3,"$4,757,344","$1,585,781",
462,Bruce Brown Jr.  Shooting Guard | 2021-2021 (FA: 2022)  Originally signed w/ BKN,24,1,"$4,736,102","$4,736,102",
463,Tracy McGrady  Shooting Guard | 1997-1999 (FA: 2000)  Originally signed w/ TOR,18,3,"$4,689,480","$1,563,160",
464,Denzel Valentine  Shooting Guard | 2020-2020 (FA: 2021)  Originally signed w/ CHI,26,1,"$4,642,800","$4,642,800",
465,Kevin Martin  Shooting Guard | 2004-2007 (FA: 0)  Originally signed w/ SAC,20,4,"$4,620,441","$1,155,110",
466,Sergey Karasev  Shooting Guard | 2013-2015 (FA: 2016)  Originally signed w/ CLE,19,3,"$4,601,520","$1,533,840",
467,Sviatoslav Mykhailiuk  Shooting Guard | 2018-2020 (FA: 2021)  Originally signed w/ LAL,20,3,"$4,568,407","$1,522,802",
468,Austin Rivers  Shooting Guard | 2019-2020 (FA: 2021)  Originally signed w/ HOU,26,2,"$4,543,981","$2,271,991",
469,James Jones  Shooting Guard | 2011-2013 (FA: 2014)  Originally signed w/ MIA,31,3,"$4,500,000","$1,500,000",
469,Bryn Forbes  Shooting Guard | 2021-2021 (FA: 2022)  Originally signed w/ SAS,28,1,"$4,500,000","$4,500,000",
471,Lance Stephenson  Shooting Guard | 2018-2018 (FA: 2019)  Originally signed w/ LAL,27,1,"$4,449,000","$4,449,000",
472,Brandon Boston Jr  Shooting Guard | 2021-2023 (FA: 2024),19,3,"$4,324,872","$1,441,624",
473,Terance Mann  Shooting Guard | 2019-2021 (FA: 0),22,3,"$4,300,602","$1,433,534",
473,Jahmi'us Ramsey  Shooting Guard | 2020-2022 (FA: 2023)  Originally signed w/ SAC,19,3,"$4,300,602","$1,433,534",
475,Leandro Barbosa  Shooting Guard | 2003-2006 (FA: 2007),20,4,"$4,289,613","$1,072,403",
476,Jordan Adams  Shooting Guard | 2014-2016 (FA: 2018),19,3,"$4,213,800","$1,404,600",
477,Edmond Sumner  Shooting Guard | 2022-2023 (FA: 2024),26,2,"$4,208,118","$2,104,059",
478,Ron Harper  Shooting Guard | 1999-2000 (FA: 2001)  Originally signed w/ LAL,35,2,"$4,200,000","$2,100,000",
479,Matt Thomas  Shooting Guard | 2019-2021 (FA: 2022)  Originally signed w/ TOR,24,3,"$4,198,912","$1,399,637",
479,Justin James  Shooting Guard | 2019-2021 (FA: 2022)  Originally signed w/ SAC,21,3,"$4,198,912","$1,399,637",
479,Miye Oni  Shooting Guard | 2019-2021 (FA: 2022)  Originally signed w/ UTA,21,3,"$4,198,912","$1,399,637",
479,Isaiah Joe  Shooting Guard | 2020-2022 (FA: 2023)  Originally signed w/ PHI,21,3,"$4,198,912","$1,399,637",
483,Keyon Dooling  Shooting Guard | 2010-2011 (FA: 2012)  Originally signed w/ MIL,29,2,"$4,160,000","$2,080,000",
484,Denzel Valentine  Shooting Guard | 2021-2021 (FA: 2022)  Originally signed w/ CLE,27,2,"$4,133,270","$2,066,635",
485,Damyean Dotson  Shooting Guard | 2017-2019 (FA: 2020),23,3,"$4,096,762","$1,365,587",
486,Sasha Pavlovic  Shooting Guard | 2012-2014 (FA: 2015)  Originally signed w/ BOS,28,3,"$4,080,710","$1,360,237",
487,Elliot Williams  Shooting Guard | 2010-2012 (FA: 2013)  Originally signed w/ POR,20,3,"$4,046,400","$1,348,800",
488,Gerald Green  Shooting Guard | 2005-2007 (FA: 2008)  Originally signed w/ BOS,18,3,"$4,041,000","$1,347,000",
489,Justin Anderson  Shooting Guard | 2020-2021 (FA: 2022)  Originally signed w/ PHI,27,2,"$4,012,890","$2,006,445",
490,Alan Anderson  Shooting Guard | 2015-2015 (FA: 2016)  Originally signed w/ WAS,32,1,"$4,000,000","$4,000,000",
490,Kent Bazemore  Shooting Guard | 2014-2015 (FA: 2016)  Originally signed w/ ATL,25,2,"$4,000,000","$2,000,000",
490,Damyean Dotson  Shooting Guard | 2020-2021 (FA: 2022)  Originally signed w/ CLE,25,2,"$4,000,000","$2,000,000",
493,Brent Barry  Shooting Guard | 2008-2009 (FA: 2010),36,2,"$3,972,800","$1,986,400",
494,Davon Reed  Shooting Guard | 2022-2023 (FA: 2024)  Originally signed w/ DEN,27,2,"$3,968,718","$1,984,359",
495,Hamidou Diallo  Shooting Guard | 2018-2020 (FA: 2021)  Originally signed w/ OKC,19,3,"$3,919,177","$1,306,392",
495,Gary Trent Jr.  Shooting Guard | 2018-2020 (FA: 2021)  Originally signed w/ POR,18,3,"$3,919,177","$1,306,392",
495,Khyri Thomas  Shooting Guard | 2018-2020 (FA: 2021)  Originally signed w/ DET,21,3,"$3,919,177","$1,306,392",
495,Bruce Brown Jr.  Shooting Guard | 2018-2020 (FA: 2021)  Originally signed w/ DET,21,3,"$3,919,177","$1,306,392",
499,Sam Merrill  Shooting Guard | 2022-2023 (FA: 2024)  Originally signed w/ SAC,26,2,"$3,833,328","$1,916,664",
500,Dwayne Bacon  Shooting Guard | 2017-2019 (FA: 2020)  Originally signed w/ CHA,21,3,"$3,812,377","$1,270,792",
500,Sterling Brown  Shooting Guard | 2017-2019 (FA: 2020)  Originally signed w/ MIL,22,3,"$3,812,377","$1,270,792",
500,Sindarius Thornwell  Shooting Guard | 2017-2019 (FA: 2020)  Originally signed w/ LAC,22,3,"$3,812,377","$1,270,792",
503,John Jenkins  Shooting Guard | 2012-2014 (FA: 2015)  Originally signed w/ ATL,20,3,"$3,776,280","$1,258,760",
504,Mario Hezonja  Shooting Guard | 2019-2020 (FA: 2021)  Originally signed w/ POR,23,2,"$3,714,156","$1,857,078",
505,Nick Young  Shooting Guard | 2011-2011 (FA: 2012)  Originally signed w/ PHI,26,1,"$3,695,857","$3,695,857",
506,Wesley Matthews  Shooting Guard | 2020-2020 (FA: 2021)  Originally signed w/ LAL,34,1,"$3,623,000","$3,623,000",
507,Sviatoslav Mykhailiuk  Shooting Guard | 2021-2022 (FA: 2023)  Originally signed w/ TOR,24,2,"$3,607,937","$1,803,969",
508,Dominique Jones  Shooting Guard | 2010-2012 (FA: 2013),21,3,"$3,579,960","$1,193,320",
509,Trevelin Queen  Shooting Guard | 2022-2023 (FA: 2024)  Originally signed w/ PHI,25,2,"$3,565,862","$1,782,931",
510,David Nwaba  Shooting Guard | 2019-2020 (FA: 2021)  Originally signed w/ BKN,26,2,"$3,502,857","$1,751,429",
510,Dwayne Bacon  Shooting Guard | 2020-2021 (FA: 2022)  Originally signed w/ ORL,25,2,"$3,502,857","$1,751,429",
512,Brandon Rush  Shooting Guard | 2016-2016 (FA: 2017)  Originally signed w/ MIN,31,1,"$3,500,000","$3,500,000",
513,Javonte Green  Shooting Guard | 2021-2022 (FA: 2023),28,2,"$3,484,855","$1,742,428",
514,C.J. Wilcox  Shooting Guard | 2014-2016 (FA: 2017)  Originally signed w/ LAC,23,3,"$3,479,040","$1,159,680",
515,MarShon Brooks  Shooting Guard | 2011-2013 (FA: 2014)  Originally signed w/ NJN,21,3,"$3,433,985","$1,144,662",
516,Max Strus  Shooting Guard | 2021-2022 (FA: 2023)  Originally signed w/ MIA,25,2,"$3,421,816","$1,710,908",
517,Zoran Dragic  Shooting Guard | 2014-2015 (FA: 2015)  Originally signed w/ PHX,24,2,"$3,412,500","$1,706,250","$412,500"
518,Rodney McGruder  Shooting Guard | 2016-2018 (FA: 2019)  Originally signed w/ MIA,24,3,"$3,401,033","$1,133,678",
519,Furkan Korkmaz  Shooting Guard | 2019-2020 (FA: 2021),22,2,"$3,383,360","$1,691,680",
520,Shabazz Muhammad  Shooting Guard | 2017-2018 (FA: 2019)  Originally signed w/ MIN,24,2,"$3,372,245","$1,686,123",
521,Pat Connaughton  Shooting Guard | 2018-2019 (FA: 2020),25,2,"$3,364,050","$1,682,025",
522,Lance Stephenson  Shooting Guard | 2010-2013 (FA: 2014),19,4,"$3,350,000","$837,500",
523,Antonius Cleveland  Shooting Guard | 2017-2018 (FA: 2019)  Originally signed w/ ATL,24,2,"$3,330,394","$1,665,197",
524,Ricky Ledo  Shooting Guard | 2013-2016 (FA: 2017)  Originally signed w/ DAL,20,4,"$3,323,454","$830,864",
525,Tyreke Evans  Shooting Guard | 2017-2017 (FA: 2018)  Originally signed w/ MEM,27,1,"$3,290,000","$3,290,000",
526,Carrick Felix  Shooting Guard | 2013-2016 (FA: 2014)  Originally signed w/ CLE,22,4,"$3,289,454","$822,364",
527,Hollis Thompson  Shooting Guard | 2013-2016 (FA: 2017)  Originally signed w/ PHI,21,4,"$3,269,634","$817,409",
528,John Jenkins  Shooting Guard | 2015-2017 (FA: 2018)  Originally signed w/ DAL,24,3,"$3,211,301","$1,070,434",
529,Garrett Temple  Shooting Guard | 2023-2023 (FA: 2024),37,1,"$3,196,448","$3,196,448",
529,Justin Holiday  Shooting Guard | 2023-2023 (FA: 2024),34,1,"$3,196,448","$3,196,448",
529,Wesley Matthews  Shooting Guard | 2023-2023 (FA: 2024),36,1,"$3,196,448","$3,196,448",
532,Paul Watson  Shooting Guard | 2020-2021 (FA: 2022)  Originally signed w/ TOR,25,2,"$3,147,290","$1,573,645",
533,Wayne Ellington  Shooting Guard | 2015-2016 (FA: 2017)  Originally signed w/ BKN,27,2,"$3,067,500","$1,533,750",
534,Jodie Meeks  Shooting Guard | 2012-2013 (FA: 2014)  Originally signed w/ LAL,24,2,"$3,050,000","$1,525,000",
535,C.J. Williams  Shooting Guard | 2017-2019 (FA: 2020)  Originally signed w/ LAC,28,3,"$2,996,762","$998,921",
536,Andrew Harrison  Shooting Guard | 2016-2018 (FA: 2019)  Originally signed w/ MEM,21,3,"$2,982,807","$994,269",
537,Tyrone Wallace  Shooting Guard | 2018-2019 (FA: 2020)  Originally signed w/ LAC,23,2,"$2,969,947","$1,484,974",
538,Malcolm Lee  Shooting Guard | 2016-2017 (FA: 2017),24,3,"$2,947,552","$982,517",
539,Jabari Bird  Shooting Guard | 2018-2019 (FA: 2020)  Originally signed w/ BOS,24,2,"$2,937,614","$1,468,807",
539,Antonio Blakeney  Shooting Guard | 2018-2019 (FA: 2020),21,2,"$2,937,614","$1,468,807",
541,Maurice Ager  Shooting Guard | 2006-2008 (FA: 2009)  Originally signed w/ DAL,-,3,"$2,923,320","$974,440",
542,Steve Kerr  Shooting Guard | 1993-1997 (FA: 1998)  Originally signed w/ CHI,28,4,"$2,920,000","$730,000",
543,Wesley Matthews  Shooting Guard | 2022-2022 (FA: 2023)  Originally signed w/ MIL,35,1,"$2,905,851","$2,905,851",
543,Langston Galloway  Shooting Guard | 2022-2022 (FA: 2023),30,1,"$2,905,851","$2,905,851",
543,Kent Bazemore  Shooting Guard | 2022-2022 (FA: 2023),33,1,"$2,905,851","$2,905,851",
543,Austin Rivers  Shooting Guard | 2022-2022 (FA: 2023),29,1,"$2,905,851","$2,905,851",
547,Elliot Williams  Shooting Guard | 2013-2015 (FA: 2014)  Originally signed w/ PHI,24,3,"$2,879,231","$959,744",
548,Brent Barry  Shooting Guard | 1995-1997 (FA: 1998)  Originally signed w/ LAC,23,3,"$2,873,520","$957,840",
549,Allan Houston  Shooting Guard | 1993-1995 (FA: 1996),22,3,"$2,869,000","$956,333",
550,Wayne Selden  Shooting Guard | 2017-2018 (FA: 2019)  Originally signed w/ MEM,22,2,"$2,857,562","$1,428,781",
551,James Anderson  Shooting Guard | 2010-2011 (FA: 2012)  Originally signed w/ SAS,21,2,"$2,824,920","$1,412,460",
552,Seth Curry  Shooting Guard | 2018-2018 (FA: 2019)  Originally signed w/ POR,27,1,"$2,795,000","$2,795,000",
553,Manu Ginobili  Shooting Guard | 2002-2003 (FA: 2004),24,2,"$2,782,500","$1,391,250",
554,Eddie House  Shooting Guard | 2010-2011 (FA: 2012),-,2,"$2,751,688","$1,375,844",
555,Max Christie  Shooting Guard | 2022-2023 (FA: 2024),19,2,"$2,737,645","$1,368,823",
556,Joe Harris  Shooting Guard | 2014-2016 (FA: 2017)  Originally signed w/ CLE,22,3,"$2,710,369","$903,456",
557,Malik Beasley  Shooting Guard | 2023-2023 (FA: 2024),26,1,"$2,709,849","$2,709,849",
558,E'Twaun Moore  Shooting Guard | 2021-2021 (FA: 2022),32,1,"$2,641,691","$2,641,691",
558,Wayne Ellington  Shooting Guard | 2021-2021 (FA: 2022),33,1,"$2,641,691","$2,641,691",
560,Allen Crabbe  Shooting Guard | 2013-2015 (FA: 2016)  Originally signed w/ POR,21,3,"$2,634,276","$878,092",
561,Alan Anderson  Shooting Guard | 2014-2015 (FA: 2016)  Originally signed w/ BKN,31,2,"$2,609,545","$1,304,773",
562,DeAndre Liggins  Shooting Guard | 2016-2017 (FA: 2018)  Originally signed w/ CLE,27,2,"$2,592,926","$1,296,463",
563,Francisco Garcia  Shooting Guard | 2013-2013 (FA: 2014),31,2,"$2,582,786","$1,291,393",
564,Joe Johnson  Shooting Guard | 2019-2019 (FA: 2020)  Originally signed w/ DET,38,1,"$2,564,753","$2,564,753",
564,Gerald Green  Shooting Guard | 2019-2019 (FA: 2020),33,1,"$2,564,753","$2,564,753",
564,Vince Carter  Shooting Guard | 2019-2019 (FA: 2020),42,1,"$2,564,753","$2,564,753",
564,Gerald Green  Shooting Guard | 2020-2020 (FA: 2021),33,1,"$2,564,753","$2,564,753",
564,Kyle Korver  Shooting Guard | 2019-2019 (FA: 2020),38,1,"$2,564,753","$2,564,753",
564,Courtney Lee  Shooting Guard | 2020-2020 (FA: 2021),35,1,"$2,564,753","$2,564,753",
564,Wayne Ellington  Shooting Guard | 2020-2020 (FA: 2021)  Originally signed w/ DET,33,1,"$2,564,753","$2,564,753",
571,Norman Powell  Shooting Guard | 2015-2017 (FA: 0)  Originally signed w/ TOR,22,3,"$2,539,382","$846,461",
572,Pat Connaughton  Shooting Guard | 2015-2017 (FA: 2018)  Originally signed w/ POR,22,3,"$2,514,475","$838,158",
573,Randy Foye  Shooting Guard | 2012-2012 (FA: 2013)  Originally signed w/ UTA,28,1,"$2,500,000","$2,500,000",
573,Randy Foye  Shooting Guard | 2016-2016 (FA: 2017),28,1,"$2,500,000","$2,500,000",
573,Leandro Barbosa  Shooting Guard | 2015-2015 (FA: 2016)  Originally signed w/ GSW,32,1,"$2,500,000","$2,500,000",
576,Michael Gbinije  Shooting Guard | 2016-2018 (FA: 2019)  Originally signed w/ DET,24,3,"$2,498,982","$832,994",
577,Darrun Hilliard II  Shooting Guard | 2015-2017 (FA: 2018)  Originally signed w/ DET,22,3,"$2,489,382","$829,794",
578,Austin Reaves  Shooting Guard | 2021-2022 (FA: 2023),23,2,"$2,488,776","$1,244,388",
579,Toney Douglas  Shooting Guard | 2015-2016 (FA: 2017)  Originally signed w/ NOP,29,2,"$2,480,306","$1,240,153",
580,James Anderson  Shooting Guard | 2012-2013 (FA: 2014)  Originally signed w/ HOU,23,3,"$2,429,920","$809,973",
581,Brandon Rush  Shooting Guard | 2014-2015 (FA: 2016)  Originally signed w/ GSW,29,2,"$2,416,649","$1,208,325",
582,Terence Davis  Shooting Guard | 2019-2020 (FA: 2021)  Originally signed w/ TOR,22,2,"$2,416,291","$1,208,146",
582,Talen Horton-Tucker  Shooting Guard | 2019-2020 (FA: 2021)  Originally signed w/ LAL,18,2,"$2,416,291","$1,208,146",
582,Javonte Green  Shooting Guard | 2019-2020 (FA: 2021)  Originally signed w/ BOS,25,2,"$2,416,291","$1,208,146",
582,Sam Merrill  Shooting Guard | 2020-2021 (FA: 2022)  Originally signed w/ MIL,24,2,"$2,416,291","$1,208,146",
582,Max Strus  Shooting Guard | 2019-2020 (FA: 2021)  Originally signed w/ BOS,23,2,"$2,416,291","$1,208,146",
587,Josh Richardson  Shooting Guard | 2015-2017 (FA: 0),21,3,"$2,414,475","$804,825",
587,Luis Montero  Shooting Guard | 2015-2017 (FA: 2018)  Originally signed w/ POR,22,3,"$2,414,475","$804,825",
589,Kent Bazemore  Shooting Guard | 2021-2021 (FA: 2022)  Originally signed w/ LAL,32,1,"$2,401,537","$2,401,537",
589,Austin Rivers  Shooting Guard | 2021-2021 (FA: 2022)  Originally signed w/ DEN,29,1,"$2,401,537","$2,401,537",
591,Damion James  Shooting Guard | 2010-2011 (FA: 2012)  Originally signed w/ NJN,22,2,"$2,400,000","$1,200,000",
592,Dwyane Wade  Shooting Guard | 2018-2018 (FA: 2019),36,1,"$2,393,887","$2,393,887",
592,Vince Carter  Shooting Guard | 2018-2018 (FA: 2019),41,1,"$2,393,887","$2,393,887",
592,Jamal Crawford  Shooting Guard | 2018-2018 (FA: 2019)  Originally signed w/ PHX,38,1,"$2,393,887","$2,393,887",
592,Gerald Green  Shooting Guard | 2018-2018 (FA: 2019),32,1,"$2,393,887","$2,393,887",
596,Jermaine Taylor  Shooting Guard | 2009-2010 (FA: 2011)  Originally signed w/ HOU,22,3,"$2,390,164","$796,721",
597,Victor Oladipo  Shooting Guard | 2021-2021 (FA: 2022)  Originally signed w/ MIA,29,1,"$2,389,641","$2,389,641",
597,Tony Snell  Shooting Guard | 2021-2021 (FA: 2022)  Originally signed w/ POR,29,1,"$2,389,641","$2,389,641",
599,DeAndre Liggins  Shooting Guard | 2017-2018 (FA: 2019)  Originally signed w/ NOP,29,2,"$2,383,135","$1,191,568",
600,Wayne Ellington  Shooting Guard | 2018-2018 (FA: 2019)  Originally signed w/ DET,31,1,"$2,383,076","$2,383,076",
601,J.R. Smith  Shooting Guard | 2011-2011 (FA: 2012)  Originally signed w/ NYK,25,1,"$2,382,353","$2,382,353",
602,De'Anthony Melton  Shooting Guard | 2018-2019 (FA: 2020)  Originally signed w/ PHX,19,2,"$2,365,852","$1,182,926",
603,Jared Cunningham  Shooting Guard | 2012-2013 (FA: 2013)  Originally signed w/ DAL,21,2,"$2,364,720","$1,182,360",
604,Doron Lamb  Shooting Guard | 2012-2013 (FA: 2014)  Originally signed w/ MIL,20,3,"$2,354,115","$784,705",
605,P.J. Hairston  Shooting Guard | 2014-2015 (FA: 2016)  Originally signed w/ CHA,21,2,"$2,351,160","$1,175,580",
606,R.J. Hunter  Shooting Guard | 2015-2016 (FA: 2019),21,2,"$2,348,880","$1,174,440",
607,Lonnie Walker IV  Shooting Guard | 2023-2023 (FA: 2024),24,1,"$2,346,614","$2,346,614",
607,Sviatoslav Mykhailiuk  Shooting Guard | 2023-2023 (FA: 2024),26,1,"$2,346,614","$2,346,614",
609,Nick Young  Shooting Guard | 2013-2013 (FA: 2014)  Originally signed w/ LAL,28,2,"$2,334,927","$1,167,464",
610,Nick Johnson  Shooting Guard | 2014-2016 (FA: 2017)  Originally signed w/ HOU,21,3,"$2,332,826","$777,609",
611,E'Twaun Moore  Shooting Guard | 2020-2020 (FA: 2021)  Originally signed w/ PHX,31,1,"$2,331,593","$2,331,593",
612,Gerald Green  Shooting Guard | 2017-2017 (FA: 2018)  Originally signed w/ MIL,31,1,"$2,328,652","$2,328,652",
612,Tony Allen  Shooting Guard | 2017-2017 (FA: 2018)  Originally signed w/ NOP,35,1,"$2,328,652","$2,328,652",
612,Jason Terry  Shooting Guard | 2017-2017 (FA: 2018),40,1,"$2,328,652","$2,328,652",
612,Arron Afflalo  Shooting Guard | 2017-2017 (FA: 2018),31,1,"$2,328,652","$2,328,652",
612,Dwyane Wade  Shooting Guard | 2017-2017 (FA: 2018)  Originally signed w/ CLE,35,1,"$2,328,652","$2,328,652",
617,Alec Burks  Shooting Guard | 2019-2019 (FA: 2020)  Originally signed w/ GSW,27,1,"$2,320,044","$2,320,044",
617,Kent Bazemore  Shooting Guard | 2020-2020 (FA: 2021)  Originally signed w/ GSW,31,1,"$2,320,044","$2,320,044",
619,Ron Harper  Shooting Guard | 1986-1989 (FA: 1990)  Originally signed w/ CLE,22,4,"$2,300,000","$575,000",
620,Jamaal Franklin  Shooting Guard | 2013-2014 (FA: 2014)  Originally signed w/ MEM,22,3,"$2,298,758","$766,253",
621,Rodney McGruder  Shooting Guard | 2022-2022 (FA: 2023),31,1,"$2,298,385","$2,298,385",
621,Justin Anderson  Shooting Guard | 2022-2022 (FA: 2023),28,1,"$2,298,385","$2,298,385",
621,Denzel Valentine  Shooting Guard | 2022-2022 (FA: 2023),28,1,"$2,298,385","$2,298,385",
621,Timothe Luwawu-Cabarrot  Shooting Guard | 2022-2022 (FA: 2023),27,1,"$2,298,385","$2,298,385",
621,Bryn Forbes  Shooting Guard | 2022-2022 (FA: 2023),28,1,"$2,298,385","$2,298,385",
626,Matt Carroll  Shooting Guard | 2005-2006 (FA: 2007)  Originally signed w/ CHA,24,2,"$2,288,000","$1,144,000",
627,Jeff Taylor  Shooting Guard | 2012-2014 (FA: 2015)  Originally signed w/ CHA,23,3,"$2,279,115","$759,705",
628,Orlando Johnson  Shooting Guard | 2012-2014 (FA: 2013)  Originally signed w/ IND,23,3,"$2,254,115","$751,372",
628,Will Barton  Shooting Guard | 2012-2014 (FA: 2015)  Originally signed w/ POR,21,3,"$2,254,115","$751,372",
630,Khalif Wyatt  Shooting Guard | 2013-2015 (FA: 2013),22,3,"$2,253,938","$751,313",
631,Sean Kilpatrick  Shooting Guard | 2015-2017 (FA: 2018)  Originally signed w/ BKN,26,3,"$2,252,852","$750,951",
632,Anthony Parker  Shooting Guard | 2011-2011 (FA: 2012),36,1,"$2,250,000","$2,250,000",
633,Langston Galloway  Shooting Guard | 2021-2021 (FA: 2022)  Originally signed w/ GSW,29,1,"$2,239,544","$2,239,544",
634,Tony Wroten Jr.  Shooting Guard | 2016-2017 (FA: 2018),23,2,"$2,229,953","$1,114,977",
635,Brandon Paul  Shooting Guard | 2017-2018 (FA: 2019),26,2,"$2,193,857","$1,096,929",
635,Tyler Dorsey  Shooting Guard | 2017-2018 (FA: 2019)  Originally signed w/ ATL,21,2,"$2,193,857","$1,096,929",
637,Anthony Morrow  Shooting Guard | 2013-2013 (FA: 2014)  Originally signed w/ NOP,27,2,"$2,173,109","$1,086,555",
638,Michael Finley  Shooting Guard | 1995-1997 (FA: 0)  Originally signed w/ PHX,22,3,"$2,167,840","$722,613",
639,Quincy Pondexter  Shooting Guard | 2018-2018 (FA: 2019),30,1,"$2,165,481","$2,165,481",
640,Romeo Langford  Shooting Guard | 2023-2023 (FA: 2024),23,1,"$2,165,000","$2,165,000",
641,James Anderson  Shooting Guard | 2015-2016 (FA: 2017),26,2,"$2,154,544","$1,077,272",
642,Malcolm Lee  Shooting Guard | 2011-2013 (FA: 2013)  Originally signed w/ MIN,21,3,"$2,146,488","$715,496",
643,Patrick McCaw  Shooting Guard | 2022-2022 (FA: 2023),26,1,"$2,133,278","$2,133,278",
643,Damion Lee  Shooting Guard | 2022-2022 (FA: 2023),29,1,"$2,133,278","$2,133,278",
643,Josh Jackson  Shooting Guard | 2022-2022 (FA: 2023),25,1,"$2,133,278","$2,133,278",
646,Travis Leslie  Shooting Guard | 2011-2013 (FA: 2014)  Originally signed w/ LAC,21,3,"$2,120,092","$706,697",
647,Anthony Morrow  Shooting Guard | 2017-2017 (FA: 2018),31,1,"$2,116,955","$2,116,955",
647,Brandon Rush  Shooting Guard | 2017-2017 (FA: 2018)  Originally signed w/ MIL,32,1,"$2,116,955","$2,116,955",
647,Damien Wilkins  Shooting Guard | 2017-2017 (FA: 2018),37,1,"$2,116,955","$2,116,955",
650,Jodie Meeks  Shooting Guard | 2009-2011 (FA: 2012)  Originally signed w/ PHI,21,3,"$2,104,076","$701,359",
651,Charlie Brown Jr.  Shooting Guard | 2023-2023 (FA: 2024),25,1,"$2,092,354","$2,092,354",
652,Hollis Thompson  Shooting Guard | 2012-2012 (FA: 2012)  Originally signed w/ OKC,21,3,"$2,090,188","$696,729",
653,Nik Stauskas  Shooting Guard | 2021-2021 (FA: 2022)  Originally signed w/ DEN,28,1,"$2,089,448","$2,089,448",
654,Morris Almond  Shooting Guard | 2007-2011 (FA: 2012)  Originally signed w/ UTA,22,2,"$2,087,400","$1,043,700",
655,Garrett Temple  Shooting Guard | 2014-2015 (FA: 2016)  Originally signed w/ WAS,28,2,"$2,081,686","$1,040,843",
656,Edmond Sumner  Shooting Guard | 2018-2019 (FA: 2020)  Originally signed w/ IND,22,2,"$2,070,358","$1,035,179",
657,Elijah Millsap  Shooting Guard | 2014-2016 (FA: 2017)  Originally signed w/ UTA,27,3,"$2,067,221","$689,074",
658,Brent Barry  Shooting Guard | 2009-2009 (FA: 0),37,1,"$2,062,800","$2,062,800",
659,Chris Douglas-Roberts  Shooting Guard | 2008-2010 (FA: 2012)  Originally signed w/ NJN,20,3,"$2,033,220","$677,740",
660,Joe Harris  Shooting Guard | 2016-2017 (FA: 2018)  Originally signed w/ BKN,24,2,"$2,031,676","$1,015,838",
661,Michael Jordan  Shooting Guard | 2001-2002 (FA: 2003),38,2,"$2,030,000","$1,015,000",
662,Tyler Johnson  Shooting Guard | 2020-2020 (FA: 2021)  Originally signed w/ BKN,28,1,"$2,028,594","$2,028,594",
662,Langston Galloway  Shooting Guard | 2020-2020 (FA: 2021)  Originally signed w/ PHX,28,1,"$2,028,594","$2,028,594",
662,Troy Daniels  Shooting Guard | 2019-2019 (FA: 2020)  Originally signed w/ LAL,27,1,"$2,028,594","$2,028,594",
662,Nik Stauskas  Shooting Guard | 2020-2020 (FA: 2021)  Originally signed w/ MIL,27,1,"$2,028,594","$2,028,594",
666,Archie Goodwin  Shooting Guard | 2016-2017 (FA: 2018)  Originally signed w/ NOP,22,2,"$2,025,770","$1,012,885",
667,Nate Hinton  Shooting Guard | 2023-2023 (FA: 2024),23,1,"$2,019,706","$2,019,706",
667,David Duke Jr.  Shooting Guard | 2023-2023 (FA: 2024),23,1,"$2,019,706","$2,019,706",
667,Trevelin Queen  Shooting Guard | 2023-2023 (FA: 2024),26,1,"$2,019,706","$2,019,706",
670,Alan Anderson  Shooting Guard | 2013-2014 (FA: 2015)  Originally signed w/ BKN,30,2,"$2,011,291","$1,005,646",
671,Raja Bell  Shooting Guard | 2003-2004 (FA: 2005)  Originally signed w/ PHX,27,2,"$2,008,679","$1,004,340",
672,Corey Brewer  Shooting Guard | 2018-2018 (FA: 2019),32,1,"$2,000,000","$2,000,000",
673,Flip Murray  Shooting Guard | 0-2009 (FA: 2010)  Originally signed w/ CHI,-1,1,"$1,990,000","$1,990,000",
674,Dwayne Bacon  Shooting Guard | 2022-2022 (FA: 2023),27,1,"$1,968,175","$1,968,175",
674,Troy Brown Jr.  Shooting Guard | 2022-2022 (FA: 2023)  Originally signed w/ LAL,22,1,"$1,968,175","$1,968,175",
674,Josh Okogie  Shooting Guard | 2022-2022 (FA: 2023),23,1,"$1,968,175","$1,968,175",
674,Sviatoslav Mykhailiuk  Shooting Guard | 2022-2022 (FA: 2023)  Originally signed w/ NYK,25,1,"$1,968,175","$1,968,175",
674,Theo Pinson  Shooting Guard | 2022-2022 (FA: 2023),26,1,"$1,968,175","$1,968,175",
679,E'Twaun Moore  Shooting Guard | 2014-2015 (FA: 2016)  Originally signed w/ CHI,25,2,"$1,963,584","$981,792",
680,Justin Holiday  Shooting Guard | 2015-2016 (FA: 2017)  Originally signed w/ ATL,26,2,"$1,962,972","$981,486",
680,Seth Curry  Shooting Guard | 2015-2016 (FA: 2017)  Originally signed w/ SAC,24,2,"$1,962,972","$981,486",
682,Marco Belinelli  Shooting Guard | 2012-2012 (FA: 2013)  Originally signed w/ CHI,26,1,"$1,957,000","$1,957,000",
683,Rodney McGruder  Shooting Guard | 2021-2021 (FA: 2022),29,1,"$1,939,350","$1,939,350",
683,Justin Anderson  Shooting Guard | 2021-2021 (FA: 2022),27,1,"$1,939,350","$1,939,350",
683,Timothe Luwawu-Cabarrot  Shooting Guard | 2021-2021 (FA: 2022)  Originally signed w/ ATL,26,1,"$1,939,350","$1,939,350",
686,Ty Jerome  Shooting Guard | 2022-2022 (FA: 2023)  Originally signed w/ GSW,25,1,"$1,902,133","$1,902,133",
686,DaQuan Jeffries  Shooting Guard | 2022-2022 (FA: 2023),25,1,"$1,902,133","$1,902,133",
686,Jerome Robinson  Shooting Guard | 2022-2022 (FA: 2023),25,1,"$1,902,133","$1,902,133",
689,Daniel Ewing  Shooting Guard | 2005-2007 (FA: 2008),22,3,"$1,884,819","$628,273",
689,Louis Williams  Shooting Guard | 2005-2007 (FA: 2008)  Originally signed w/ PHI,18,3,"$1,884,819","$628,273",
691,Monta Ellis  Shooting Guard | 2005-2007 (FA: 2008)  Originally signed w/ GSW,19,3,"$1,883,581","$627,860",
692,Jordan Crawford  Shooting Guard | 2016-2017 (FA: 2018),28,2,"$1,882,637","$941,319",
693,R.J. Hunter  Shooting Guard | 2016-2017 (FA: 2018)  Originally signed w/ CHI,23,2,"$1,879,092","$939,546",
694,Chris Babb  Shooting Guard | 2013-2015 (FA: 2016)  Originally signed w/ BOS,24,3,"$1,841,610","$613,870",
695,Adam Mokoka  Shooting Guard | 2022-2022 (FA: 2023),24,1,"$1,836,090","$1,836,090",
695,Armoni Brooks  Shooting Guard | 2022-2022 (FA: 2023)  Originally signed w/ ATL,24,1,"$1,836,090","$1,836,090",
695,Robert Woodard II  Shooting Guard | 2022-2022 (FA: 2023),23,1,"$1,836,090","$1,836,090",
695,Jahmi'us Ramsey  Shooting Guard | 2022-2022 (FA: 2023),21,1,"$1,836,090","$1,836,090",
695,Skylar Mays  Shooting Guard | 2022-2022 (FA: 2023)  Originally signed w/ PHI,25,1,"$1,836,090","$1,836,090",
695,Jay Scrubb  Shooting Guard | 2022-2022 (FA: 2023)  Originally signed w/ LAC,21,1,"$1,836,090","$1,836,090",
695,Jay Scrubb  Shooting Guard | 2022-2022 (FA: 2023)  Originally signed w/ ORL,21,1,"$1,836,090","$1,836,090",
695,Nate Hinton  Shooting Guard | 2022-2022 (FA: 2023)  Originally signed w/ CLE,23,1,"$1,836,090","$1,836,090",
703,Sean Kilpatrick  Shooting Guard | 2015-2016 (FA: 2017)  Originally signed w/ NOP,25,2,"$1,825,490","$912,745",
704,Jeenathan Williams  Shooting Guard | 2023-2023 (FA: 2024),24,1,"$1,801,769","$1,801,769",
704,Buddy Boeheim  Shooting Guard | 2023-2023 (FA: 2024),23,1,"$1,801,769","$1,801,769",
706,Dwayne Bacon  Shooting Guard | 2021-2021 (FA: 2022)  Originally signed w/ NYK,25,1,"$1,789,256","$1,789,256",
706,Jared Cunningham  Shooting Guard | 2021-2021 (FA: 2022),30,1,"$1,789,256","$1,789,256",
706,Damyean Dotson  Shooting Guard | 2021-2021 (FA: 2022)  Originally signed w/ SAS,27,1,"$1,789,256","$1,789,256",
706,Malik Monk  Shooting Guard | 2021-2021 (FA: 2022)  Originally signed w/ LAL,23,1,"$1,789,256","$1,789,256",
710,Kevin Murphy  Shooting Guard | 2014-2015 (FA: 2016)  Originally signed w/ UTA,24,2,"$1,787,276","$893,638",
711,James White  Shooting Guard | 2012-2013 (FA: 2014),29,2,"$1,770,488","$885,244",
712,Troy Daniels  Shooting Guard | 2014-2015 (FA: 2016)  Originally signed w/ HOU,22,2,"$1,763,758","$881,879",
713,DeAndre Liggins  Shooting Guard | 2018-2018 (FA: 2019),30,1,"$1,757,429","$1,757,429",
713,John Jenkins  Shooting Guard | 2018-2018 (FA: 2019),27,1,"$1,757,429","$1,757,429",
713,Shabazz Muhammad  Shooting Guard | 2018-2018 (FA: 2019),25,1,"$1,757,429","$1,757,429",
713,Ian Clark  Shooting Guard | 2018-2018 (FA: 2019),27,1,"$1,757,429","$1,757,429",
717,James Young  Shooting Guard | 2020-2020 (FA: 2021),25,1,"$1,737,145","$1,737,145",
717,Jared Cunningham  Shooting Guard | 2019-2019 (FA: 2020)  Originally signed w/ GSW,28,1,"$1,737,145","$1,737,145",
717,Hollis Thompson  Shooting Guard | 2019-2019 (FA: 2020),28,1,"$1,737,145","$1,737,145",
717,Justin Anderson  Shooting Guard | 2019-2019 (FA: 2020)  Originally signed w/ WAS,25,1,"$1,737,145","$1,737,145",
721,Axel Toupane  Shooting Guard | 2021-2021 (FA: 2022),29,1,"$1,729,217","$1,729,217",
721,Theo Pinson  Shooting Guard | 2021-2021 (FA: 2022)  Originally signed w/ BOS,25,1,"$1,729,217","$1,729,217",
721,Wayne Selden  Shooting Guard | 2021-2021 (FA: 2022),26,1,"$1,729,217","$1,729,217",
724,MarShon Brooks  Shooting Guard | 2017-2018 (FA: 2019)  Originally signed w/ MEM,29,2,"$1,707,763","$853,882",
725,C.J. Wilcox  Shooting Guard | 2019-2019 (FA: 2020),28,1,"$1,678,854","$1,678,854",
725,Sterling Brown  Shooting Guard | 2020-2020 (FA: 2021)  Originally signed w/ HOU,25,1,"$1,678,854","$1,678,854",
725,Sindarius Thornwell  Shooting Guard | 2020-2020 (FA: 2021)  Originally signed w/ NOP,26,1,"$1,678,854","$1,678,854",
725,Naz Mitrou-Long  Shooting Guard | 2020-2020 (FA: 2021),27,1,"$1,678,854","$1,678,854",
725,Timothe Luwawu-Cabarrot  Shooting Guard | 2019-2019 (FA: 2020)  Originally signed w/ CLE,24,1,"$1,678,854","$1,678,854",
725,Elijah Millsap  Shooting Guard | 2019-2019 (FA: 2020),32,1,"$1,678,854","$1,678,854",
725,Markel Brown  Shooting Guard | 2019-2019 (FA: 2020),27,1,"$1,678,854","$1,678,854",
732,Xavier Silas  Shooting Guard | 2018-2018 (FA: 2019),30,1,"$1,676,700","$1,676,700",
733,Quinndary Weatherspoon  Shooting Guard | 2021-2021 (FA: 2022),25,1,"$1,669,178","$1,669,178",
733,Brian Bowen II  Shooting Guard | 2021-2021 (FA: 2022),22,1,"$1,669,178","$1,669,178",
733,Garrison Mathews  Shooting Guard | 2021-2021 (FA: 2022)  Originally signed w/ BOS,24,1,"$1,669,178","$1,669,178",
733,Davon Reed  Shooting Guard | 2021-2021 (FA: 2022)  Originally signed w/ DEN,26,1,"$1,669,178","$1,669,178",
733,Kyle Guy  Shooting Guard | 2021-2021 (FA: 2022)  Originally signed w/ CLE,24,1,"$1,669,178","$1,669,178",
733,Matt Thomas  Shooting Guard | 2021-2021 (FA: 2022),27,1,"$1,669,178","$1,669,178",
733,Justin James  Shooting Guard | 2021-2021 (FA: 2022)  Originally signed w/ CLE,24,1,"$1,669,178","$1,669,178",
733,DaQuan Jeffries  Shooting Guard | 2021-2021 (FA: 2022)  Originally signed w/ ATL,24,1,"$1,669,178","$1,669,178",
741,Steve Kerr  Shooting Guard | 1990-1992 (FA: 1993)  Originally signed w/ CLE,24,3,"$1,651,000","$550,333",
742,Nick Young  Shooting Guard | 2018-2018 (FA: 2019),33,1,"$1,650,024","$1,650,024",
743,DeAndre Liggins  Shooting Guard | 2012-2013 (FA: 2013)  Originally signed w/ OKC,24,2,"$1,646,488","$823,244",
743,E'Twaun Moore  Shooting Guard | 2012-2013 (FA: 2014),23,2,"$1,646,488","$823,244",
743,Cory Higgins  Shooting Guard | 2012-2012 (FA: 2012),23,2,"$1,646,488","$823,244",
746,Marial Shayock  Shooting Guard | 2022-2022 (FA: 2023),27,1,"$1,637,966","$1,637,966",
746,Dakota Mathias  Shooting Guard | 2022-2022 (FA: 2023),27,1,"$1,637,966","$1,637,966",
746,Lindell Wigginton  Shooting Guard | 2022-2022 (FA: 2023),24,1,"$1,637,966","$1,637,966",
746,Nate Darling  Shooting Guard | 2022-2022 (FA: 2023),24,1,"$1,637,966","$1,637,966",
746,Xavier Sneed  Shooting Guard | 2022-2022 (FA: 2023),24,1,"$1,637,966","$1,637,966",
746,Tyler Hall  Shooting Guard | 2022-2022 (FA: 2023),25,1,"$1,637,966","$1,637,966",
746,D.J. Stewart Jr.  Shooting Guard | 2022-2022 (FA: 2023)  Originally signed w/ DAL,23,1,"$1,637,966","$1,637,966",
746,Rob Edwards  Shooting Guard | 2022-2022 (FA: 2023),25,1,"$1,637,966","$1,637,966",
746,Xavier Moon  Shooting Guard | 2022-2022 (FA: 2023),27,1,"$1,637,966","$1,637,966",
755,Archie Goodwin  Shooting Guard | 2016-2017 (FA: 2018)  Originally signed w/ BKN,21,2,"$1,631,002","$815,501",
756,Nik Stauskas  Shooting Guard | 2018-2018 (FA: 2019)  Originally signed w/ POR,24,1,"$1,621,415","$1,621,415",
756,James Young  Shooting Guard | 2018-2018 (FA: 2019)  Originally signed w/ MIL,23,1,"$1,621,415","$1,621,415",
756,Rashad Vaughn  Shooting Guard | 2018-2018 (FA: 2019),22,1,"$1,621,415","$1,621,415",
759,Andrew Harrison  Shooting Guard | 2019-2019 (FA: 2020),24,1,"$1,620,564","$1,620,564",
759,Axel Toupane  Shooting Guard | 2020-2020 (FA: 2021),28,1,"$1,620,564","$1,620,564",
759,Antonius Cleveland  Shooting Guard | 2020-2020 (FA: 2021),26,1,"$1,620,564","$1,620,564",
759,Sindarius Thornwell  Shooting Guard | 2019-2019 (FA: 2020)  Originally signed w/ CLE,24,1,"$1,620,564","$1,620,564",
759,Zhaire Smith  Shooting Guard | 2020-2020 (FA: 2021),21,1,"$1,620,564","$1,620,564",
759,Khyri Thomas  Shooting Guard | 2020-2020 (FA: 2021)  Originally signed w/ SAS,24,1,"$1,620,564","$1,620,564",
759,C.J. Williams  Shooting Guard | 2019-2019 (FA: 2020),29,1,"$1,620,564","$1,620,564",
759,Davon Reed  Shooting Guard | 2019-2019 (FA: 2020)  Originally signed w/ MIA,24,1,"$1,620,564","$1,620,564",
767,Dairis Bertans  Shooting Guard | 2018-2019 (FA: 2020),29,2,"$1,611,072","$805,536",
768,Toney Douglas  Shooting Guard | 2013-2013 (FA: 2014)  Originally signed w/ GSW,27,1,"$1,600,000","$1,600,000",
769,DeAndre Liggins  Shooting Guard | 2017-2017 (FA: 2018),29,1,"$1,577,230","$1,577,230",
769,John Jenkins  Shooting Guard | 2017-2017 (FA: 2018)  Originally signed w/ ATL,26,1,"$1,577,230","$1,577,230",
769,Archie Goodwin  Shooting Guard | 2017-2017 (FA: 2018),23,1,"$1,577,230","$1,577,230",
769,Ian Clark  Shooting Guard | 2017-2017 (FA: 2018),26,1,"$1,577,230","$1,577,230",
773,K.J. McDaniels  Shooting Guard | 2018-2018 (FA: 2019),25,1,"$1,567,007","$1,567,007",
773,R.J. Hunter  Shooting Guard | 2018-2018 (FA: 2019)  Originally signed w/ ATL,24,1,"$1,567,007","$1,567,007",
775,Jason Terry  Shooting Guard | 2016-2016 (FA: 2017),38,1,"$1,551,659","$1,551,659",
775,James Jones  Shooting Guard | 2016-2016 (FA: 2017),35,1,"$1,551,659","$1,551,659",
777,Elijah Millsap  Shooting Guard | 2016-2017 (FA: 2018)  Originally signed w/ PHX,29,2,"$1,547,374","$773,687",
778,James Young  Shooting Guard | 2017-2017 (FA: 2018)  Originally signed w/ MIL,22,1,"$1,524,305","$1,524,305",
778,K.J. McDaniels  Shooting Guard | 2017-2017 (FA: 2018)  Originally signed w/ TOR,24,1,"$1,524,305","$1,524,305",
780,Marcus Georges-Hunt  Shooting Guard | 2018-2018 (FA: 2019),24,1,"$1,512,601","$1,512,601",
780,David Nwaba  Shooting Guard | 2018-2018 (FA: 2019)  Originally signed w/ CLE,24,1,"$1,512,601","$1,512,601",
782,Eddie House  Shooting Guard | 2007-2007 (FA: 2008)  Originally signed w/ BOS,-,1,"$1,500,000","$1,500,000",
782,Sasha Pavlovic  Shooting Guard | 2009-2009 (FA: 2010)  Originally signed w/ MIN,25,1,"$1,500,000","$1,500,000",
784,Jason Richardson  Shooting Guard | 2015-2015 (FA: 2016),34,1,"$1,499,187","$1,499,187",
784,Ben Gordon  Shooting Guard | 2015-2015 (FA: 2016),32,1,"$1,499,187","$1,499,187",
784,Jason Terry  Shooting Guard | 2015-2015 (FA: 2016)  Originally signed w/ HOU,37,1,"$1,499,187","$1,499,187",
784,Mike Miller  Shooting Guard | 2015-2015 (FA: 2016),35,1,"$1,499,187","$1,499,187",
784,James Jones  Shooting Guard | 2015-2015 (FA: 2016),34,1,"$1,499,187","$1,499,187",
789,Axel Toupane  Shooting Guard | 2016-2017 (FA: 2018)  Originally signed w/ NOP,24,2,"$1,497,107","$748,554",
790,Nate Hinton  Shooting Guard | 2021-2021 (FA: 2022)  Originally signed w/ IND,22,1,"$1,489,065","$1,489,065",
790,Cassius Stanley  Shooting Guard | 2021-2021 (FA: 2022),22,1,"$1,489,065","$1,489,065",
790,Elijah Bryant  Shooting Guard | 2021-2021 (FA: 2022),26,1,"$1,489,065","$1,489,065",
790,Nate Darling  Shooting Guard | 2021-2021 (FA: 2022),23,1,"$1,489,065","$1,489,065",
790,Armoni Brooks  Shooting Guard | 2021-2021 (FA: 2022)  Originally signed w/ HOU,23,1,"$1,489,065","$1,489,065",
790,Myles Powell  Shooting Guard | 2021-2021 (FA: 2022)  Originally signed w/ NYK,24,1,"$1,489,065","$1,489,065",
796,Vander Blue  Shooting Guard | 2017-2017 (FA: 2018),25,1,"$1,471,382","$1,471,382",
796,Markel Brown  Shooting Guard | 2017-2017 (FA: 2018),25,1,"$1,471,382","$1,471,382",
798,Micah Downs  Shooting Guard | 2012-2012 (FA: 2012),25,2,"$1,462,476","$731,238",
799,D.J. Stephens  Shooting Guard | 2016-2017 (FA: 2018),25,2,"$1,448,720","$724,360",
799,Patrick McCaw  Shooting Guard | 2016-2017 (FA: 2018)  Originally signed w/ GSW,20,2,"$1,448,720","$724,360",
799,Sheldon McClellan  Shooting Guard | 2016-2017 (FA: 2018)  Originally signed w/ WAS,23,2,"$1,448,720","$724,360",
799,Bryn Forbes  Shooting Guard | 2016-2017 (FA: 2018)  Originally signed w/ SAS,22,2,"$1,448,720","$724,360",
799,Brandon Paul  Shooting Guard | 2016-2017 (FA: 2018)  Originally signed w/ PHI,25,2,"$1,448,720","$724,360",
799,Damion Lee  Shooting Guard | 2016-2017 (FA: 2018)  Originally signed w/ BOS,23,2,"$1,448,720","$724,360",
805,Leandro Barbosa  Shooting Guard | 2014-2014 (FA: 2015)  Originally signed w/ GSW,31,1,"$1,448,490","$1,448,490",
805,James Jones  Shooting Guard | 2014-2014 (FA: 2015),33,1,"$1,448,490","$1,448,490",
807,Levi Randolph  Shooting Guard | 2020-2020 (FA: 2021),28,1,"$1,445,697","$1,445,697",
807,Zach Norvell Jr.  Shooting Guard | 2020-2020 (FA: 2021),22,1,"$1,445,697","$1,445,697",
807,Charlie Brown Jr.  Shooting Guard | 2020-2020 (FA: 2021)  Originally signed w/ MIN,22,1,"$1,445,697","$1,445,697",
807,Max Strus  Shooting Guard | 2020-2020 (FA: 2021)  Originally signed w/ MIA,24,1,"$1,445,697","$1,445,697",
807,Ky Bowman  Shooting Guard | 2020-2020 (FA: 2021),23,1,"$1,445,697","$1,445,697",
807,Josh Reaves  Shooting Guard | 2020-2020 (FA: 2021),23,1,"$1,445,697","$1,445,697",
807,Theo Pinson  Shooting Guard | 2019-2019 (FA: 2021)  Originally signed w/ BKN,23,1,"$1,445,697","$1,445,697",
807,DaQuan Jeffries  Shooting Guard | 2020-2020 (FA: 2022)  Originally signed w/ SAC,23,1,"$1,445,697","$1,445,697",
807,DeVaughn Akoon-Purcell  Shooting Guard | 2019-2019 (FA: 2020),26,1,"$1,445,697","$1,445,697",
807,Jordan Sibert  Shooting Guard | 2019-2019 (FA: 2020),27,1,"$1,445,697","$1,445,697",
807,Daniel Hamilton  Shooting Guard | 2019-2019 (FA: 2020),24,1,"$1,445,697","$1,445,697",
807,J.P. Macura  Shooting Guard | 2019-2019 (FA: 2020),24,1,"$1,445,697","$1,445,697",
819,Marcus Georges-Hunt  Shooting Guard | 2016-2017 (FA: 2018)  Originally signed w/ ORL,23,2,"$1,412,611","$706,306",
820,Sasha Vujacic  Shooting Guard | 2016-2016 (FA: 2017),32,1,"$1,410,598","$1,410,598",
820,Gerald Green  Shooting Guard | 2016-2016 (FA: 2017)  Originally signed w/ BOS,30,1,"$1,410,598","$1,410,598",
822,Eddie House  Shooting Guard | 2006-2006 (FA: 2007)  Originally signed w/ NJN,-,1,"$1,400,000","$1,400,000",
822,Roger Mason  Shooting Guard | 2010-2010 (FA: 2011)  Originally signed w/ NYK,29,1,"$1,400,000","$1,400,000",
824,Lamar Patterson  Shooting Guard | 2015-2016 (FA: 2017),23,2,"$1,399,729","$699,865",
824,Aaron Harrison  Shooting Guard | 2015-2016 (FA: 2017)  Originally signed w/ CHA,20,2,"$1,399,729","$699,865",
824,Corey Walden  Shooting Guard | 2015-2016 (FA: 2017),22,2,"$1,399,729","$699,865",
824,Michael Frazier  Shooting Guard | 2015-2016 (FA: 2017)  Originally signed w/ LAL,21,2,"$1,399,729","$699,865",
828,Mike Miller  Shooting Guard | 2013-2013 (FA: 2014)  Originally signed w/ MEM,33,1,"$1,399,507","$1,399,507",
828,Roger Mason  Shooting Guard | 2013-2013 (FA: 2013)  Originally signed w/ MIA,33,1,"$1,399,507","$1,399,507",
830,Wayne Selden  Shooting Guard | 2016-2017 (FA: 2018)  Originally signed w/ MEM,22,2,"$1,395,730","$697,865",
831,Andy Rautins  Shooting Guard | 2010-2011 (FA: 2012)  Originally signed w/ NYK,0,2,"$1,388,872","$694,436",
832,David Nwaba  Shooting Guard | 2016-2017 (FA: 2018)  Originally signed w/ LAL,24,2,"$1,386,139","$693,070",
833,Gerald Green  Shooting Guard | 2017-2017 (FA: 2018),31,1,"$1,381,404","$1,381,404",
834,Damien Wilkins  Shooting Guard | 2015-2015 (FA: 2016)  Originally signed w/ CHA,35,1,"$1,362,897","$1,362,897",
835,Sasha Vujacic  Shooting Guard | 2015-2015 (FA: 2016),31,1,"$1,356,146","$1,356,146",
835,Gerald Green  Shooting Guard | 2015-2015 (FA: 2016)  Originally signed w/ MIA,29,1,"$1,356,146","$1,356,146",
837,Markel Brown  Shooting Guard | 2014-2015 (FA: 2016)  Originally signed w/ BKN,22,2,"$1,352,395","$676,198",
837,Jordan Clarkson  Shooting Guard | 2014-2015 (FA: 2016)  Originally signed w/ LAL,22,2,"$1,352,395","$676,198",
839,Tyler Johnson  Shooting Guard | 2014-2014 (FA: 2014)  Originally signed w/ MIA,22,2,"$1,352,385","$676,193",
840,Tracy McGrady  Shooting Guard | 2010-2010 (FA: 2011)  Originally signed w/ DET,31,1,"$1,352,181","$1,352,181",
840,Tracy McGrady  Shooting Guard | 2011-2011 (FA: 2012)  Originally signed w/ ATL,31,1,"$1,352,181","$1,352,181",
840,Keyon Dooling  Shooting Guard | 2012-2012 (FA: 0)  Originally signed w/ BOS,32,1,"$1,352,181","$1,352,181",
843,Darius Johnson-Odom  Shooting Guard | 2018-2018 (FA: 2019),28,1,"$1,349,383","$1,349,383",
843,Nick Johnson  Shooting Guard | 2018-2018 (FA: 2019),25,1,"$1,349,383","$1,349,383",
843,Daniel Hamilton  Shooting Guard | 2018-2018 (FA: 2019)  Originally signed w/ ATL,23,1,"$1,349,383","$1,349,383",
843,Kadeem Allen  Shooting Guard | 2018-2018 (FA: 2019),25,1,"$1,349,383","$1,349,383",
847,Toney Douglas  Shooting Guard | 2014-2014 (FA: 2015)  Originally signed w/ NOP,29,2,"$1,329,654","$664,827",
848,Francisco Garcia  Shooting Guard | 2014-2014 (FA: 2015),32,1,"$1,316,809","$1,316,809",
849,Marcus Thornton  Shooting Guard | 2016-2016 (FA: 2017)  Originally signed w/ WAS,29,1,"$1,315,448","$1,315,448",
849,Toney Douglas  Shooting Guard | 2016-2016 (FA: 2017)  Originally signed w/ CLE,30,1,"$1,315,448","$1,315,448",
849,Alan Anderson  Shooting Guard | 2016-2016 (FA: 2017),33,1,"$1,315,448","$1,315,448",
852,Carrick Felix  Shooting Guard | 2017-2017 (FA: 2018),26,1,"$1,312,611","$1,312,611",
852,Michael Gbinije  Shooting Guard | 2017-2017 (FA: 2018),25,1,"$1,312,611","$1,312,611",
852,Marcus Georges-Hunt  Shooting Guard | 2017-2017 (FA: 2018)  Originally signed w/ MIN,23,1,"$1,312,611","$1,312,611",
855,Michael Redd  Shooting Guard | 2011-2011 (FA: 2012),31,1,"$1,308,506","$1,308,506",
856,Nick Calathes  Shooting Guard | 2013-2014 (FA: 2015),24,2,"$1,306,662","$653,331",
856,Dionte Christmas  Shooting Guard | 2013-2013 (FA: 2014)  Originally signed w/ PHX,26,2,"$1,306,662","$653,331",
856,Chris Smith  Shooting Guard | 2013-2014 (FA: 2013),25,2,"$1,306,662","$653,331",
856,Ian Clark  Shooting Guard | 2013-2014 (FA: 2015)  Originally signed w/ UTA,22,2,"$1,306,662","$653,331",
856,Seth Curry  Shooting Guard | 2013-2014 (FA: 2013)  Originally signed w/ GSW,23,2,"$1,306,662","$653,331",
856,Trent Lockett  Shooting Guard | 2013-2014 (FA: 2013),22,2,"$1,306,662","$653,331",
862,Damien Wilkins  Shooting Guard | 2013-2013 (FA: 2013)  Originally signed w/ ATL,33,1,"$1,272,279","$1,272,279",
863,Kim English  Shooting Guard | 2012-2013 (FA: 2014)  Originally signed w/ DET,23,2,"$1,262,476","$631,238",
863,Kevin Murphy  Shooting Guard | 2012-2013 (FA: 2013)  Originally signed w/ UTA,22,2,"$1,262,476","$631,238",
863,Dionte Christmas  Shooting Guard | 2012-2012 (FA: 2012)  Originally signed w/ BOS,25,2,"$1,262,476","$631,238",
863,Kent Bazemore  Shooting Guard | 2012-2013 (FA: 2014)  Originally signed w/ GSW,23,2,"$1,262,476","$631,238",
863,Chris Smith  Shooting Guard | 2012-2012 (FA: 2012),24,2,"$1,262,476","$631,238",
868,Manny Harris  Shooting Guard | 2010-2011 (FA: 2012)  Originally signed w/ CLE,20,2,"$1,262,276","$631,138",
869,E'Twaun Moore  Shooting Guard | 2011-2011 (FA: 2012)  Originally signed w/ BOS,22,2,"$1,235,799","$617,900",
870,Leandro Barbosa  Shooting Guard | 2012-2012 (FA: 2013)  Originally signed w/ BOS,29,1,"$1,229,255","$1,229,255",
870,Roger Mason  Shooting Guard | 2012-2012 (FA: 2013)  Originally signed w/ NOH,31,1,"$1,229,255","$1,229,255",
872,Lance Stephenson  Shooting Guard | 2016-2016 (FA: 2017)  Originally signed w/ NOP,25,1,"$1,227,286","$1,227,286",
873,Patrick Christopher  Shooting Guard | 2014-2015 (FA: 2016),26,2,"$1,224,069","$612,035",
874,Damien Wilkins  Shooting Guard | 2012-2012 (FA: 2013)  Originally signed w/ PHI,32,1,"$1,223,166","$1,223,166",
874,Sasha Pavlovic  Shooting Guard | 2011-2011 (FA: 2012)  Originally signed w/ BOS,28,1,"$1,223,166","$1,223,166",
874,Maurice Evans  Shooting Guard | 2011-2011 (FA: 2012),-,1,"$1,223,166","$1,223,166",
874,Flip Murray  Shooting Guard | 2012-2012 (FA: 2012),0,1,"$1,223,166","$1,223,166",
878,Marcus Thornton  Shooting Guard | 2009-2010 (FA: 2011)  Originally signed w/ SAC,21,2,"$1,220,083","$610,042",
879,Tony Wroten Jr.  Shooting Guard | 2015-2016 (FA: 2017)  Originally signed w/ NYK,22,2,"$1,218,367","$609,184",
880,Terrence Williams  Shooting Guard | 2012-2013 (FA: 2013),25,2,"$1,197,823","$598,912",
881,Chris Douglas-Roberts  Shooting Guard | 2015-2015 (FA: 2016),28,1,"$1,185,784","$1,185,784",
881,Marcus Thornton  Shooting Guard | 2015-2015 (FA: 2016)  Originally signed w/ HOU,28,1,"$1,185,784","$1,185,784",
881,Toney Douglas  Shooting Guard | 2015-2015 (FA: 2016)  Originally signed w/ IND,29,1,"$1,185,784","$1,185,784",
884,Sonny Weems  Shooting Guard | 2009-2010 (FA: 2011)  Originally signed w/ TOR,-,2,"$1,178,534","$589,267",
884,Anthony Morrow  Shooting Guard | 2008-2009 (FA: 2010)  Originally signed w/ GSW,22,2,"$1,178,534","$589,267",
884,Mike Taylor  Shooting Guard | 0-2009 (FA: 2010),-1,2,"$1,178,534","$589,267",
887,Austin Rivers  Shooting Guard | 2018-2018 (FA: 2019)  Originally signed w/ HOU,26,1,"$1,155,323","$1,155,323",
888,Damien Wilkins  Shooting Guard | 2011-2011 (FA: 2012)  Originally signed w/ DET,30,1,"$1,146,337","$1,146,337",
888,Quinton Ross  Shooting Guard | 0-2010 (FA: 2011),-1,1,"$1,146,337","$1,146,337",
890,Xavier Henry  Shooting Guard | 2016-2016 (FA: 2017),25,1,"$1,139,123","$1,139,123",
891,Bryce Hamilton  Shooting Guard | 2023-2023 (FA: 2024),22,1,"$1,119,563","$1,119,563",
891,Damion Baugh  Shooting Guard | 2023-2023 (FA: 2024),23,1,"$1,119,563","$1,119,563",
891,Andrew Funk  Shooting Guard | 2023-2023 (FA: 2024),23,1,"$1,119,563","$1,119,563",
891,Tosan Evbuomwan  Shooting Guard | 2023-2023 (FA: 2024),22,1,"$1,119,563","$1,119,563",
891,Iverson Molinar  Shooting Guard | 2023-2023 (FA: 2024),23,1,"$1,119,563","$1,119,563",
891,Justin Powell  Shooting Guard | 2023-2023 (FA: 2024),22,1,"$1,119,563","$1,119,563",
897,Devin Brown  Shooting Guard | 0-2009 (FA: 2010),-1,1,"$1,107,572","$1,107,572",
898,Xavier Henry  Shooting Guard | 2015-2015 (FA: 2016)  Originally signed w/ GSW,24,1,"$1,100,602","$1,100,602",
899,Daniel Gibson  Shooting Guard | 2006-2007 (FA: 2008),20,2,"$1,100,174","$550,087",
899,James White  Shooting Guard | 2006-2006 (FA: 2006)  Originally signed w/ IND,23,2,"$1,100,174","$550,087",
901,James White  Shooting Guard | 2006-2006 (FA: 2007)  Originally signed w/ SAS,23,2,"$1,092,891","$546,446",
902,Xavier Henry  Shooting Guard | 2014-2014 (FA: 2015)  Originally signed w/ LAL,23,1,"$1,082,000","$1,082,000",
903,Langston Galloway  Shooting Guard | 2014-2015 (FA: 2016)  Originally signed w/ NYK,23,2,"$1,080,821","$540,411",
904,James Jones  Shooting Guard | 2010-2010 (FA: 2011)  Originally signed w/ MIA,29,1,"$1,069,509","$1,069,509",
905,Wayne Ellington  Shooting Guard | 2014-2014 (FA: 2015),26,1,"$1,063,384","$1,063,384",
906,Alan Anderson  Shooting Guard | 2005-2006 (FA: 2006)  Originally signed w/ CHA,22,2,"$1,062,971","$531,486",
907,Elliot Williams  Shooting Guard | 2016-2016 (FA: 2017),27,1,"$1,050,961","$1,050,961",
907,Orlando Johnson  Shooting Guard | 2016-2016 (FA: 2017),26,1,"$1,050,961","$1,050,961",
909,Tyler Johnson  Shooting Guard | 2014-2015 (FA: 2016)  Originally signed w/ MIA,22,2,"$1,045,009","$522,505",
910,Quinton Rose  Shooting Guard | 2022-2022 (FA: 2023),24,1,"$1,017,781","$1,017,781",
910,Ethan Thompson  Shooting Guard | 2022-2022 (FA: 2023),23,1,"$1,017,781","$1,017,781",
910,Dru Smith  Shooting Guard | 2022-2022 (FA: 2023),24,1,"$1,017,781","$1,017,781",
910,Drake Jeffries  Shooting Guard | 2022-2022 (FA: 2023),23,1,"$1,017,781","$1,017,781",
910,Jared Rhoden  Shooting Guard | 2022-2022 (FA: 2023)  Originally signed w/ POR,22,1,"$1,017,781","$1,017,781",
910,Anthony Duruji  Shooting Guard | 2022-2022 (FA: 2023),24,1,"$1,017,781","$1,017,781",
910,Iverson Molinar  Shooting Guard | 2022-2022 (FA: 2023),22,1,"$1,017,781","$1,017,781",
910,Michael Devoe  Shooting Guard | 2022-2022 (FA: 2023),22,1,"$1,017,781","$1,017,781",
910,Jules Bernard  Shooting Guard | 2022-2022 (FA: 2023),22,1,"$1,017,781","$1,017,781",
910,Darryl Morsell  Shooting Guard | 2022-2022 (FA: 2023),23,1,"$1,017,781","$1,017,781",
910,Bryce Hamilton  Shooting Guard | 2022-2022 (FA: 2023),21,1,"$1,017,781","$1,017,781",
910,A.J. Reeves  Shooting Guard | 2022-2022 (FA: 2023),23,1,"$1,017,781","$1,017,781",
910,Jeenathan Williams  Shooting Guard | 2022-2022 (FA: 2023)  Originally signed w/ UTA,23,1,"$1,017,781","$1,017,781",
910,Nate Pierre-Louis  Shooting Guard | 2022-2022 (FA: 2023),23,1,"$1,017,781","$1,017,781",
924,Ian Clark  Shooting Guard | 2016-2016 (FA: 2017)  Originally signed w/ GSW,25,1,"$1,015,696","$1,015,696",
925,Elliot Williams  Shooting Guard | 2015-2015 (FA: 2016)  Originally signed w/ CHA,26,1,"$1,015,421","$1,015,421",
925,Jordan Crawford  Shooting Guard | 2015-2015 (FA: 2016)  Originally signed w/ CHI,26,1,"$1,015,421","$1,015,421",
927,Toney Douglas  Shooting Guard | 2016-2016 (FA: 2017),30,1,"$998,193","$998,193",
928,Chris Babb  Shooting Guard | 2014-2015 (FA: 2016)  Originally signed w/ BOS,25,2,"$995,304","$497,652",
929,James Jones  Shooting Guard | 2003-2004 (FA: 2005)  Originally signed w/ IND,22,2,"$986,977","$493,489",
929,Kyle Korver  Shooting Guard | 2003-2004 (FA: 2005)  Originally signed w/ PHI,21,2,"$986,977","$493,489",
931,Jordan McRae  Shooting Guard | 2015-2016 (FA: 2017)  Originally signed w/ CLE,23,2,"$985,832","$492,916",
932,Ricky Ledo  Shooting Guard | 2014-2015 (FA: 2016),22,2,"$985,699","$492,850",
933,Jared Cunningham  Shooting Guard | 2015-2015 (FA: 2016)  Originally signed w/ CLE,24,1,"$981,348","$981,348",
934,Damion James  Shooting Guard | 2014-2014 (FA: 2014),26,1,"$981,084","$981,084",
935,P.J. Hairston  Shooting Guard | 2016-2016 (FA: 2017),23,1,"$980,431","$980,431",
935,Markel Brown  Shooting Guard | 2016-2016 (FA: 2017)  Originally signed w/ CLE,24,1,"$980,431","$980,431",
937,Terrel Harris  Shooting Guard | 2012-2013 (FA: 2013)  Originally signed w/ NOH,25,2,"$973,963","$486,982",
938,Jamaal Franklin  Shooting Guard | 2014-2015 (FA: 2015),23,2,"$966,487","$483,244",
939,Ron Baker  Shooting Guard | 2018-2018 (FA: 2019),25,1,"$948,581","$948,581",
940,Chris Douglas-Roberts  Shooting Guard | 2014-2014 (FA: 2015)  Originally signed w/ LAC,27,1,"$948,163","$948,163",
941,Chris Douglas-Roberts  Shooting Guard | 2013-2013 (FA: 2013)  Originally signed w/ NYK,26,1,"$947,907","$947,907",
942,Ian Clark  Shooting Guard | 2015-2015 (FA: 2016)  Originally signed w/ GSW,24,1,"$947,276","$947,276",
943,Axel Toupane  Shooting Guard | 2015-2016 (FA: 2017)  Originally signed w/ DEN,23,2,"$936,412","$468,206",
944,Xavier Sneed  Shooting Guard | 2021-2021 (FA: 2022),23,1,"$925,258","$925,258",
944,Tyler Bey  Shooting Guard | 2021-2021 (FA: 2022),23,1,"$925,258","$925,258",
944,Ibi Watson  Shooting Guard | 2021-2021 (FA: 2022),23,1,"$925,258","$925,258",
944,Rob Edwards  Shooting Guard | 2021-2021 (FA: 2022)  Originally signed w/ OKC,24,1,"$925,258","$925,258",
944,Devontae Shuler  Shooting Guard | 2021-2021 (FA: 2022),23,1,"$925,258","$925,258",
944,David Duke Jr.  Shooting Guard | 2021-2021 (FA: 2022)  Originally signed w/ BKN,21,1,"$925,258","$925,258",
944,Hassani Gravett  Shooting Guard | 2021-2021 (FA: 2022),0,1,"$925,258","$925,258",
944,Ethan Thompson  Shooting Guard | 2021-2021 (FA: 2022),22,1,"$925,258","$925,258",
944,Marcus Foster  Shooting Guard | 2021-2021 (FA: 2022),26,1,"$925,258","$925,258",
944,Mitch Ballock  Shooting Guard | 2021-2021 (FA: 2022),23,1,"$925,258","$925,258",
944,Trevelin Queen  Shooting Guard | 2021-2021 (FA: 2022)  Originally signed w/ LAL,24,1,"$925,258","$925,258",
944,Dru Smith  Shooting Guard | 2021-2021 (FA: 2022),23,1,"$925,258","$925,258",
944,Shaq Buchanan  Shooting Guard | 2021-2021 (FA: 2022),24,1,"$925,258","$925,258",
944,D.J. Stewart Jr.  Shooting Guard | 2021-2021 (FA: 2022),22,1,"$925,258","$925,258",
944,Tyler Hall  Shooting Guard | 2021-2021 (FA: 2022)  Originally signed w/ NYK,24,1,"$925,258","$925,258",
944,Denzel Mahoney  Shooting Guard | 2021-2021 (FA: 2022),23,1,"$925,258","$925,258",
960,Garrett Temple  Shooting Guard | 2013-2013 (FA: 2014)  Originally signed w/ WAS,27,1,"$916,099","$916,099",
960,Xavier Henry  Shooting Guard | 2013-2013 (FA: 2014)  Originally signed w/ LAL,21,1,"$916,099","$916,099",
960,Elliot Williams  Shooting Guard | 2013-2013 (FA: 2013)  Originally signed w/ CLE,24,1,"$916,099","$916,099",
960,Damion James  Shooting Guard | 2013-2013 (FA: 2013)  Originally signed w/ DEN,25,1,"$916,099","$916,099",
964,Jared Cunningham  Shooting Guard | 2014-2014 (FA: 2015)  Originally signed w/ LAC,23,1,"$915,243","$915,243",
964,Doron Lamb  Shooting Guard | 2014-2014 (FA: 2014),22,1,"$915,243","$915,243",
966,Roger Mason  Shooting Guard | 2002-2003 (FA: 2004)  Originally signed w/ CHI,21,2,"$913,227","$456,614",
967,James White  Shooting Guard | 2008-2009 (FA: 2010)  Originally signed w/ HOU,25,2,"$912,267","$456,134",
968,Kenny Williams  Shooting Guard | 2019-2019 (FA: 2020),22,1,"$898,310","$898,310",
968,Armoni Brooks  Shooting Guard | 2019-2019 (FA: 2020)  Originally signed w/ ATL,21,1,"$898,310","$898,310",
968,C.J. Massinburg  Shooting Guard | 2019-2019 (FA: 2020),22,1,"$898,310","$898,310",
968,Yudai Baba  Shooting Guard | 2019-2019 (FA: 2020),23,1,"$898,310","$898,310",
968,Zak Irvin  Shooting Guard | 2019-2019 (FA: 2020),25,1,"$898,310","$898,310",
968,Shaq Buchanan  Shooting Guard | 2019-2019 (FA: 2020),22,1,"$898,310","$898,310",
968,Hassani Gravett  Shooting Guard | 2019-2019 (FA: 2020),0,1,"$898,310","$898,310",
968,Nick Zeisloft  Shooting Guard | 2019-2019 (FA: 2020),26,1,"$898,310","$898,310",
968,Julian Washburn  Shooting Guard | 2019-2019 (FA: 2020),27,1,"$898,310","$898,310",
968,Shizz Alston  Shooting Guard | 2019-2019 (FA: 2020),23,1,"$898,310","$898,310",
968,Andre Dawkins  Shooting Guard | 2019-2019 (FA: 2020),28,1,"$898,310","$898,310",
968,Dakarai Allen  Shooting Guard | 2019-2019 (FA: 2020),24,1,"$898,310","$898,310",
968,Trevon Bluiett  Shooting Guard | 2019-2019 (FA: 2020),24,1,"$898,310","$898,310",
968,DaQuan Jeffries  Shooting Guard | 2019-2019 (FA: 2020)  Originally signed w/ ORL,22,1,"$898,310","$898,310",
968,Trevon Bluiett  Shooting Guard | 2020-2020 (FA: 2021),24,1,"$898,310","$898,310",
968,Vic Law  Shooting Guard | 2019-2019 (FA: 2020),23,1,"$898,310","$898,310",
968,Tyler Hall  Shooting Guard | 2020-2020 (FA: 2021)  Originally signed w/ NYK,23,1,"$898,310","$898,310",
968,Shaq Buchanan  Shooting Guard | 2020-2020 (FA: 2021),22,1,"$898,310","$898,310",
968,Jon Davis  Shooting Guard | 2019-2019 (FA: 2020),0,1,"$898,310","$898,310",
968,Trevelin Queen  Shooting Guard | 2020-2020 (FA: 2021)  Originally signed w/ HOU,23,1,"$898,310","$898,310",
968,Quinton Rose  Shooting Guard | 2020-2020 (FA: 2021)  Originally signed w/ SAC,22,1,"$898,310","$898,310",
968,Caleb Homesley  Shooting Guard | 2020-2020 (FA: 2021),24,1,"$898,310","$898,310",
968,Kevon Harris  Shooting Guard | 2020-2020 (FA: 0)  Originally signed w/ LAL,23,1,"$898,310","$898,310",
968,Jake Toolson  Shooting Guard | 2020-2020 (FA: 2021),24,1,"$898,310","$898,310",
968,Charles Matthews  Shooting Guard | 2020-2020 (FA: 2021),24,1,"$898,310","$898,310",
968,Ronshad Shabazz  Shooting Guard | 2019-2019 (FA: 2020),23,1,"$898,310","$898,310",
968,Myles Powell  Shooting Guard | 2020-2020 (FA: 2021)  Originally signed w/ NYK,23,1,"$898,310","$898,310",
968,Xavier Sneed  Shooting Guard | 2020-2020 (FA: 2021),22,1,"$898,310","$898,310",
968,Lindell Wigginton  Shooting Guard | 2019-2019 (FA: 2020)  Originally signed w/ MIN,21,1,"$898,310","$898,310",
968,David Kramer  Shooting Guard | 2019-2019 (FA: 2020),22,1,"$898,310","$898,310",
968,Levi Randolph  Shooting Guard | 2019-2019 (FA: 2020),26,1,"$898,310","$898,310",
968,Keandre Cook  Shooting Guard | 2020-2020 (FA: 2021),23,1,"$898,310","$898,310",
968,Dakota Mathias  Shooting Guard | 2019-2019 (FA: 2020)  Originally signed w/ DAL,24,1,"$898,310","$898,310",
968,Tyus Battle  Shooting Guard | 2019-2019 (FA: 2020),22,1,"$898,310","$898,310",
968,Barry Brown Jr.  Shooting Guard | 2019-2019 (FA: 2020),22,1,"$898,310","$898,310",
1003,Jabari Brown  Shooting Guard | 2014-2015 (FA: 2016)  Originally signed w/ LAL,22,2,"$889,824","$444,912",
1004,Chris Douglas-Roberts  Shooting Guard | 2012-2012 (FA: 2012)  Originally signed w/ LAL,25,1,"$885,120","$885,120",
1004,Chris Douglas-Roberts  Shooting Guard | 2012-2012 (FA: 2012)  Originally signed w/ DAL,25,1,"$885,120","$885,120",
1004,Terrence Williams  Shooting Guard | 2012-2012 (FA: 2012)  Originally signed w/ DET,25,1,"$885,120","$885,120",
1004,Alan Anderson  Shooting Guard | 2012-2012 (FA: 2013)  Originally signed w/ TOR,29,1,"$885,120","$885,120",
1004,Blake Ahearn  Shooting Guard | 2012-2012 (FA: 2012),28,1,"$885,120","$885,120",
1009,Jermaine Taylor  Shooting Guard | 2013-2013 (FA: 2013),26,1,"$884,293","$884,293",
1009,Manny Harris  Shooting Guard | 2013-2013 (FA: 2013)  Originally signed w/ ORL,24,1,"$884,293","$884,293",
1011,D.J. Kennedy  Shooting Guard | 2016-2016 (FA: 2017),26,1,"$874,636","$874,636",
1011,Kevin Murphy  Shooting Guard | 2016-2016 (FA: 2017),26,1,"$874,636","$874,636",
1011,Dionte Christmas  Shooting Guard | 2016-2016 (FA: 2017),30,1,"$874,636","$874,636",
1011,Nick Johnson  Shooting Guard | 2016-2016 (FA: 2017)  Originally signed w/ ORL,23,1,"$874,636","$874,636",
1011,Jabari Brown  Shooting Guard | 2016-2016 (FA: 2017),23,1,"$874,636","$874,636",
1011,Luis Montero  Shooting Guard | 2016-2016 (FA: 2017)  Originally signed w/ MIA,23,1,"$874,636","$874,636",
1017,Anthony Roberson  Shooting Guard | 0-2009 (FA: 2010),-1,1,"$855,189","$855,189",
1018,Gerald Green  Shooting Guard | 2008-2008 (FA: 2009)  Originally signed w/ DAL,22,1,"$854,957","$854,957",
1019,Garrett Temple  Shooting Guard | 2012-2012 (FA: 2012)  Originally signed w/ MIA,26,1,"$854,389","$854,389",
1019,Will Conroy  Shooting Guard | 2012-2012 (FA: 2013),0,1,"$854,389","$854,389",
1019,James Anderson  Shooting Guard | 2012-2012 (FA: 2012)  Originally signed w/ ATL,23,1,"$854,389","$854,389",
1019,James Anderson  Shooting Guard | 2012-2012 (FA: 2012)  Originally signed w/ SAS,23,1,"$854,389","$854,389",
1019,Damion James  Shooting Guard | 2012-2012 (FA: 2012)  Originally signed w/ ATL,24,1,"$854,389","$854,389",
1019,Coby Karl  Shooting Guard | 2012-2012 (FA: 2012),29,1,"$854,389","$854,389",
1025,Gilbert Arenas  Shooting Guard | 2001-2002 (FA: 2003)  Originally signed w/ GSW,19,2,"$845,252","$422,626",
1026,Terrico White  Shooting Guard | 2015-2015 (FA: 2016),25,1,"$845,059","$845,059",
1026,Dionte Christmas  Shooting Guard | 2015-2015 (FA: 2016)  Originally signed w/ NOP,29,1,"$845,059","$845,059",
1026,Patrick Christopher  Shooting Guard | 2015-2015 (FA: 2016),27,1,"$845,059","$845,059",
1026,D.J. Stephens  Shooting Guard | 2015-2015 (FA: 2016)  Originally signed w/ CLE,24,1,"$845,059","$845,059",
1030,Billy Garrett  Shooting Guard | 2018-2018 (FA: 2019),23,1,"$838,464","$838,464",
1030,Paul Watson  Shooting Guard | 2018-2018 (FA: 2019)  Originally signed w/ NYK,23,1,"$838,464","$838,464",
1030,Brandon Sampson  Shooting Guard | 2018-2018 (FA: 2019)  Originally signed w/ HOU,21,1,"$838,464","$838,464",
1030,Canyon Barry  Shooting Guard | 2018-2018 (FA: 2019),24,1,"$838,464","$838,464",
1030,Oleksandr Kobets  Shooting Guard | 2018-2018 (FA: 2019),22,1,"$838,464","$838,464",
1030,Olivier Hanlan  Shooting Guard | 2018-2018 (FA: 2019),25,1,"$838,464","$838,464",
1030,Levi Randolph  Shooting Guard | 2018-2018 (FA: 2019),25,1,"$838,464","$838,464",
1030,Dez Wells  Shooting Guard | 2018-2018 (FA: 2019),26,1,"$838,464","$838,464",
1030,Julian Washburn  Shooting Guard | 2018-2018 (FA: 2019)  Originally signed w/ SAS,26,1,"$838,464","$838,464",
1030,Isaac Hamilton  Shooting Guard | 2018-2018 (FA: 2019),24,1,"$838,464","$838,464",
1030,Jaylen Barford  Shooting Guard | 2018-2018 (FA: 2019),22,1,"$838,464","$838,464",
1030,Theo Pinson  Shooting Guard | 2018-2018 (FA: 2019)  Originally signed w/ BKN,22,1,"$838,464","$838,464",
1030,Markel Crawford  Shooting Guard | 2018-2018 (FA: 2019),23,1,"$838,464","$838,464",
1030,Tiwian Kendley  Shooting Guard | 2018-2018 (FA: 2019),23,1,"$838,464","$838,464",
1030,Robert Johnson  Shooting Guard | 2018-2018 (FA: 2019),23,1,"$838,464","$838,464",
1030,Scottie Lindsey  Shooting Guard | 2018-2018 (FA: 2019),22,1,"$838,464","$838,464",
1046,Justin Holiday  Shooting Guard | 2012-2013 (FA: 2013)  Originally signed w/ PHI,23,2,"$836,232","$418,116",
1047,Eddie House  Shooting Guard | 2005-2005 (FA: 2006)  Originally signed w/ PHX,-,1,"$835,810","$835,810",
1048,Garrett Temple  Shooting Guard | 2009-2009 (FA: 2010)  Originally signed w/ SAS,22,2,"$821,412","$410,706",
1049,Sean Kilpatrick  Shooting Guard | 2017-2017 (FA: 2018)  Originally signed w/ MIL,28,1,"$818,130","$818,130",
1050,Xavier Silas  Shooting Guard | 2014-2014 (FA: 2014)  Originally signed w/ WAS,26,1,"$816,482","$816,482",
1050,Kim English  Shooting Guard | 2014-2014 (FA: 2014),26,1,"$816,482","$816,482",
1050,Dionte Christmas  Shooting Guard | 2014-2014 (FA: 2015)  Originally signed w/ NOP,27,1,"$816,482","$816,482",
1050,Justin Holiday  Shooting Guard | 2014-2014 (FA: 2015)  Originally signed w/ GSW,25,1,"$816,482","$816,482",
1050,Seth Curry  Shooting Guard | 2014-2014 (FA: 2014)  Originally signed w/ ORL,24,1,"$816,482","$816,482",
1050,Vander Blue  Shooting Guard | 2014-2014 (FA: 2015)  Originally signed w/ WAS,22,1,"$816,482","$816,482",
1050,D.J. Stephens  Shooting Guard | 2014-2014 (FA: 2015)  Originally signed w/ NOP,23,1,"$816,482","$816,482",
1057,Andy Rautins  Shooting Guard | 2017-2017 (FA: 2018),0,1,"$815,615","$815,615",
1057,Trey McKinney-Jones  Shooting Guard | 2017-2017 (FA: 2018),27,1,"$815,615","$815,615",
1057,Tyrone Wallace  Shooting Guard | 2017-2017 (FA: 2018)  Originally signed w/ LAC,23,1,"$815,615","$815,615",
1057,C.J. Williams  Shooting Guard | 2017-2017 (FA: 2018)  Originally signed w/ LAC,27,1,"$815,615","$815,615",
1057,James Blackmon Jr.  Shooting Guard | 2017-2017 (FA: 2018),22,1,"$815,615","$815,615",
1057,L.J. Peak  Shooting Guard | 2017-2017 (FA: 2018),21,1,"$815,615","$815,615",
1057,Matt Williams  Shooting Guard | 2017-2017 (FA: 2018),23,1,"$815,615","$815,615",
1057,Gian Clavell  Shooting Guard | 2017-2017 (FA: 2018),23,1,"$815,615","$815,615",
1057,Antonius Cleveland  Shooting Guard | 2017-2017 (FA: 2018)  Originally signed w/ GSW,22,1,"$815,615","$815,615",
1057,Xavier Rathan-Mayes  Shooting Guard | 2017-2017 (FA: 2018)  Originally signed w/ NYK,23,1,"$815,615","$815,615",
1057,Peter Jok  Shooting Guard | 2017-2017 (FA: 2018),23,1,"$815,615","$815,615",
1057,Naz Mitrou-Long  Shooting Guard | 2017-2017 (FA: 2018)  Originally signed w/ UTA,24,1,"$815,615","$815,615",
1057,Terry Henderson  Shooting Guard | 2017-2017 (FA: 2018),23,1,"$815,615","$815,615",
1057,Jordan Mathews  Shooting Guard | 2017-2017 (FA: 2018),23,1,"$815,615","$815,615",
1057,Isaac Hamilton  Shooting Guard | 2017-2017 (FA: 2018),23,1,"$815,615","$815,615",
1072,Roger Mason  Shooting Guard | 2007-2007 (FA: 2008)  Originally signed w/ WAS,27,1,"$798,328","$798,328",
1073,D.J. Kennedy  Shooting Guard | 2013-2013 (FA: 2013)  Originally signed w/ DAL,23,1,"$788,872","$788,872",
1073,Xavier Silas  Shooting Guard | 2013-2013 (FA: 2013)  Originally signed w/ WAS,25,1,"$788,872","$788,872",
1073,Darius Johnson-Odom  Shooting Guard | 2013-2013 (FA: 2013)  Originally signed w/ LAL,23,1,"$788,872","$788,872",
1073,Justin Holiday  Shooting Guard | 2013-2013 (FA: 2013)  Originally signed w/ UTA,24,1,"$788,872","$788,872",
1077,Patrick McCaw  Shooting Guard | 2018-2018 (FA: 2019)  Originally signed w/ TOR,23,1,"$786,211","$786,211",
1078,Eddie House  Shooting Guard | 2000-2001 (FA: 2002),0,2,"$782,819","$391,410",
1078,Michael Redd  Shooting Guard | 2000-2001 (FA: 2002)  Originally signed w/ MIL,20,2,"$782,819","$391,410",
1080,D.J. Kennedy  Shooting Guard | 2011-2012 (FA: 2012)  Originally signed w/ CLE,21,2,"$780,640","$390,320",
1081,Marco Belinelli  Shooting Guard | 2017-2017 (FA: 2018)  Originally signed w/ PHI,31,1,"$776,217","$776,217",
1082,Jermaine Taylor  Shooting Guard | 2012-2012 (FA: 2012)  Originally signed w/ MIN,25,1,"$762,195","$762,195",
1082,Darington Hobson  Shooting Guard | 2011-2011 (FA: 2012),-,1,"$762,195","$762,195",
1082,Andy Rautins  Shooting Guard | 2012-2012 (FA: 2012)  Originally signed w/ OKC,0,1,"$762,195","$762,195",
1082,Terrel Harris  Shooting Guard | 2012-2012 (FA: 2012)  Originally signed w/ MIA,25,1,"$762,195","$762,195",
1082,Carldell Johnson  Shooting Guard | 2012-2012 (FA: 2012),0,1,"$762,195","$762,195",
1087,Keyon Dooling  Shooting Guard | 2004-2004 (FA: 2005)  Originally signed w/ MIA,23,1,"$754,046","$754,046",
1088,Eddie House  Shooting Guard | 2003-2003 (FA: 2004)  Originally signed w/ LAC,-,1,"$750,000","$750,000",
1089,Joe Johnson  Shooting Guard | 2017-2017 (FA: 2018)  Originally signed w/ HOU,36,1,"$749,905","$749,905",
1090,Roger Mason  Shooting Guard | 2006-2006 (FA: 2007)  Originally signed w/ WAS,25,1,"$744,551","$744,551",
1091,Wesley Matthews  Shooting Guard | 2018-2018 (FA: 2019)  Originally signed w/ IND,32,1,"$737,715","$737,715",
1092,Malcolm Lee  Shooting Guard | 2014-2014 (FA: 2015),24,1,"$710,659","$710,659",
1093,Chris Douglas-Roberts  Shooting Guard | 2013-2013 (FA: 2014)  Originally signed w/ CHA,26,1,"$708,142","$708,142",
1094,Acie Law  Shooting Guard | 2010-2010 (FA: 2011),-,1,"$656,030","$656,030",
1095,Eddie House  Shooting Guard | 2002-2002 (FA: 2003),-,1,"$637,435","$637,435",
1096,Jimmy King  Shooting Guard | 1995-1996 (FA: 1996)  Originally signed w/ TOR,22,2,"$630,000","$315,000",
1097,Raja Bell  Shooting Guard | 2002-2002 (FA: 2003)  Originally signed w/ DAL,25,1,"$612,435","$612,435",
1098,Chris Douglas-Roberts  Shooting Guard | 2012-2012 (FA: 2013)  Originally signed w/ DAL,24,1,"$603,964","$603,964",
1099,Daequan Cook  Shooting Guard | 2012-2012 (FA: 2013),25,1,"$595,608","$595,608",
1100,Garrett Temple  Shooting Guard | 2012-2012 (FA: 2013)  Originally signed w/ WAS,26,1,"$572,943","$572,943",
1101,Eddie House  Shooting Guard | 2004-2004 (FA: 2005)  Originally signed w/ MIL,-,1,"$563,327","$563,327",
1102,Ron Baker  Shooting Guard | 2016-2016 (FA: 2017)  Originally signed w/ NYK,23,1,"$543,471","$543,471",
1102,Keith Hornsby  Shooting Guard | 2016-2016 (FA: 2017),23,1,"$543,471","$543,471",
1102,Wayne Selden  Shooting Guard | 2016-2016 (FA: 2017)  Originally signed w/ MEM,21,1,"$543,471","$543,471",
1102,Beau Beech  Shooting Guard | 2016-2016 (FA: 2017),22,1,"$543,471","$543,471",
1102,Rasheed Sulaimon  Shooting Guard | 2016-2016 (FA: 2017),22,1,"$543,471","$543,471",
1102,Marcus Georges-Hunt  Shooting Guard | 2016-2016 (FA: 2017),22,1,"$543,471","$543,471",
1102,Nick Zeisloft  Shooting Guard | 2016-2016 (FA: 2017)  Originally signed w/ IND,23,1,"$543,471","$543,471",
1102,C.J. Williams  Shooting Guard | 2016-2016 (FA: 2017)  Originally signed w/ DAL,26,1,"$543,471","$543,471",
1102,Alex Caruso  Shooting Guard | 2016-2016 (FA: 2017)  Originally signed w/ OKC,22,1,"$543,471","$543,471",
1102,Thomas Walkup  Shooting Guard | 2016-2016 (FA: 2017),23,1,"$543,471","$543,471",
1102,Cameron Jones  Shooting Guard | 2016-2016 (FA: 2017),27,1,"$543,471","$543,471",
1102,Drew Crawford  Shooting Guard | 2016-2016 (FA: 2017),25,1,"$543,471","$543,471",
1102,J.P. Tokoto  Shooting Guard | 2016-2016 (FA: 2017),22,1,"$543,471","$543,471",
1115,Nik Stauskas  Shooting Guard | 2018-2018 (FA: 2019)  Originally signed w/ CLE,25,1,"$540,472","$540,472",
1116,Corey Brewer  Shooting Guard | 2017-2017 (FA: 2018)  Originally signed w/ OKC,31,1,"$539,405","$539,405",
1117,Mustapha Farrakhan  Shooting Guard | 2015-2015 (FA: 2016),26,1,"$525,093","$525,093",
1117,Charlie Westbrook  Shooting Guard | 2015-2015 (FA: 2016),26,1,"$525,093","$525,093",
1117,Dan Nwaelele  Shooting Guard | 2015-2015 (FA: 2016),31,1,"$525,093","$525,093",
1117,Jordan McRae  Shooting Guard | 2015-2015 (FA: 2016)  Originally signed w/ PHI,24,1,"$525,093","$525,093",
1117,J.P. Tokoto  Shooting Guard | 2015-2015 (FA: 2016)  Originally signed w/ PHI,21,1,"$525,093","$525,093",
1117,Levi Randolph  Shooting Guard | 2015-2015 (FA: 2016)  Originally signed w/ BOS,22,1,"$525,093","$525,093",
1117,Axel Toupane  Shooting Guard | 2015-2015 (FA: 2016)  Originally signed w/ TOR,22,1,"$525,093","$525,093",
1117,Denzel Livingston  Shooting Guard | 2015-2015 (FA: 2016),22,1,"$525,093","$525,093",
1117,Devin Sweetney  Shooting Guard | 2015-2015 (FA: 2016),27,1,"$525,093","$525,093",
1117,Nick Wiggins  Shooting Guard | 2015-2015 (FA: 2016),24,1,"$525,093","$525,093",
1117,Marshall Henderson  Shooting Guard | 2015-2015 (FA: 2016),24,1,"$525,093","$525,093",
1117,Corey Webster  Shooting Guard | 2015-2015 (FA: 2016),26,1,"$525,093","$525,093",
1117,Jordan Sibert  Shooting Guard | 2015-2015 (FA: 2016)  Originally signed w/ ORL,23,1,"$525,093","$525,093",
1117,Dez Wells  Shooting Guard | 2015-2015 (FA: 2016),23,1,"$525,093","$525,093",
1117,Marcus Simmons  Shooting Guard | 2015-2015 (FA: 2016),27,1,"$525,093","$525,093",
1117,Michael Qualls  Shooting Guard | 2015-2015 (FA: 2016),21,1,"$525,093","$525,093",
1117,Julian Washburn  Shooting Guard | 2015-2015 (FA: 2016)  Originally signed w/ SAS,23,1,"$525,093","$525,093",
1134,Robert Vaden  Shooting Guard | 2014-2014 (FA: 2014),28,1,"$507,336","$507,336",
1134,Patrick Christopher  Shooting Guard | 2014-2014 (FA: 2014),26,1,"$507,336","$507,336",
1134,Rodney McGruder  Shooting Guard | 2014-2014 (FA: 2014)  Originally signed w/ BOS,23,1,"$507,336","$507,336",
1134,K.J. McDaniels  Shooting Guard | 2014-2014 (FA: 2015)  Originally signed w/ PHI,21,1,"$507,336","$507,336",
1134,Elijah Millsap  Shooting Guard | 2014-2014 (FA: 2015)  Originally signed w/ MIL,27,1,"$507,336","$507,336",
1134,Langston Galloway  Shooting Guard | 2014-2014 (FA: 2014)  Originally signed w/ NYK,22,1,"$507,336","$507,336",
1134,Andre Dawkins  Shooting Guard | 2014-2014 (FA: 2015)  Originally signed w/ MIA,23,1,"$507,336","$507,336",
1134,Jabari Brown  Shooting Guard | 2014-2014 (FA: 2014)  Originally signed w/ LAL,21,1,"$507,336","$507,336",
1134,Drew Crawford  Shooting Guard | 2014-2014 (FA: 2014)  Originally signed w/ ORL,23,1,"$507,336","$507,336",
1134,Sean Kilpatrick  Shooting Guard | 2014-2014 (FA: 2015)  Originally signed w/ GSW,24,1,"$507,336","$507,336",
1144,Kyle Fogg  Shooting Guard | 2013-2013 (FA: 2013),23,1,"$490,180","$490,180",
1144,Mustapha Farrakhan  Shooting Guard | 2013-2013 (FA: 2013)  Originally signed w/ LAC,24,1,"$490,180","$490,180",
1144,Troy Daniels  Shooting Guard | 2013-2013 (FA: 2013)  Originally signed w/ CHA,22,1,"$490,180","$490,180",
1144,Troy Daniels  Shooting Guard | 2013-2013 (FA: 2013)  Originally signed w/ HOU,22,1,"$490,180","$490,180",
1144,Patrick Christopher  Shooting Guard | 2013-2013 (FA: 2013)  Originally signed w/ CHI,25,1,"$490,180","$490,180",
1144,Ron Howard  Shooting Guard | 2013-2013 (FA: 2013),30,1,"$490,180","$490,180",
1144,Chris Babb  Shooting Guard | 2013-2013 (FA: 2013)  Originally signed w/ BOS,23,1,"$490,180","$490,180",
1144,Carlos Morais  Shooting Guard | 2013-2013 (FA: 2013),27,1,"$490,180","$490,180",
1144,Trey McKinney-Jones  Shooting Guard | 2013-2013 (FA: 2013)  Originally signed w/ MIL,23,1,"$490,180","$490,180",
1144,Vander Blue  Shooting Guard | 2013-2013 (FA: 2013)  Originally signed w/ PHI,21,1,"$490,180","$490,180",
1144,Rodney McGruder  Shooting Guard | 2013-2013 (FA: 2013)  Originally signed w/ OKC,22,1,"$490,180","$490,180",
1144,Charlie Westbrook  Shooting Guard | 2013-2013 (FA: 2013)  Originally signed w/ MIA,24,1,"$490,180","$490,180",
1144,Dan Nwaelele  Shooting Guard | 2013-2013 (FA: 2013)  Originally signed w/ SAS,29,1,"$490,180","$490,180",
1144,Brandon Heath  Shooting Guard | 2013-2013 (FA: 2013),29,1,"$490,180","$490,180",
1144,Courtney Fells  Shooting Guard | 2013-2013 (FA: 2013),27,1,"$490,180","$490,180",
1144,Cameron Jones  Shooting Guard | 2013-2013 (FA: 2013),24,1,"$490,180","$490,180",
1160,Terrel Harris  Shooting Guard | 2011-2011 (FA: 2012)  Originally signed w/ MIA,24,1,"$473,604","$473,604",
1160,Carldell Johnson  Shooting Guard | 2011-2011 (FA: 2011)  Originally signed w/ NOH,-,1,"$473,604","$473,604",
1160,Courtney Fortson  Shooting Guard | 2011-2011 (FA: 2011),22,1,"$473,604","$473,604",
1160,Darius Johnson-Odom  Shooting Guard | 2012-2012 (FA: 2013)  Originally signed w/ LAL,22,1,"$473,604","$473,604",
1160,Jamar Smith  Shooting Guard | 2012-2012 (FA: 2013),0,1,"$473,604","$473,604",
1160,Stephen Dennis  Shooting Guard | 2012-2012 (FA: 2012),24,1,"$473,604","$473,604",
1160,Steven Gray  Shooting Guard | 2012-2012 (FA: 2012),23,1,"$473,604","$473,604",
1160,Cory Higgins  Shooting Guard | 2011-2011 (FA: 2012)  Originally signed w/ DEN,21,1,"$473,604","$473,604",
1160,Demonte Harper  Shooting Guard | 2012-2012 (FA: 2012),23,1,"$473,604","$473,604",
1160,Wesley Witherspoon  Shooting Guard | 2012-2012 (FA: 2012),21,1,"$473,604","$473,604",
1160,Justin Holiday  Shooting Guard | 2012-2012 (FA: 2012)  Originally signed w/ POR,23,1,"$473,604","$473,604",
1160,Mustapha Farrakhan  Shooting Guard | 2012-2012 (FA: 2012)  Originally signed w/ MIL,23,1,"$473,604","$473,604",
1160,Seth Tarver  Shooting Guard | 2012-2012 (FA: 0),24,1,"$473,604","$473,604",
1160,Ryan Allen  Shooting Guard | 2012-2012 (FA: 2012),0,1,"$473,604","$473,604",
1160,Carlon Brown  Shooting Guard | 2012-2012 (FA: 2012),22,1,"$473,604","$473,604",
1160,Lance Goulbourne  Shooting Guard | 2012-2012 (FA: 2012),23,1,"$473,604","$473,604",
1160,Ron Howard  Shooting Guard | 2011-2011 (FA: 2012)  Originally signed w/ MIL,29,1,"$473,604","$473,604",
1160,Terrico White  Shooting Guard | 2010-2010 (FA: 2011)  Originally signed w/ DET,19,2,"$473,604","$236,802",
1160,Darington Hobson  Shooting Guard | 2010-2010 (FA: 2010),0,1,"$473,604","$473,604",
1160,DeAndre Liggins  Shooting Guard | 2011-2011 (FA: 2012)  Originally signed w/ ORL,23,1,"$473,604","$473,604",
1180,Robert Vaden  Shooting Guard | 2009-2009 (FA: 2010)  Originally signed w/ OKC,26,1,"$457,588","$457,588",
1180,Kenny Hasbrouck  Shooting Guard | 2010-2010 (FA: 2011),-,1,"$457,588","$457,588",
1180,Ron Howard  Shooting Guard | 2009-2009 (FA: 2010)  Originally signed w/ NYK,26,1,"$457,588","$457,588",
1180,Wesley Matthews  Shooting Guard | 2009-2009 (FA: 2010)  Originally signed w/ UTA,22,1,"$457,588","$457,588",
1180,Sergey Gladyr  Shooting Guard | 0-2009 (FA: 2010)  Originally signed w/ ATL,-1,1,"$457,588","$457,588",
1180,JamesOn Curry  Shooting Guard | 0-2009 (FA: 2010),-1,1,"$457,588","$457,588",
1186,Mario West  Shooting Guard | 0-0 (FA: 2010),-1,1,"$456,452","$456,452",
1187,Ron Howard  Shooting Guard | 2008-2008 (FA: 2009)  Originally signed w/ MIL,25,1,"$442,114","$442,114",
1187,DeMarcus Nelson  Shooting Guard | 0-0 (FA: 2009),-1,1,"$442,114","$442,114",
1189,Andre Emmett  Shooting Guard | 2011-2011 (FA: 2012)  Originally signed w/ NJN,-,1,"$415,742","$415,742",
1190,Joe Johnson  Shooting Guard | 2015-2015 (FA: 2016)  Originally signed w/ MIA,34,1,"$414,481","$414,481",
1191,Gilbert Arenas  Shooting Guard | 2011-2011 (FA: 2012),30,1,"$414,378","$414,378",
1192,Leandro Barbosa  Shooting Guard | 2013-2013 (FA: 2014),31,1,"$410,936","$410,936",
1193,Damien Wilkins  Shooting Guard | 2004-2004 (FA: 2005)  Originally signed w/ SEA,24,1,"$385,277","$385,277",
1194,Toney Douglas  Shooting Guard | 2016-2016 (FA: 2017),30,1,"$379,159","$379,159",
1195,Matt Carroll  Shooting Guard | 2003-2003 (FA: 2003)  Originally signed w/ CHA,22,1,"$366,931","$366,931",
1196,Shabazz Muhammad  Shooting Guard | 2017-2017 (FA: 2018),25,1,"$347,525","$347,525",
1197,Seth Curry  Shooting Guard | 2013-2013 (FA: 2013)  Originally signed w/ MEM,23,1,"$328,709","$328,709",
1198,Damien Wilkins  Shooting Guard | 2010-2010 (FA: 2011)  Originally signed w/ ATL,29,1,"$326,810","$326,810",
1199,Kevin Martin  Shooting Guard | 2015-2015 (FA: 2016),33,1,"$317,475","$317,475",
1200,Sasha Pavlovic  Shooting Guard | 2010-2010 (FA: 2010)  Originally signed w/ BOS,26,1,"$283,213","$283,213",
1201,Gerald Green  Shooting Guard | 2011-2011 (FA: 2012)  Originally signed w/ NJN,24,1,"$277,540","$277,540",
1202,Michael Finley  Shooting Guard | 2009-2009 (FA: 2010),37,1,"$268,976","$268,976",
1203,Marcus Thornton  Shooting Guard | 2015-2015 (FA: 2016)  Originally signed w/ WAS,28,1,"$251,107","$251,107",
1204,Lamar Patterson  Shooting Guard | 2016-2016 (FA: 2018),25,1,"$246,956","$246,956",
1205,Rusty LaRue  Shooting Guard | 1997-1997 (FA: 1998)  Originally signed w/ CHI,23,1,"$220,772","$220,772",
1206,Acie Law  Shooting Guard | 2010-2010 (FA: 2011)  Originally signed w/ MEM,-,1,"$203,057","$203,057",
1207,Manny Harris  Shooting Guard | 2011-2011 (FA: 2012)  Originally signed w/ CLE,21,1,"$202,842","$202,842",
1208,Jodie Meeks  Shooting Guard | 2018-2018 (FA: 2019),31,1,"$196,724","$196,724",
1209,Damien Wilkins  Shooting Guard | 2010-2010 (FA: 2011)  Originally signed w/ ATL,29,1,"$196,086","$196,086",
1210,Terrence Williams  Shooting Guard | 2011-2011 (FA: 2012)  Originally signed w/ SAC,23,1,"$186,036","$186,036",
1211,Carldell Johnson  Shooting Guard | 2011-2011 (FA: 0)  Originally signed w/ NOH,-,1,"$179,395","$179,395",
1212,Troy Daniels  Shooting Guard | 2013-2013 (FA: 2014)  Originally signed w/ HOU,21,1,"$158,588","$158,588",
1213,Steve Kerr  Shooting Guard | 1993-1993 (FA: 1994)  Originally signed w/ CHI,28,1,"$150,000","$150,000",
1214,Alan Anderson  Shooting Guard | 2006-2006 (FA: 2007)  Originally signed w/ CHA,23,1,"$128,935","$128,935",
1215,Keyon Dooling  Shooting Guard | 2012-2012 (FA: 2013),32,1,"$119,310","$119,310",
1216,Courtney Fortson  Shooting Guard | 2011-2011 (FA: 2012)  Originally signed w/ HOU,22,1,"$118,401","$118,401",
1217,Steve Kerr  Shooting Guard | 1989-1989 (FA: 1990)  Originally signed w/ PHX,23,1,"$110,000","$110,000",
1218,Steve Kerr  Shooting Guard | 1988-1988 (FA: 1989)  Originally signed w/ PHX,22,1,"$100,000","$100,000",
1219,Aaron Harrison  Shooting Guard | 2017-2017 (FA: 2018),23,1,"$91,442","$91,442",
1220,Will Conroy  Shooting Guard | 0-2009 (FA: 2010)  Originally signed w/ HOU,-1,1,"$86,838","$86,838",
1221,Garrett Temple  Shooting Guard | 2010-2010 (FA: 2011)  Originally signed w/ CHA,23,1,"$80,703","$80,703",
1222,Alan Anderson  Shooting Guard | 2011-2011 (FA: 2012)  Originally signed w/ TOR,28,1,"$75,793","$75,793",
1223,Jordan Crawford  Shooting Guard | 2017-2017 (FA: 2018),29,1,"$67,609","$67,609",
1224,Blake Ahearn  Shooting Guard | 2011-2011 (FA: 2012)  Originally signed w/ UTA,26,1,"$48,232","$48,232",
1225,Damion Lee  Shooting Guard | 2017-2017 (FA: 2018)  Originally signed w/ ATL,25,1,"$46,080","$46,080",
1226,Terrel Harris  Shooting Guard | 2012-2012 (FA: 2012)  Originally signed w/ NOH,25,10,"$44,835","$4,484",
1227,Edwin Ubiles  Shooting Guard | 2011-2011 (FA: 2011),-,10,"$43,056","$4,306",
1228,Billy Garrett  Shooting Guard | 2018-2018 (FA: 2019),24,1,"$42,634","$42,634",
1229,Jared Cunningham  Shooting Guard | 2013-2013 (FA: 2014)  Originally signed w/ SAC,22,1,"$32,483","$32,483",
1230,Jimmy King  Shooting Guard | 1996-1996 (FA: 1997)  Originally signed w/ DEN,23,1,"$21,838","$21,838",
1231,Damion James  Shooting Guard | 2013-2013 (FA: 2014)  Originally signed w/ SAS,26,1,"$20,807","$20,807",
1232,Tracy McGrady  Shooting Guard | 2012-2012 (FA: 2013),33,1,"$15,908","$15,908",
1233,Vander Blue  Shooting Guard | 2014-2014 (FA: 2015),22,1,"$14,409","$14,409",
1234,Xavier Silas  Shooting Guard | 2011-2011 (FA: 2012)  Originally signed w/ PHI,22,1,"$11,458","$11,458",
1235,Morris Almond  Shooting Guard | 2011-2011 (FA: 2012),25,1,"$6,890","$6,890",
2,Kevin Durant  Small Forward | 2022-2025 (FA: 2026)  Originally signed w/ BKN,32,4,"$194,219,320","$48,554,830",
3,Michael Porter Jr.  Small Forward | 2022-2026 (FA: 2027),23,5,"$179,299,750","$35,859,950",
4,Khris Middleton  Small Forward | 2019-2023 (FA: 2024),27,5,"$177,500,000","$35,500,000",
5,Kawhi Leonard  Small Forward | 2021-2024 (FA: 2025),30,4,"$176,265,152","$44,066,288",
6,Kevin Durant  Small Forward | 2019-2022 (FA: 2023)  Originally signed w/ GSW,30,4,"$164,255,700","$41,063,925",
7,Brandon Ingram  Small Forward | 2020-2024 (FA: 2025),23,5,"$158,253,000","$31,650,600",
8,Andrew Wiggins  Small Forward | 2018-2022 (FA: 0)  Originally signed w/ MIN,22,5,"$147,710,050","$29,542,010",
9,Jimmy Butler  Small Forward | 2023-2025 (FA: 2026),31,3,"$146,396,031","$48,798,677",
10,Jimmy Butler  Small Forward | 2019-2022 (FA: 0)  Originally signed w/ PHI,29,4,"$140,790,600","$35,197,650",
11,DeMar DeRozan  Small Forward | 2016-2020 (FA: 2021)  Originally signed w/ TOR,26,5,"$139,000,000","$27,800,000",
12,Kobe Bryant  Small Forward | 2004-2010 (FA: 2011),25,7,"$136,434,375","$19,490,625",
13,Gordon Hayward  Small Forward | 2017-2020 (FA: 2021)  Originally signed w/ BOS,27,4,"$127,829,970","$31,957,493",
14,Nicolas Batum  Small Forward | 2016-2020 (FA: 2021)  Originally signed w/ CHA,27,5,"$120,000,000","$24,000,000",
14,Gordon Hayward  Small Forward | 2020-2023 (FA: 2024),30,4,"$120,000,000","$30,000,000",
16,Andrew Wiggins  Small Forward | 2023-2026 (FA: 2027),27,4,"$109,000,002","$27,250,001",
17,Otto Porter Jr.  Small Forward | 2017-2020 (FA: 2021)  Originally signed w/ WAS,24,4,"$106,524,975","$26,631,244",
18,Jaylen Brown  Small Forward | 2020-2023 (FA: 2024),22,4,"$106,333,334","$26,583,334",
19,Kawhi Leonard  Small Forward | 2019-2021 (FA: 2022),28,3,"$103,137,300","$34,379,100",
20,Cameron Johnson  Small Forward | 2023-2026 (FA: 2027),27,4,"$94,500,000","$23,625,000",
21,Chandler Parsons  Small Forward | 2016-2019 (FA: 2020)  Originally signed w/ MEM,27,4,"$94,438,523","$23,609,631",
22,Kawhi Leonard  Small Forward | 2015-2019 (FA: 2019)  Originally signed w/ SAS,23,5,"$94,343,126","$18,868,625",
23,Jalen Rose  Small Forward | 2000-2006 (FA: 2007)  Originally signed w/ IND,26,7,"$93,000,000","$13,285,714",
23,Khris Middleton  Small Forward | 2023-2025 (FA: 2026),31,3,"$93,000,000","$31,000,000",
25,Grant Hill  Small Forward | 2000-2006 (FA: 2007)  Originally signed w/ ORL,27,7,"$92,960,250","$13,280,036",
26,Jimmy Butler  Small Forward | 2015-2019 (FA: 2019)  Originally signed w/ CHI,25,5,"$92,339,878","$18,467,976","$4,600,000"
27,Mikal Bridges  Small Forward | 2022-2025 (FA: 2026)  Originally signed w/ PHX,25,4,"$90,900,000","$22,725,000",
28,De'Andre Hunter  Small Forward | 2023-2026 (FA: 2027),24,4,"$90,000,000","$22,500,000",
28,Duncan Robinson  Small Forward | 2021-2025 (FA: 2026),27,5,"$90,000,000","$18,000,000",
30,Kevin Durant  Small Forward | 2011-2015 (FA: 2016)  Originally signed w/ OKC,21,5,"$89,163,134","$17,832,627",
31,Andrei Kirilenko  Small Forward | 2005-2010 (FA: 2011)  Originally signed w/ UTA,23,6,"$86,435,749","$14,405,958",
32,Shawn Marion  Small Forward | 2003-2008 (FA: 2009)  Originally signed w/ PHX,24,6,"$86,310,000","$14,385,000",
33,Dillon Brooks  Small Forward | 2023-2026 (FA: 2027)  Originally signed w/ MEM,27,4,"$86,000,001","$21,500,000",
34,Kobe Bryant  Small Forward | 2011-2013 (FA: 0),31,3,"$83,547,447","$27,849,149",
35,DeMar DeRozan  Small Forward | 2021-2023 (FA: 2024),31,3,"$81,900,000","$27,300,000",
36,Andre Iguodala  Small Forward | 2008-2013 (FA: 2013)  Originally signed w/ PHI,24,6,"$80,500,000","$13,416,667",
37,Paul Pierce  Small Forward | 2002-2006 (FA: 2007),24,6,"$79,283,512","$13,213,919",
38,Scottie Pippen  Small Forward | 1999-2002 (FA: 2003),33,5,"$77,356,730","$15,471,346",
39,Bojan Bogdanovic  Small Forward | 2019-2022 (FA: 0)  Originally signed w/ UTA,30,4,"$73,100,000","$18,275,000",
40,Luol Deng  Small Forward | 2016-2019 (FA: 2020)  Originally signed w/ LAL,31,4,"$72,000,000","$18,000,000",
40,OG Anunoby  Small Forward | 2021-2024 (FA: 2025),23,4,"$72,000,000","$18,000,000",
42,Luol Deng  Small Forward | 2008-2013 (FA: 2014)  Originally signed w/ CHI,23,6,"$71,005,425","$11,834,238",
43,Evan Turner  Small Forward | 2016-2019 (FA: 2020)  Originally signed w/ POR,27,4,"$70,000,000","$17,500,000",
43,Khris Middleton  Small Forward | 2015-2019 (FA: 2019),23,5,"$70,000,000","$14,000,000",
45,Marcus Morris Sr.  Small Forward | 2020-2023 (FA: 2024),31,4,"$64,000,000","$16,000,000",
46,Peja Stojakovic  Small Forward | 2006-2010 (FA: 2010)  Originally signed w/ IND,-,5,"$63,280,000","$12,656,000",
47,Wally Szczerbiak  Small Forward | 0-0 (FA: 2009),-1,4,"$63,000,000","$15,750,000",
48,Gordon Hayward  Small Forward | 2014-2017 (FA: 2018)  Originally signed w/ UTA,24,4,"$62,965,420","$15,741,355",
49,Kevin Durant  Small Forward | 2018-2019 (FA: 2019)  Originally signed w/ GSW,29,2,"$61,500,000","$30,750,000",
50,Paul Pierce  Small Forward | 2010-2013 (FA: 2014),32,4,"$61,333,334","$15,333,334",
51,Richard Jefferson  Small Forward | 2005-2009 (FA: 2010)  Originally signed w/ NJN,24,5,"$61,000,000","$12,200,000",
52,Danny Granger  Small Forward | 2009-2013 (FA: 2013)  Originally signed w/ IND,25,5,"$60,000,000","$12,000,000",
53,Josh Smith  Small Forward | 2008-2012 (FA: 2013)  Originally signed w/ ATL,22,5,"$58,000,000","$11,600,000",
53,DeMarre Carroll  Small Forward | 2015-2018 (FA: 2019)  Originally signed w/ TOR,28,4,"$58,000,000","$14,500,000",
55,Kobe Bryant  Small Forward | 1999-2003 (FA: 2004),20,5,"$56,255,000","$11,251,000",
56,Kevin Durant  Small Forward | 2016-2017 (FA: 2018)  Originally signed w/ GSW,27,2,"$54,274,505","$27,137,253",
57,Josh Smith  Small Forward | 2013-2016 (FA: 2017)  Originally signed w/ DET,27,4,"$54,000,000","$13,500,000",
57,Terrence Ross  Small Forward | 2019-2022 (FA: 2023)  Originally signed w/ ORL,28,4,"$54,000,000","$13,500,000",
59,Herb Jones  Small Forward | 2023-2026 (FA: 2027),24,4,"$53,827,872","$13,456,968",
60,Jamal Mashburn  Small Forward | 2000-2006 (FA: 0)  Originally signed w/ CHA,27,6,"$53,100,000","$8,850,000",
61,Hedo Turkoglu  Small Forward | 2009-2013 (FA: 2013)  Originally signed w/ TOR,30,5,"$52,800,000","$10,560,000",
62,Michael Kidd-Gilchrist  Small Forward | 2016-2019 (FA: 2020)  Originally signed w/ CHA,21,4,"$52,000,000","$13,000,000",
62,Joe Ingles  Small Forward | 2017-2020 (FA: 0)  Originally signed w/ UTA,29,4,"$52,000,000","$13,000,000",
64,Kevin Durant  Small Forward | 2017-2018 (FA: 2018)  Originally signed w/ GSW,28,2,"$51,250,000","$25,625,000",
65,Kenny Thomas  Small Forward | 0-2009 (FA: 2010),-1,7,"$50,000,000","$7,142,857",
66,Brandon Miller  Small Forward | 2023-2026 (FA: 2027),20,4,"$49,378,426","$12,344,607",
67,Kobe Bryant  Small Forward | 2014-2015 (FA: 2016),35,2,"$48,500,000","$24,250,000",
68,Corey Maggette  Small Forward | 2008-2012 (FA: 2013)  Originally signed w/ GSW,28,5,"$48,124,137","$9,624,827",
69,Gerald Wallace  Small Forward | 2007-2011 (FA: 2012)  Originally signed w/ CHA,24,5,"$48,075,000","$9,615,000",
70,Andre Iguodala  Small Forward | 2013-2016 (FA: 2017)  Originally signed w/ DEN,29,4,"$48,000,000","$12,000,000",
70,Andre Iguodala  Small Forward | 2017-2019 (FA: 2020),33,3,"$48,000,000","$16,000,000",
70,Solomon Hill  Small Forward | 2016-2019 (FA: 2020)  Originally signed w/ NOP,25,4,"$48,000,000","$12,000,000",
73,Tayshaun Prince  Small Forward | 2006-2010 (FA: 2011)  Originally signed w/ DET,25,5,"$47,500,000","$9,500,000",
74,T.J. Warren  Small Forward | 2018-2021 (FA: 2022),24,4,"$47,000,000","$11,750,000",
74,Bobby Simmons  Small Forward | 0-0 (FA: 2010)  Originally signed w/ SAS,-1,5,"$47,000,000","$9,400,000",
76,Wilson Chandler  Small Forward | 2015-2018 (FA: 2019)  Originally signed w/ DEN,28,4,"$46,500,000","$11,625,000",
77,Nicolas Batum  Small Forward | 2012-2015 (FA: 2016)  Originally signed w/ POR,23,4,"$46,121,500","$11,530,375","$1,500,000"
78,Chandler Parsons  Small Forward | 2014-2016 (FA: 2017)  Originally signed w/ DAL,25,3,"$46,084,500","$15,361,500",
79,Caron Butler  Small Forward | 2006-2010 (FA: 2011)  Originally signed w/ MIA,25,5,"$45,249,900","$9,049,980",
80,Mike Dunleavy  Small Forward | 2002-2010 (FA: 2011)  Originally signed w/ IND,21,5,"$45,000,000","$9,000,000",
81,Maurice Harkless  Small Forward | 2016-2019 (FA: 2020)  Originally signed w/ POR,23,4,"$42,000,000","$10,500,000",
82,Doug McDermott  Small Forward | 2021-2023 (FA: 2024),28,3,"$41,250,000","$13,750,000",
83,Metta World Peace  Small Forward | 2003-2008 (FA: 2009)  Originally signed w/ CHI,23,6,"$40,800,000","$6,800,000",
84,Jerry Stackhouse  Small Forward | 1998-2004 (FA: 0)  Originally signed w/ DET,24,7,"$40,540,750","$5,791,536",
85,Shawn Marion  Small Forward | 2009-2013 (FA: 2014)  Originally signed w/ TOR,31,5,"$40,019,211","$8,003,842",
86,Gerald Wallace  Small Forward | 2012-2015 (FA: 2016)  Originally signed w/ BKN,29,4,"$40,000,030","$10,000,008",
87,Danny Green  Small Forward | 2015-2018 (FA: 2019)  Originally signed w/ SAS,28,4,"$40,000,000","$10,000,000",
88,John Salmons  Small Forward | 2010-2014 (FA: 2015)  Originally signed w/ MIL,30,5,"$39,166,000","$7,833,200",
89,Bojan Bogdanovic  Small Forward | 2023-2024 (FA: 2025),33,2,"$39,032,850","$19,516,425",
90,Richard Jefferson  Small Forward | 2010-2013 (FA: 2014)  Originally signed w/ SAS,30,4,"$38,892,000","$9,723,000",
91,Stephen Jackson  Small Forward | 2004-2009 (FA: 2010)  Originally signed w/ ATL,25,6,"$38,250,000","$6,375,000",
92,DeMar DeRozan  Small Forward | 2013-2016 (FA: 2017)  Originally signed w/ TOR,23,4,"$38,000,000","$9,500,000",
93,Paul Pierce  Small Forward | 2008-2009 (FA: 2010),30,2,"$37,873,615","$18,936,808",
94,Shane Battier  Small Forward | 2005-2010 (FA: 2011)  Originally signed w/ MEM,26,6,"$36,847,500","$6,141,250",
95,Hedo Turkoglu  Small Forward | 2004-2008 (FA: 2009)  Originally signed w/ ORL,25,6,"$36,772,500","$6,128,750",
96,Royce O'Neale  Small Forward | 2020-2023 (FA: 2024)  Originally signed w/ UTA,26,4,"$36,000,000","$9,000,000",
97,Dillon Brooks  Small Forward | 2020-2022 (FA: 2023)  Originally signed w/ MEM,24,3,"$35,000,000","$11,666,667",
97,Corey Maggette  Small Forward | 2003-2007 (FA: 2008)  Originally signed w/ LAC,23,5,"$35,000,000","$7,000,000",
97,Travis Outlaw  Small Forward | 2011-2014 (FA: 2015)  Originally signed w/ NJN,25,5,"$35,000,000","$7,000,000",
97,Jae Crowder  Small Forward | 2015-2019 (FA: 2020)  Originally signed w/ BOS,25,5,"$35,000,000","$7,000,000",
101,Trevor Ariza  Small Forward | 2009-2013 (FA: 2014)  Originally signed w/ HOU,24,5,"$33,953,200","$6,790,640",
101,Metta World Peace  Small Forward | 2009-2013 (FA: 2014),29,5,"$33,953,200","$6,790,640",
103,De'Andre Hunter  Small Forward | 2019-2022 (FA: 0),21,4,"$32,101,641","$8,025,410",
103,Patrick Williams  Small Forward | 2020-2023 (FA: 2024),19,4,"$32,101,641","$8,025,410",
105,Trevor Ariza  Small Forward | 2014-2017 (FA: 2018)  Originally signed w/ WAS,29,4,"$32,000,002","$8,000,001",
106,Jamal Mashburn  Small Forward | 1993-1999 (FA: 0)  Originally signed w/ DAL,20,7,"$32,000,000","$4,571,429",
107,Wilson Chandler  Small Forward | 2011-2015 (FA: 2016)  Originally signed w/ DEN,24,5,"$31,720,817","$6,344,163",
108,Terrence Ross  Small Forward | 2016-2018 (FA: 2019)  Originally signed w/ TOR,24,3,"$31,500,000","$10,500,000",
109,Cody Martin  Small Forward | 2022-2025 (FA: 2026),26,4,"$31,360,000","$7,840,000",
110,Grant Hill  Small Forward | 1994-1999 (FA: 2000)  Originally signed w/ DET,21,6,"$31,289,000","$5,214,833",
111,Peja Stojakovic  Small Forward | 2001-2005 (FA: 2006)  Originally signed w/ SAC,-,5,"$31,250,000","$6,250,000",
112,Cedi Osman  Small Forward | 2020-2023 (FA: 2024)  Originally signed w/ CLE,24,4,"$31,118,844","$7,779,711",
113,Luke Walton  Small Forward | 2007-2012 (FA: 2013)  Originally signed w/ LAL,27,6,"$30,291,363","$5,048,561",
114,Vladimir Radmanovic  Small Forward | 2006-2010 (FA: 2011)  Originally signed w/ LAL,25,5,"$30,247,000","$6,049,400",
115,Bilal Coulibaly  Small Forward | 2023-2026 (FA: 2027),18,4,"$30,075,132","$7,518,783",
116,Reggie Bullock  Small Forward | 2021-2023 (FA: 2024)  Originally signed w/ DAL,30,3,"$30,038,400","$10,012,800",
117,Andre Iguodala  Small Forward | 2020-2021 (FA: 2022)  Originally signed w/ MEM,36,2,"$30,000,000","$15,000,000",
117,Jared Dudley  Small Forward | 2016-2018 (FA: 2019)  Originally signed w/ PHX,30,3,"$30,000,000","$10,000,000",
117,Kelly Oubre Jr.  Small Forward | 2019-2020 (FA: 2021)  Originally signed w/ PHX,23,2,"$30,000,000","$15,000,000",
117,Danny Green  Small Forward | 2019-2020 (FA: 2021)  Originally signed w/ LAL,31,2,"$30,000,000","$15,000,000",
121,Josh Howard  Small Forward | 2007-2009 (FA: 2010)  Originally signed w/ DAL,26,3,"$29,835,000","$9,945,000",
122,Marquis Daniels  Small Forward | 2004-2008 (FA: 2009)  Originally signed w/ DAL,23,5,"$29,418,000","$5,883,600",
123,Jae Crowder  Small Forward | 2020-2022 (FA: 2023)  Originally signed w/ PHX,30,3,"$29,162,700","$9,720,900",
124,Tayshaun Prince  Small Forward | 2011-2014 (FA: 2015)  Originally signed w/ DET,31,4,"$28,000,000","$7,000,000",
124,Nassir Little  Small Forward | 2023-2026 (FA: 2027),22,4,"$28,000,000","$7,000,000",
124,Toni Kukoc  Small Forward | 2000-2003 (FA: 2004)  Originally signed w/ PHI,31,4,"$28,000,000","$7,000,000",
127,Stephen Jackson  Small Forward | 2010-2012 (FA: 2013)  Originally signed w/ GSW,31,3,"$27,769,500","$9,256,500",
128,Lance Thomas  Small Forward | 2016-2019 (FA: 2020)  Originally signed w/ NYK,28,4,"$27,549,950","$6,887,488",
129,Justise Winslow  Small Forward | 2019-2020 (FA: 2022)  Originally signed w/ MIA,22,2,"$26,000,000","$13,000,000",
129,Trenton Hassell  Small Forward | 0-2009 (FA: 2010),-1,6,"$26,000,000","$4,333,333",
131,John Salmons  Small Forward | 2006-2010 (FA: 2010)  Originally signed w/ SAC,26,5,"$25,520,000","$5,104,000",
132,C.J. Miles  Small Forward | 2017-2019 (FA: 2020)  Originally signed w/ IND,30,3,"$25,000,000","$8,333,333",
132,Matt Harpring  Small Forward | 0-2009 (FA: 2010),-1,4,"$25,000,000","$6,250,000",
132,Trevor Ariza  Small Forward | 2019-2020 (FA: 2021)  Originally signed w/ SAC,34,2,"$25,000,000","$12,500,000",
135,Andrew Wiggins  Small Forward | 2014-2017 (FA: 2018)  Originally signed w/ CLE,18,4,"$24,850,243","$6,212,561",
136,Kelly Oubre Jr.  Small Forward | 2021-2022 (FA: 2023),25,2,"$24,600,000","$12,300,000",
137,Toni Kukoc  Small Forward | 1994-1999 (FA: 2000)  Originally signed w/ CHI,25,6,"$24,450,000","$4,075,000",
138,Jason Kapono  Small Forward | 2007-2010 (FA: 2011)  Originally signed w/ TOR,26,4,"$24,000,000","$6,000,000",
138,Caron Butler  Small Forward | 2011-2013 (FA: 2014)  Originally signed w/ LAC,31,3,"$24,000,000","$8,000,000",
140,Brandon Ingram  Small Forward | 2016-2019 (FA: 2020)  Originally signed w/ LAL,18,4,"$23,823,685","$5,955,921",
141,Franz Wagner  Small Forward | 2021-2024 (FA: 2025),19,4,"$22,781,932","$5,695,483",
142,Nicolas Batum  Small Forward | 2022-2023 (FA: 2024),33,2,"$22,554,168","$11,277,084",
143,Doug McDermott  Small Forward | 2018-2020 (FA: 2021)  Originally signed w/ IND,26,3,"$22,000,000","$7,333,333",
143,Joe Ingles  Small Forward | 2023-2024 (FA: 2025),35,2,"$22,000,000","$11,000,000",
145,Martell Webster  Small Forward | 2013-2016 (FA: 2017)  Originally signed w/ WAS,26,4,"$21,990,500","$5,497,625",
146,Evan Turner  Small Forward | 2010-2013 (FA: 2014)  Originally signed w/ PHI,21,4,"$21,523,507","$5,380,877",
147,Jaylen Brown  Small Forward | 2016-2019 (FA: 0),19,4,"$21,404,269","$5,351,067",
148,Jared Dudley  Small Forward | 2011-2015 (FA: 2016)  Originally signed w/ PHX,25,5,"$21,250,000","$4,250,000",
149,Mickael Pietrus  Small Forward | 2008-2011 (FA: 2012)  Originally signed w/ ORL,26,4,"$21,200,000","$5,300,000",
150,Ousmane Dieng  Small Forward | 2022-2025 (FA: 2026),19,4,"$21,066,202","$5,266,551",
151,Bojan Bogdanovic  Small Forward | 2017-2018 (FA: 2019)  Originally signed w/ IND,28,2,"$21,000,000","$10,500,000",
152,Rodney Hood  Small Forward | 2020-2021 (FA: 2022)  Originally signed w/ POR,28,2,"$20,898,696","$10,449,348",
153,Michael Kidd-Gilchrist  Small Forward | 2012-2015 (FA: 2016)  Originally signed w/ CHA,18,4,"$20,760,923","$5,190,231",
154,DeMarre Carroll  Small Forward | 2019-2021 (FA: 2022)  Originally signed w/ BKN,32,3,"$20,650,000","$6,883,333",
155,Jae’Sean Tate  Small Forward | 2022-2024 (FA: 2025),26,3,"$20,630,434","$6,876,811",
156,Caleb Martin  Small Forward | 2022-2024 (FA: 2025),26,3,"$20,408,850","$6,802,950",
157,Deni Avdija  Small Forward | 2020-2023 (FA: 2024),19,4,"$20,341,348","$5,085,337",
158,Jalen Williams  Small Forward | 2022-2025 (FA: 2026),21,4,"$20,256,917","$5,064,229",
159,Michael Beasley  Small Forward | 2008-2011 (FA: 2012)  Originally signed w/ MIN,18,4,"$20,178,147","$5,044,537",
160,Martell Webster  Small Forward | 2009-2011 (FA: 2012)  Originally signed w/ MIN,22,4,"$20,121,000","$5,030,250",
161,Danny Green  Small Forward | 2021-2022 (FA: 2023),34,2,"$20,000,000","$10,000,000",
161,Marcus Morris Sr.  Small Forward | 2015-2018 (FA: 2019)  Originally signed w/ PHX,25,4,"$20,000,000","$5,000,000",
161,Jonathon Simmons  Small Forward | 2017-2019 (FA: 2020)  Originally signed w/ ORL,27,3,"$20,000,000","$6,666,667",
164,Andrei Kirilenko  Small Forward | 2012-2013 (FA: 2013)  Originally signed w/ MIN,31,2,"$19,998,769","$9,999,385",
165,Sasha Vezenkov  Small Forward | 2023-2025 (FA: 2026),27,3,"$19,975,609","$6,658,536",
166,Ziaire Williams  Small Forward | 2021-2024 (FA: 2025),19,4,"$19,907,925","$4,976,981",
167,Luol Deng  Small Forward | 2014-2015 (FA: 2016)  Originally signed w/ MIA,29,2,"$19,866,073","$9,933,037",
168,Kevin Durant  Small Forward | 2007-2010 (FA: 0)  Originally signed w/ SEA,18,4,"$19,505,783","$4,876,446",
169,Scottie Pippen  Small Forward | 1991-1997 (FA: 1998),25,7,"$19,445,000","$2,777,857",
170,Cam Reddish  Small Forward | 2019-2022 (FA: 2023)  Originally signed w/ ATL,19,4,"$19,328,334","$4,832,084",
171,Otto Porter Jr.  Small Forward | 2013-2016 (FA: 2017)  Originally signed w/ WAS,19,4,"$19,305,421","$4,826,355",
172,Kyle Singler  Small Forward | 2015-2018 (FA: 2020),27,4,"$19,000,000","$4,750,000",
173,Derrick Jones Jr.  Small Forward | 2020-2021 (FA: 2022)  Originally signed w/ POR,23,2,"$18,978,900","$9,489,450",
174,Linas Kleiza  Small Forward | 2010-2013 (FA: 2013),25,4,"$18,800,000","$4,700,000",
175,Landry Fields  Small Forward | 2012-2014 (FA: 2015),24,3,"$18,750,000","$6,250,000",
176,Ochai Agbaji  Small Forward | 2022-2025 (FA: 2026)  Originally signed w/ CLE,22,4,"$18,726,365","$4,681,591",
177,Cameron Johnson  Small Forward | 2019-2022 (FA: 2023)  Originally signed w/ PHX,23,4,"$18,593,499","$4,648,375",
178,Kevin Knox  Small Forward | 2018-2021 (FA: 2022)  Originally signed w/ NYK,18,4,"$18,554,698","$4,638,675",
179,Michael Beasley  Small Forward | 2012-2014 (FA: 2013)  Originally signed w/ PHX,23,3,"$18,000,000","$6,000,000",
180,C.J. Miles  Small Forward | 2014-2017 (FA: 2018)  Originally signed w/ IND,27,4,"$17,955,350","$4,488,838",
181,Chris Duarte  Small Forward | 2021-2024 (FA: 2025)  Originally signed w/ IND,24,4,"$17,704,528","$4,426,132",
182,Jerry Stackhouse  Small Forward | 2005-2006 (FA: 2007),30,2,"$17,664,061","$8,832,031",
183,Wesley Johnson  Small Forward | 2016-2018 (FA: 2019)  Originally signed w/ LAC,28,3,"$17,643,780","$5,881,260",
184,Mikal Bridges  Small Forward | 2018-2021 (FA: 2022)  Originally signed w/ PHX,21,4,"$17,630,685","$4,407,671",
185,Toni Kukoc  Small Forward | 1993-2000 (FA: 2001)  Originally signed w/ CHI,24,8,"$17,600,000","$2,200,000",
186,A.J. Griffin  Small Forward | 2022-2025 (FA: 2026),18,4,"$17,106,137","$4,276,534",
187,Jaime Jaquez Jr.  Small Forward | 2023-2026 (FA: 2027),22,4,"$16,997,141","$4,249,285",
188,Willie Green  Small Forward | 2006-2010 (FA: 2011)  Originally signed w/ PHI,24,5,"$16,940,000","$3,388,000",
189,Adam Morrison  Small Forward | 2006-2009 (FA: 2010)  Originally signed w/ WAS,21,4,"$16,920,989","$4,230,247",
190,Aaron Nesmith  Small Forward | 2020-2023 (FA: 2024)  Originally signed w/ BOS,21,4,"$16,528,217","$4,132,054",
191,Corey Kispert  Small Forward | 2021-2022 (FA: 2025),21,4,"$16,364,408","$4,091,102",
192,Miles Bridges  Small Forward | 2018-2021 (FA: 2022),20,4,"$16,317,853","$4,079,463",
193,Sekou Doumbouya  Small Forward | 2019-2022 (FA: 2023)  Originally signed w/ DET,18,4,"$15,887,971","$3,971,993",
194,Keith Bogans  Small Forward | 2013-2015 (FA: 2014)  Originally signed w/ BOS,33,3,"$15,629,874","$5,209,958",
195,Cam Whitmore  Small Forward | 2023-2026 (FA: 2027),18,4,"$15,595,310","$3,898,828",
196,Michael Porter Jr.  Small Forward | 2018-2021 (FA: 0),20,4,"$15,093,095","$3,773,274",
197,Steve Novak  Small Forward | 2012-2015 (FA: 2016)  Originally signed w/ NYK,28,4,"$15,000,002","$3,750,001",
198,Marcus Morris Sr.  Small Forward | 2019-2019 (FA: 2020)  Originally signed w/ NYK,29,1,"$15,000,000","$15,000,000",
198,Trevor Ariza  Small Forward | 2018-2018 (FA: 2019)  Originally signed w/ PHX,33,1,"$15,000,000","$15,000,000",
198,Chase Budinger  Small Forward | 2013-2015 (FA: 2016)  Originally signed w/ MIN,25,3,"$15,000,000","$5,000,000",
201,C.J. Miles  Small Forward | 2008-2011 (FA: 2012)  Originally signed w/ UTA,21,4,"$14,800,000","$3,700,000",
202,Trey Murphy III  Small Forward | 2021-2024 (FA: 2025),21,4,"$14,779,415","$3,694,854",
203,Mike Dunleavy  Small Forward | 2015-2017 (FA: 2018)  Originally signed w/ CHI,34,3,"$14,512,500","$4,837,500",
204,Mike Dunleavy  Small Forward | 2002-2005 (FA: 0)  Originally signed w/ GSW,21,4,"$14,503,941","$3,625,985",
205,Darius Miller  Small Forward | 2019-2020 (FA: 2021)  Originally signed w/ NOP,29,2,"$14,250,000","$7,125,000",
206,Thabo Sefolosha  Small Forward | 2010-2013 (FA: 2014)  Originally signed w/ OKC,25,4,"$14,050,000","$3,512,500",
207,Patrick Baldwin Jr.  Small Forward | 2022-2025 (FA: 2026)  Originally signed w/ GSW,19,4,"$13,993,276","$3,498,319",
208,Rasual Butler  Small Forward | 2006-2009 (FA: 2010)  Originally signed w/ NOH,26,4,"$13,890,000","$3,472,500",
209,Jerry Stackhouse  Small Forward | 2007-2008 (FA: 2009)  Originally signed w/ DAL,32,3,"$13,750,000","$4,583,333",
210,Justin Jackson  Small Forward | 2017-2020 (FA: 2021)  Originally signed w/ SAC,22,4,"$13,484,010","$3,371,003",
211,Marquese Chriss  Small Forward | 2016-2019 (FA: 2019)  Originally signed w/ PHX,19,4,"$13,299,636","$3,324,909",
212,Ben McLemore  Small Forward | 2013-2016 (FA: 2017)  Originally signed w/ SAC,19,4,"$13,087,722","$3,271,931",
213,Joe Ingles  Small Forward | 2021-2021 (FA: 2022)  Originally signed w/ UTA,33,1,"$13,036,364","$13,036,364",
214,Saddiq Bey  Small Forward | 2020-2023 (FA: 2024)  Originally signed w/ DET,21,4,"$13,030,303","$3,257,576",
215,Ben Sheppard  Small Forward | 2023-2026 (FA: 2027),21,4,"$13,023,429","$3,255,857",
216,Jalen Johnson  Small Forward | 2021-2024 (FA: 2025),19,4,"$12,888,585","$3,222,146",
217,Stanley Johnson  Small Forward | 2015-2018 (FA: 2019)  Originally signed w/ DET,18,4,"$12,850,042","$3,212,511",
218,DeShawn Stevenson  Small Forward | 2007-2010 (FA: 2011)  Originally signed w/ WAS,26,4,"$12,688,715","$3,172,179",
219,Brice Sensabaugh  Small Forward | 2023-2026 (FA: 2027),19,4,"$12,576,077","$3,144,019",
220,Matt Barnes  Small Forward | 2016-2017 (FA: 2018)  Originally signed w/ SAC,35,2,"$12,525,625","$6,262,813",
221,Ronnie Brewer  Small Forward | 2010-2011 (FA: 2012),25,3,"$12,500,000","$4,166,667",
221,Josh Childress  Small Forward | 2010-2011 (FA: 2012)  Originally signed w/ ATL,26,2,"$12,500,000","$6,250,000",
223,Julian Strawther  Small Forward | 2023-2026 (FA: 2027),21,4,"$12,484,731","$3,121,183",
224,Otto Porter Jr.  Small Forward | 2022-2023 (FA: 2024),29,2,"$12,300,000","$6,150,000",
225,Martell Webster  Small Forward | 2005-2008 (FA: 0)  Originally signed w/ POR,18,4,"$12,111,493","$3,027,873",
226,Wesley Johnson  Small Forward | 2010-2012 (FA: 2013)  Originally signed w/ MIN,22,3,"$12,018,240","$4,006,080",
227,Thabo Sefolosha  Small Forward | 2014-2016 (FA: 2017)  Originally signed w/ OKC,30,3,"$12,000,000","$4,000,000",
227,Travis Outlaw  Small Forward | 2011-2014 (FA: 2015)  Originally signed w/ SAC,26,4,"$12,000,000","$3,000,000",
227,Julian Champagnie  Small Forward | 2023-2026 (FA: 2027),22,4,"$12,000,000","$3,000,000",
230,Rodney Hood  Small Forward | 2019-2020 (FA: 2021)  Originally signed w/ POR,26,2,"$11,721,900","$5,860,950",
231,Josh Childress  Small Forward | 2004-2006 (FA: 2007)  Originally signed w/ ATL,20,4,"$11,662,929","$2,915,732",
232,Travis Outlaw  Small Forward | 2007-2009 (FA: 2010)  Originally signed w/ POR,22,3,"$11,600,000","$3,866,667",
233,Terrence Ross  Small Forward | 2012-2015 (FA: 0)  Originally signed w/ TOR,20,4,"$11,589,837","$2,897,459",
234,Nikola Jovic  Small Forward | 2022-2025 (FA: 2026),19,4,"$11,501,537","$2,875,384",
235,Dorell Wright  Small Forward | 2010-2012 (FA: 2013)  Originally signed w/ GSW,24,3,"$11,429,000","$3,809,667",
236,Danny Green  Small Forward | 2012-2014 (FA: 2015)  Originally signed w/ SAS,25,3,"$11,287,500","$3,762,500",
237,Jake Layman  Small Forward | 2019-2021 (FA: 2022)  Originally signed w/ POR,25,3,"$11,283,255","$3,761,085",
238,Justise Winslow  Small Forward | 2015-2018 (FA: 0)  Originally signed w/ MIA,18,4,"$11,229,126","$2,807,282",
239,Danuel House Jr.  Small Forward | 2019-2021 (FA: 2022)  Originally signed w/ HOU,26,3,"$11,151,000","$3,717,000",
240,Gordon Hayward  Small Forward | 2010-2013 (FA: 2014)  Originally signed w/ UTA,19,4,"$11,051,183","$2,762,796",
241,Desmond Mason  Small Forward | 0-0 (FA: 2009),-1,2,"$11,000,000","$5,500,000",
242,Paul Pierce  Small Forward | 2014-2015 (FA: 2016)  Originally signed w/ WAS,36,2,"$10,848,725","$5,424,363",
243,Nassir Little  Small Forward | 2019-2022 (FA: 0),19,4,"$10,803,948","$2,700,987",
244,DeMar DeRozan  Small Forward | 2009-2012 (FA: 0)  Originally signed w/ TOR,19,4,"$10,705,770","$2,676,443",
245,Ben McLemore  Small Forward | 2017-2018 (FA: 2019)  Originally signed w/ MEM,24,2,"$10,660,000","$5,330,000",
246,Luol Deng  Small Forward | 2004-2007 (FA: 2008)  Originally signed w/ CHI,18,4,"$10,652,099","$2,663,025",
247,Dahntay Jones  Small Forward | 2009-2012 (FA: 2013)  Originally signed w/ IND,28,4,"$10,600,000","$2,650,000",
248,Paul Pierce  Small Forward | 2015-2017 (FA: 2018)  Originally signed w/ LAC,37,3,"$10,583,760","$3,527,920",
249,Gerald Wallace  Small Forward | 2005-2006 (FA: 2007)  Originally signed w/ CHA,22,2,"$10,525,000","$5,262,500",
250,Thabo Sefolosha  Small Forward | 2017-2018 (FA: 2019)  Originally signed w/ UTA,33,2,"$10,500,000","$5,250,000",
251,Dylan Windler  Small Forward | 2019-2022 (FA: 2023)  Originally signed w/ CLE,22,4,"$10,449,718","$2,612,430",
252,Doug McDermott  Small Forward | 2014-2017 (FA: 2018)  Originally signed w/ CHI,21,4,"$10,436,434","$2,609,109",
253,Scottie Pippen  Small Forward | 2003-2004 (FA: 2005),37,2,"$10,325,700","$5,162,850",
254,Terrance Ferguson  Small Forward | 2017-2020 (FA: 2021)  Originally signed w/ OKC,19,4,"$10,323,693","$2,580,923",
255,Jud Buechler  Small Forward | 2000-2002 (FA: 2003)  Originally signed w/ DET,31,3,"$10,310,000","$3,436,667",
256,Bojan Bogdanovic  Small Forward | 2014-2016 (FA: 2017)  Originally signed w/ BKN,25,3,"$10,276,530","$3,425,510",
257,Jalen Rose  Small Forward | 1994-1999 (FA: 2000)  Originally signed w/ DEN,31,6,"$10,200,000","$1,700,000",
258,Matt Barnes  Small Forward | 2013-2015 (FA: 2016)  Originally signed w/ LAC,33,3,"$10,188,750","$3,396,250",
259,Stephen Jackson  Small Forward | 2012-2012 (FA: 0)  Originally signed w/ SAS,33,1,"$10,059,750","$10,059,750",
260,Torrey Craig  Small Forward | 2021-2022 (FA: 2023)  Originally signed w/ IND,30,2,"$10,000,000","$5,000,000",
261,OG Anunoby  Small Forward | 2017-2020 (FA: 0),19,4,"$9,751,975","$2,437,994",
262,Alonzo Gee  Small Forward | 2012-2014 (FA: 2014)  Originally signed w/ CLE,24,3,"$9,750,000","$3,250,000",
263,Jan Vesely  Small Forward | 2011-2013 (FA: 2014)  Originally signed w/ WAS,20,3,"$9,608,880","$3,202,960",
264,Kostas Papanikolaou  Small Forward | 2014-2014 (FA: 2016)  Originally signed w/ HOU,23,2,"$9,595,328","$4,797,664","$206,598"
265,Shane Battier  Small Forward | 2011-2013 (FA: 2014),33,3,"$9,405,000","$3,135,000",
266,Kelenna Azubuike  Small Forward | 2008-2010 (FA: 2011)  Originally signed w/ GSW,24,3,"$9,332,000","$3,110,667",
267,Trevor Ariza  Small Forward | 2006-2008 (FA: 2009)  Originally signed w/ ORL,21,3,"$9,300,000","$3,100,000",
268,T.J. Warren  Small Forward | 2014-2017 (FA: 2018),20,4,"$9,276,051","$2,319,013",
269,Jalen McDaniels  Small Forward | 2023-2024 (FA: 2025),25,2,"$9,257,800","$4,628,900",
270,Kelly Oubre Jr.  Small Forward | 2015-2018 (FA: 2019)  Originally signed w/ WAS,19,4,"$9,228,550","$2,307,138",
271,Caron Butler  Small Forward | 2014-2015 (FA: 2016)  Originally signed w/ DET,34,2,"$9,000,000","$4,500,000",
271,Earl Clark  Small Forward | 2013-2014 (FA: 2015)  Originally signed w/ CLE,25,2,"$9,000,000","$4,500,000",
273,Andre Iguodala  Small Forward | 2004-2007 (FA: 2008)  Originally signed w/ PHI,20,4,"$8,979,009","$2,244,752",
274,Maurice Harkless  Small Forward | 2021-2022 (FA: 2023)  Originally signed w/ SAC,27,2,"$8,912,580","$4,456,290",
275,Marcus Morris Sr.  Small Forward | 2011-2014 (FA: 2015)  Originally signed w/ HOU,21,4,"$8,659,181","$2,164,795",
276,Danuel House Jr.  Small Forward | 2022-2023 (FA: 2024),29,2,"$8,415,250","$4,207,625",
277,Kawhi Leonard  Small Forward | 2011-2014 (FA: 2015)  Originally signed w/ SAS,19,4,"$8,323,699","$2,080,925",
277,Maurice Harkless  Small Forward | 2012-2015 (FA: 2016)  Originally signed w/ PHI,18,4,"$8,323,699","$2,080,925",
279,Leonard Miller  Small Forward | 2023-2026 (FA: 2027),19,4,"$8,319,739","$2,079,935",
280,Cedi Osman  Small Forward | 2017-2019 (FA: 0)  Originally signed w/ CLE,21,3,"$8,317,064","$2,772,355",
281,Caleb Houstan  Small Forward | 2022-2025 (FA: 2026),19,4,"$8,207,398","$2,051,850",
282,Reggie Bullock  Small Forward | 2019-2020 (FA: 2021)  Originally signed w/ NYK,28,2,"$8,200,000","$4,100,000",
283,Thabo Sefolosha  Small Forward | 2006-2009 (FA: 0)  Originally signed w/ OKC,21,4,"$8,175,228","$2,043,807",
284,Julian Phillips  Small Forward | 2023-2026 (FA: 2027),19,4,"$8,119,739","$2,029,935",
285,Justise Winslow  Small Forward | 2021-2022 (FA: 2023)  Originally signed w/ LAC,25,2,"$8,000,000","$4,000,000",
285,Ryan Gomes  Small Forward | 2010-2011 (FA: 2012)  Originally signed w/ LAC,27,2,"$8,000,000","$4,000,000",
285,Bruce Bowen  Small Forward | 0-2009 (FA: 2010),-1,2,"$8,000,000","$4,000,000",
288,Sam Dekker  Small Forward | 2015-2018 (FA: 2019)  Originally signed w/ HOU,20,4,"$7,921,655","$1,980,414",
289,Miles Bridges  Small Forward | 2023-2023 (FA: 2024),25,1,"$7,921,300","$7,921,300",
290,Caron Butler  Small Forward | 2002-2005 (FA: 2006)  Originally signed w/ MIA,21,4,"$7,875,777","$1,968,944",
291,Ronnie Brewer  Small Forward | 2006-2009 (FA: 2010)  Originally signed w/ UTA,20,4,"$7,862,281","$1,965,570",
292,Mickael Pietrus  Small Forward | 2003-2006 (FA: 2007)  Originally signed w/ GSW,20,4,"$7,759,686","$1,939,922",
293,Didi Louzada  Small Forward | 2021-2024 (FA: 2025)  Originally signed w/ NOP,22,4,"$7,686,312","$1,921,578",
294,Jordan Walsh  Small Forward | 2023-2026 (FA: 2027),19,4,"$7,639,303","$1,909,826",
295,Chris Livingston  Small Forward | 2023-2026 (FA: 2027),19,4,"$7,639,302","$1,909,826",
295,Hunter Tyson  Small Forward | 2023-2026 (FA: 2027),23,4,"$7,639,302","$1,909,826",
295,Maxwell Lewis  Small Forward | 2023-2026 (FA: 2027),20,4,"$7,639,302","$1,909,826",
298,Richard Jefferson  Small Forward | 2016-2018 (FA: 2019)  Originally signed w/ CLE,36,3,"$7,612,500","$2,537,500",
299,Ryan Gomes  Small Forward | 2008-2009 (FA: 2010)  Originally signed w/ MIN,25,2,"$7,517,500","$3,758,750",
300,Keith Bogans  Small Forward | 2006-2008 (FA: 2009)  Originally signed w/ ORL,26,3,"$7,515,000","$2,505,000",
301,Mike Dunleavy  Small Forward | 2011-2012 (FA: 2013)  Originally signed w/ MIL,31,2,"$7,500,000","$3,750,000",
302,Stanley Johnson  Small Forward | 2019-2020 (FA: 2021)  Originally signed w/ TOR,23,2,"$7,427,150","$3,713,575",
303,DeAndre' Bembry  Small Forward | 2016-2019 (FA: 2020)  Originally signed w/ ATL,22,4,"$7,305,582","$1,826,396",
304,Shawn Marion  Small Forward | 1999-2002 (FA: 0)  Originally signed w/ PHX,20,4,"$7,252,095","$1,813,024",
305,Bruno Caboclo  Small Forward | 2014-2017 (FA: 2018)  Originally signed w/ TOR,18,4,"$7,023,225","$1,755,806",
306,Jonah Bolden  Small Forward | 2018-2021 (FA: 2022)  Originally signed w/ PHI,22,4,"$7,000,000","$1,750,000",
307,Vladimir Radmanovic  Small Forward | 2001-2004 (FA: 2005)  Originally signed w/ SEA,20,4,"$6,983,624","$1,745,906",
308,Josh Minott  Small Forward | 2022-2025 (FA: 2026),19,4,"$6,944,795","$1,736,199",
309,Joey Graham  Small Forward | 2005-2008 (FA: 2009)  Originally signed w/ TOR,-,4,"$6,926,624","$1,731,656",
310,Jerry Stackhouse  Small Forward | 1995-1997 (FA: 1998)  Originally signed w/ PHI,20,3,"$6,856,360","$2,285,453",
311,Shawne Williams  Small Forward | 2006-2009 (FA: 2010)  Originally signed w/ IND,19,4,"$6,827,146","$1,706,787",
312,Chandler Hutchison  Small Forward | 2018-2021 (FA: 2022)  Originally signed w/ CHI,22,4,"$6,767,280","$1,691,820",
313,DeShawn Stevenson  Small Forward | 2012-2014 (FA: 2013),31,3,"$6,721,350","$2,240,450",
314,Richard Jefferson  Small Forward | 2001-2004 (FA: 0)  Originally signed w/ NJN,20,4,"$6,715,314","$1,678,829",
315,Evan Turner  Small Forward | 2014-2015 (FA: 2016)  Originally signed w/ BOS,25,2,"$6,703,510","$3,351,755",
316,Rondae Hollis-Jefferson  Small Forward | 2015-2018 (FA: 2019)  Originally signed w/ BKN,19,4,"$6,672,819","$1,668,205",
317,Danny Granger  Small Forward | 2005-2008 (FA: 2009)  Originally signed w/ IND,21,4,"$6,583,325","$1,645,831",
318,Derrick Jones Jr.  Small Forward | 2022-2023 (FA: 2024)  Originally signed w/ CHI,25,2,"$6,560,000","$3,280,000",
319,Mike Dunleavy  Small Forward | 2013-2014 (FA: 2015)  Originally signed w/ CHI,32,2,"$6,509,235","$3,254,618",
319,Andrei Kirilenko  Small Forward | 2013-2014 (FA: 2015)  Originally signed w/ BKN,32,2,"$6,509,235","$3,254,618",
321,Grant Hill  Small Forward | 2011-2011 (FA: 2012)  Originally signed w/ PHX,39,1,"$6,500,000","$6,500,000",
322,Nicolas Batum  Small Forward | 2021-2022 (FA: 2023),32,2,"$6,498,559","$3,249,280",
323,Joe Ingles  Small Forward | 2022-2022 (FA: 2023)  Originally signed w/ MIL,34,1,"$6,479,000","$6,479,000",
324,Rodney Hood  Small Forward | 2014-2017 (FA: 2018)  Originally signed w/ UTA,21,4,"$6,432,184","$1,608,046",
325,Josh Smith  Small Forward | 2004-2007 (FA: 2008)  Originally signed w/ ATL,18,4,"$6,339,623","$1,584,906",
326,Paul Pierce  Small Forward | 1998-2001 (FA: 0),21,4,"$6,328,441","$1,582,110",
327,Grant Hill  Small Forward | 2009-2010 (FA: 2011)  Originally signed w/ PHX,36,2,"$6,324,000","$3,162,000",
328,Simone Fontecchio  Small Forward | 2022-2023 (FA: 2024),26,2,"$6,250,000","$3,125,000",
329,Dorell Wright  Small Forward | 2013-2014 (FA: 2015)  Originally signed w/ POR,27,2,"$6,135,000","$3,067,500",
329,Chris Copeland  Small Forward | 2013-2014 (FA: 2015)  Originally signed w/ IND,29,2,"$6,135,000","$3,067,500",
331,Corey Maggette  Small Forward | 1999-2002 (FA: 2003)  Originally signed w/ ORL,19,4,"$6,131,524","$1,532,881",
332,Jalen McDaniels  Small Forward | 2019-2022 (FA: 2023)  Originally signed w/ CHA,21,4,"$6,129,593","$1,532,398",
332,Kenyon Martin Jr.  Small Forward | 2020-2023 (FA: 2024)  Originally signed w/ HOU,19,4,"$6,129,593","$1,532,398",
334,Omri Casspi  Small Forward | 2009-2012 (FA: 2013)  Originally signed w/ SAC,20,4,"$6,040,746","$1,510,187",
335,Kevin Knox  Small Forward | 2022-2023 (FA: 2024)  Originally signed w/ DET,22,2,"$6,000,000","$3,000,000",
336,James Ennis III  Small Forward | 2016-2017 (FA: 2018)  Originally signed w/ MEM,26,2,"$5,926,410","$2,963,205",
337,Mindaugas Kuzminskas  Small Forward | 2016-2017 (FA: 2018),26,2,"$5,923,035","$2,961,518",
338,Reggie Bullock  Small Forward | 2013-2016 (FA: 2017)  Originally signed w/ LAC,21,4,"$5,857,804","$1,464,451",
339,Jared Dudley  Small Forward | 2007-2010 (FA: 0)  Originally signed w/ CHA,21,4,"$5,818,028","$1,454,507",
340,Jordan Nwora  Small Forward | 2022-2023 (FA: 2024)  Originally signed w/ MIL,24,2,"$5,800,000","$2,900,000",
340,Omri Casspi  Small Forward | 2015-2016 (FA: 2017)  Originally signed w/ SAC,27,2,"$5,800,000","$2,900,000",
342,Dorell Wright  Small Forward | 2004-2007 (FA: 2008)  Originally signed w/ MIA,18,4,"$5,756,786","$1,439,197",
343,Sam Hauser  Small Forward | 2022-2024 (FA: 2025),24,3,"$5,658,206","$1,886,069",
344,Wilson Chandler  Small Forward | 2007-2010 (FA: 2011)  Originally signed w/ NYK,19,4,"$5,651,041","$1,412,760",
345,Hedo Turkoglu  Small Forward | 2000-2003 (FA: 2004)  Originally signed w/ SAC,20,4,"$5,648,240","$1,412,060",
346,Dorell Wright  Small Forward | 2008-2009 (FA: 2010)  Originally signed w/ MIA,22,2,"$5,500,000","$2,750,000",
347,Metta World Peace  Small Forward | 1999-2002 (FA: 0)  Originally signed w/ CHI,19,4,"$5,387,140","$1,346,785",
348,Torrey Craig  Small Forward | 2023-2024 (FA: 2025),32,2,"$5,373,575","$2,686,788",
349,Herb Jones  Small Forward | 2021-2023 (FA: 2024),22,3,"$5,321,096","$1,773,699",
350,Dahntay Jones  Small Forward | 2003-2006 (FA: 2007)  Originally signed w/ MEM,22,4,"$5,316,313","$1,329,078",
351,Luke Babbitt  Small Forward | 2010-2012 (FA: 2013)  Originally signed w/ POR,20,3,"$5,306,520","$1,768,840",
352,Perry Jones III  Small Forward | 2012-2015 (FA: 2016)  Originally signed w/ OKC,20,4,"$5,285,886","$1,321,472",
353,DeShawn Stevenson  Small Forward | 2004-2005 (FA: 2006)  Originally signed w/ ORL,22,2,"$5,250,000","$2,625,000",
353,Jeremy Evans  Small Forward | 2012-2014 (FA: 2015)  Originally signed w/ UTA,24,3,"$5,250,000","$1,750,000",
355,Jimmy Butler  Small Forward | 2011-2014 (FA: 2015)  Originally signed w/ CHI,22,4,"$5,209,508","$1,302,377",
356,Scott Burrell  Small Forward | 1993-1997 (FA: 1998)  Originally signed w/ CHA,21,5,"$5,200,000","$1,040,000",
357,Nicolas Batum  Small Forward | 2008-2011 (FA: 2012)  Originally signed w/ POR,19,4,"$5,178,439","$1,294,610",
358,Reggie Williams  Small Forward | 2011-2012 (FA: 2013)  Originally signed w/ CHA,25,2,"$5,112,500","$2,556,250",
359,Rodions Kurucs  Small Forward | 2018-2020 (FA: 2022)  Originally signed w/ BKN,20,3,"$5,097,708","$1,699,236",
360,Keita Bates-Diop  Small Forward | 2023-2024 (FA: 2025),27,2,"$5,001,258","$2,500,629",
360,Yuta Watanabe  Small Forward | 2023-2024 (FA: 2025),28,2,"$5,001,258","$2,500,629",
362,DeMarre Carroll  Small Forward | 2013-2014 (FA: 2015)  Originally signed w/ ATL,27,2,"$5,000,000","$2,500,000",
362,Reggie Bullock  Small Forward | 2017-2018 (FA: 2019)  Originally signed w/ DET,26,2,"$5,000,000","$2,500,000",
364,Zylan Cheatham  Small Forward | 2020-2022 (FA: 2023),25,3,"$4,994,028","$1,664,676",
365,Joe Alexander  Small Forward | 2008-2009 (FA: 2010)  Originally signed w/ NOH,21,2,"$4,986,480","$2,493,240",
366,Alando Tucker  Small Forward | 2008-2011 (FA: 2012)  Originally signed w/ MIN,-,4,"$4,939,975","$1,234,994",
367,Travis Outlaw  Small Forward | 2003-2006 (FA: 2007)  Originally signed w/ POR,18,4,"$4,871,226","$1,217,807",
368,Jabari Walker  Small Forward | 2022-2024 (FA: 2025),19,3,"$4,757,344","$1,585,781",
369,Troy Williams  Small Forward | 2017-2019 (FA: 2020)  Originally signed w/ HOU,22,3,"$4,693,068","$1,564,356",
370,Tayshaun Prince  Small Forward | 2002-2005 (FA: 0)  Originally signed w/ DET,21,4,"$4,676,595","$1,169,149",
371,Linas Kleiza  Small Forward | 2005-2008 (FA: 2009)  Originally signed w/ DEN,19,4,"$4,660,573","$1,165,143",
372,Chris Singleton  Small Forward | 2011-2013 (FA: 2014)  Originally signed w/ WAS,21,3,"$4,655,520","$1,551,840",
373,Oshae Brissett  Small Forward | 2023-2024 (FA: 2025),25,2,"$4,628,946","$2,314,473",
373,Cam Reddish  Small Forward | 2023-2024 (FA: 2025),23,2,"$4,628,946","$2,314,473",
375,Cody Martin  Small Forward | 2019-2021 (FA: 2022),23,3,"$4,473,912","$1,491,304",
376,Isaiah Livers  Small Forward | 2021-2023 (FA: 2024),23,3,"$4,456,874","$1,485,625",
377,Donte Greene  Small Forward | 2008-2011 (FA: 2012)  Originally signed w/ HOU,19,4,"$4,451,773","$1,112,943",
378,C.J. Miles  Small Forward | 2012-2013 (FA: 2014)  Originally signed w/ CLE,25,2,"$4,450,000","$2,225,000",
379,Joe Wieskamp  Small Forward | 2022-2023 (FA: 2024)  Originally signed w/ SAS,0,2,"$4,375,000","$2,187,500",
380,Andrei Kirilenko  Small Forward | 2001-2004 (FA: 0)  Originally signed w/ UTA,19,4,"$4,352,014","$1,088,004",
381,Georgios Kalaitzakis  Small Forward | 2021-2023 (FA: 2024)  Originally signed w/ MIL,22,3,"$4,324,872","$1,441,624",
382,Ben McLemore  Small Forward | 2019-2020 (FA: 2021)  Originally signed w/ HOU,26,2,"$4,311,628","$2,155,814",
383,Darius Miller  Small Forward | 2017-2018 (FA: 2019)  Originally signed w/ NOP,26,2,"$4,305,000","$2,152,500",
384,Admiral Schofield  Small Forward | 2019-2021 (FA: 2022)  Originally signed w/ WAS,22,3,"$4,300,602","$1,433,534",
385,Joe Ingles  Small Forward | 2015-2016 (FA: 2017)  Originally signed w/ UTA,27,2,"$4,300,000","$2,150,000",
386,DeShawn Stevenson  Small Forward | 2000-2003 (FA: 2004)  Originally signed w/ UTA,18,4,"$4,286,807","$1,071,702",
387,Danny Granger  Small Forward | 2014-2015 (FA: 2016)  Originally signed w/ MIA,31,2,"$4,247,465","$2,123,733",
388,Josh Howard  Small Forward | 2003-2006 (FA: 0)  Originally signed w/ DAL,22,4,"$4,228,523","$1,057,131",
389,Gerald Wallace  Small Forward | 2001-2004 (FA: 2005)  Originally signed w/ SAC,18,4,"$4,225,613","$1,056,403",
390,Willie Green  Small Forward | 2012-2014 (FA: 2015)  Originally signed w/ LAC,31,3,"$4,222,997","$1,407,666",
391,Terry Taylor  Small Forward | 2023-2024 (FA: 2025),23,2,"$4,216,676","$2,108,338",
392,KZ Okpala  Small Forward | 2019-2021 (FA: 2022)  Originally signed w/ MIA,20,3,"$4,198,912","$1,399,637",
392,Caleb Martin  Small Forward | 2019-2021 (FA: 2022)  Originally signed w/ CHA,24,3,"$4,198,912","$1,399,637",
392,Stanton Kidd  Small Forward | 2019-2021 (FA: 2022),27,3,"$4,198,912","$1,399,637",
392,William Howard  Small Forward | 2019-2021 (FA: 2022)  Originally signed w/ UTA,25,3,"$4,198,912","$1,399,637",
392,Deividas Sirvydis  Small Forward | 2020-2022 (FA: 2023)  Originally signed w/ DET,20,3,"$4,198,912","$1,399,637",
397,Abdel Nader  Small Forward | 2017-2019 (FA: 2021)  Originally signed w/ BOS,23,3,"$4,164,095","$1,388,032",
398,Abdel Nader  Small Forward | 2021-2022 (FA: 2023),27,2,"$4,160,000","$2,080,000",
399,John Salmons  Small Forward | 2002-2005 (FA: 2006)  Originally signed w/ SAC,22,4,"$4,130,801","$1,032,700",
400,Isaac Bonga  Small Forward | 2018-2020 (FA: 2021)  Originally signed w/ LAL,18,3,"$4,080,713","$1,360,238",
401,Glenn Robinson III  Small Forward | 2018-2018 (FA: 2020)  Originally signed w/ DET,24,1,"$4,075,000","$4,075,000",
402,Wesley Iwundu  Small Forward | 2017-2019 (FA: 2020)  Originally signed w/ ORL,22,3,"$4,046,762","$1,348,921",
403,James Ennis III  Small Forward | 2019-2020 (FA: 2021)  Originally signed w/ PHI,29,2,"$4,012,890","$2,006,445",
404,Grant Hill  Small Forward | 2012-2012 (FA: 0),39,2,"$4,002,065","$2,001,033",
405,Jarvis Hayes  Small Forward | 0-0 (FA: 2010),-1,2,"$4,000,000","$2,000,000",
405,Victor Claver  Small Forward | 2012-2014 (FA: 2015)  Originally signed w/ POR,23,3,"$4,000,000","$1,333,333",
405,Torrey Craig  Small Forward | 2018-2019 (FA: 2020)  Originally signed w/ DEN,27,2,"$4,000,000","$2,000,000",
408,KZ Okpala  Small Forward | 2022-2023 (FA: 2024),23,2,"$3,968,718","$1,984,359",
409,Jack White  Small Forward | 2023-2024 (FA: 2025),25,2,"$3,922,463","$1,961,232",
410,Keita Bates-Diop  Small Forward | 2018-2020 (FA: 2021)  Originally signed w/ MIN,22,3,"$3,919,177","$1,306,392",
411,Solomon Hill  Small Forward | 2013-2015 (FA: 2016)  Originally signed w/ IND,21,3,"$3,908,400","$1,302,800",
412,Paul Zipser  Small Forward | 2016-2019 (FA: 2020),22,4,"$3,831,631","$957,908",
413,Dillon Brooks  Small Forward | 2017-2019 (FA: 2020)  Originally signed w/ MEM,21,3,"$3,812,377","$1,270,792",
413,Royce O'Neale  Small Forward | 2017-2019 (FA: 2020)  Originally signed w/ UTA,24,3,"$3,812,377","$1,270,792",
415,Grant Hill  Small Forward | 2007-2008 (FA: 2009)  Originally signed w/ PHX,34,2,"$3,806,400","$1,903,200",
416,DeAndre' Bembry  Small Forward | 2020-2021 (FA: 2022)  Originally signed w/ TOR,26,2,"$3,714,156","$1,857,078",
417,Earl Clark  Small Forward | 2009-2010 (FA: 2011)  Originally signed w/ PHX,21,2,"$3,665,040","$1,832,520",
418,Matt Barnes  Small Forward | 2010-2011 (FA: 2012)  Originally signed w/ LAL,30,2,"$3,665,000","$1,832,500",
419,Maurice Harkless  Small Forward | 2020-2020 (FA: 2021)  Originally signed w/ MIA,27,1,"$3,623,000","$3,623,000",
420,Keita Bates-Diop  Small Forward | 2021-2022 (FA: 2023)  Originally signed w/ SAS,25,2,"$3,607,937","$1,803,969",
420,Thanasis Antetokounmpo  Small Forward | 2021-2022 (FA: 2023),29,2,"$3,607,937","$1,803,969",
422,Josh Huestis  Small Forward | 2015-2017 (FA: 2018)  Originally signed w/ OKC,23,3,"$3,574,560","$1,191,520",
423,Justin Champagnie  Small Forward | 2022-2023 (FA: 2024)  Originally signed w/ TOR,21,2,"$3,565,862","$1,782,931",
423,Kessler Edwards  Small Forward | 2022-2023 (FA: 2024)  Originally signed w/ BKN,21,2,"$3,565,862","$1,782,931",
425,Wesley Iwundu  Small Forward | 2020-2021 (FA: 2022)  Originally signed w/ DAL,25,2,"$3,502,857","$1,751,429",
426,Kobe Bryant  Small Forward | 1996-1998 (FA: 0),18,3,"$3,501,240","$1,167,080",
427,Michael Beasley  Small Forward | 2018-2018 (FA: 2019)  Originally signed w/ LAL,29,1,"$3,500,000","$3,500,000",
427,Luigi Datome  Small Forward | 2013-2014 (FA: 2015)  Originally signed w/ DET,25,2,"$3,500,000","$1,750,000",
429,Malik Allen  Small Forward | 2005-2006 (FA: 2007)  Originally signed w/ CHI,-,2,"$3,473,600","$1,736,800",
430,Rodney Hood  Small Forward | 2018-2018 (FA: 2019)  Originally signed w/ CLE,25,1,"$3,472,887","$3,472,887",
431,Mickael Pietrus  Small Forward | 2007-2007 (FA: 2008)  Originally signed w/ GSW,25,1,"$3,470,770","$3,470,770",
432,James Ennis III  Small Forward | 2018-2018 (FA: 2019)  Originally signed w/ HOU,28,2,"$3,466,716","$1,733,358",
433,Malik Allen  Small Forward | 2003-2004 (FA: 2005)  Originally signed w/ MIA,-,2,"$3,460,625","$1,730,313",
434,Jake Layman  Small Forward | 2016-2018 (FA: 2019)  Originally signed w/ POR,22,3,"$3,457,562","$1,152,521",
435,Derrick Jones Jr.  Small Forward | 2016-2018 (FA: 2020)  Originally signed w/ PHX,19,3,"$3,401,033","$1,133,678",
436,Jordan Hamilton  Small Forward | 2011-2013 (FA: 2015)  Originally signed w/ DEN,20,3,"$3,364,680","$1,121,560",
437,Keith Bogans  Small Forward | 2010-2010 (FA: 2011)  Originally signed w/ CHI,29,1,"$3,328,000","$3,328,000",
438,James Ennis III  Small Forward | 2020-2020 (FA: 2021)  Originally signed w/ ORL,30,1,"$3,300,000","$3,300,000",
439,Chase Budinger  Small Forward | 2009-2012 (FA: 2013)  Originally signed w/ HOU,20,4,"$3,277,413","$819,353",
440,Metta World Peace  Small Forward | 2013-2014 (FA: 2015)  Originally signed w/ NYK,33,2,"$3,251,550","$1,625,775",
441,Larry Bird  Small Forward | 1979-1983 (FA: 1984),22,5,"$3,250,000","$650,000",
442,Glenn Robinson III  Small Forward | 2015-2017 (FA: 2018)  Originally signed w/ IND,21,3,"$3,241,000","$1,080,333",
443,Danny Green  Small Forward | 2023-2023 (FA: 2024),36,1,"$3,196,448","$3,196,448",
443,Jae Crowder  Small Forward | 2023-2023 (FA: 2024),33,1,"$3,196,448","$3,196,448",
445,Vladimir Radmanovic  Small Forward | 2005-2005 (FA: 2006)  Originally signed w/ SEA,24,1,"$3,166,155","$3,166,155",
446,Treveon Graham  Small Forward | 2018-2019 (FA: 2020)  Originally signed w/ BKN,24,2,"$3,157,958","$1,578,979",
446,Derrick Jones Jr.  Small Forward | 2018-2019 (FA: 2020)  Originally signed w/ MIA,21,2,"$3,157,958","$1,578,979",
448,Thanasis Antetokounmpo  Small Forward | 2019-2020 (FA: 2021),26,2,"$3,147,290","$1,573,645",
448,Oshae Brissett  Small Forward | 2020-2021 (FA: 2022)  Originally signed w/ TOR,22,2,"$3,147,290","$1,573,645",
448,Kelan Martin  Small Forward | 2020-2020 (FA: 20201)  Originally signed w/ IND,25,2,"$3,147,290","$1,573,645",
451,Kyle Singler  Small Forward | 2012-2014 (FA: 2015)  Originally signed w/ DET,24,3,"$3,135,000","$1,045,000",
452,Caron Butler  Small Forward | 2015-2016 (FA: 2017),35,2,"$3,050,846","$1,525,423",
453,Josh Howard  Small Forward | 2010-2010 (FA: 2011)  Originally signed w/ WAS,30,1,"$3,000,000","$3,000,000",
453,Matt Barnes  Small Forward | 2007-2007 (FA: 2008),27,1,"$3,000,000","$3,000,000",
453,Shawne Williams  Small Forward | 2011-2011 (FA: 2012)  Originally signed w/ NJN,24,1,"$3,000,000","$3,000,000",
453,Jon Brockman  Small Forward | 2010-2011 (FA: 2012)  Originally signed w/ SAC,0,3,"$3,000,000","$1,000,000",
453,Gary Forbes  Small Forward | 2011-2012 (FA: 2012)  Originally signed w/ TOR,26,2,"$3,000,000","$1,500,000",
453,Toni Kukoc  Small Forward | 2004-2004 (FA: 2005),35,1,"$3,000,000","$3,000,000",
459,Jae’Sean Tate  Small Forward | 2020-2021 (FA: 2023),25,2,"$2,963,678","$1,481,839",
460,James Nunnally  Small Forward | 2018-2019 (FA: 2020)  Originally signed w/ MIN,28,2,"$2,937,614","$1,468,807",
460,Alfonzo McKinnie  Small Forward | 2018-2019 (FA: 2020)  Originally signed w/ GSW,26,2,"$2,937,614","$1,468,807",
462,Andre Iguodala  Small Forward | 2022-2022 (FA: 2023),38,1,"$2,905,851","$2,905,851",
463,Scotty Hopson  Small Forward | 2013-2014 (FA: 2014)  Originally signed w/ CLE,24,2,"$2,839,278","$1,419,639",
464,Scottie Pippen  Small Forward | 1987-1991 (FA: 0),21,4,"$2,830,000","$707,500",
465,Peja Stojakovic  Small Forward | 1999-2000 (FA: 2001)  Originally signed w/ SAC,-,2,"$2,790,400","$1,395,200",
466,Tyrese Martin  Small Forward | 2022-2023 (FA: 2024),23,2,"$2,737,645","$1,368,823",
467,Roy Devyn Marble  Small Forward | 2014-2016 (FA: 2017)  Originally signed w/ ORL,21,3,"$2,710,369","$903,456",
468,Derrick Jones Jr.  Small Forward | 2023-2023 (FA: 2024),26,1,"$2,709,849","$2,709,849",
469,Alonzo Gee  Small Forward | 2015-2016 (FA: 2017)  Originally signed w/ NOP,28,2,"$2,699,400","$1,349,700",
470,Gani Lawal  Small Forward | 2013-2015 (FA: 2013),24,3,"$2,685,463","$895,154",
471,Sam Young  Small Forward | 2009-2011 (FA: 2012)  Originally signed w/ MEM,24,3,"$2,658,000","$886,000",
472,Damien Inglis  Small Forward | 2014-2016 (FA: 2017)  Originally signed w/ MIL,19,3,"$2,655,431","$885,144",
473,Andre Iguodala  Small Forward | 2021-2021 (FA: 2022),36,1,"$2,641,691","$2,641,691",
473,Trevor Ariza  Small Forward | 2021-2021 (FA: 2022),36,1,"$2,641,691","$2,641,691",
475,T.J. Warren  Small Forward | 2022-2022 (FA: 2023)  Originally signed w/ BKN,28,1,"$2,628,597","$2,628,597",
476,Luke Walton  Small Forward | 2005-2006 (FA: 2007)  Originally signed w/ LAL,25,2,"$2,625,000","$1,312,500",
477,Malik Allen  Small Forward | 2008-2009 (FA: 2010)  Originally signed w/ MIL,0,2,"$2,600,000","$1,300,000",
478,Anthony Brown  Small Forward | 2015-2017 (FA: 2018)  Originally signed w/ LAL,22,3,"$2,589,382","$863,127",
479,Shawne Williams  Small Forward | 2014-2015 (FA: 2016)  Originally signed w/ MIA,28,2,"$2,584,131","$1,292,066",
480,Thabo Sefolosha  Small Forward | 2019-2019 (FA: 2020),35,1,"$2,564,753","$2,564,753",
480,Jared Dudley  Small Forward | 2019-2019 (FA: 2020),33,1,"$2,564,753","$2,564,753",
480,Wilson Chandler  Small Forward | 2019-2019 (FA: 2020),32,1,"$2,564,753","$2,564,753",
480,Jared Dudley  Small Forward | 2020-2020 (FA: 2021),33,1,"$2,564,753","$2,564,753",
480,Nicolas Batum  Small Forward | 2020-2020 (FA: 2021),31,1,"$2,564,753","$2,564,753",
485,Rondae Hollis-Jefferson  Small Forward | 2019-2019 (FA: 2020)  Originally signed w/ TOR,24,1,"$2,500,000","$2,500,000",
485,Rasual Butler  Small Forward | 2004-2005 (FA: 2006)  Originally signed w/ MIA,24,2,"$2,500,000","$1,250,000",
485,DeShawn Stevenson  Small Forward | 2011-2011 (FA: 2012)  Originally signed w/ NJN,30,1,"$2,500,000","$2,500,000",
488,Quincy Ford  Small Forward | 2016-2018 (FA: 2019)  Originally signed w/ UTA,23,3,"$2,498,982","$832,994",
488,Daniel Ochefu  Small Forward | 2016-2018 (FA: 2019)  Originally signed w/ WAS,22,3,"$2,498,982","$832,994",
488,Nicolas Brussino  Small Forward | 2016-2018 (FA: 2019)  Originally signed w/ DAL,23,3,"$2,498,982","$832,994",
491,Chandler Parsons  Small Forward | 2011-2013 (FA: 2014)  Originally signed w/ HOU,22,3,"$2,498,896","$832,965",
492,Ronnie Brewer  Small Forward | 2013-2014 (FA: 2013)  Originally signed w/ HOU,28,2,"$2,496,745","$1,248,373",
493,Ishmail Wainright  Small Forward | 2021-2022 (FA: 2023)  Originally signed w/ TOR,26,2,"$2,488,776","$1,244,388",
494,Ricky Davis  Small Forward | 0-2009 (FA: 2010),-1,1,"$2,484,000","$2,484,000",
495,Marquis Daniels  Small Forward | 2010-2010 (FA: 2011)  Originally signed w/ BOS,29,1,"$2,470,000","$2,470,000",
496,Tyler Honeycutt  Small Forward | 2011-2012 (FA: 2014)  Originally signed w/ SAC,21,3,"$2,469,168","$823,056",
497,Melvin Frazier Jr.  Small Forward | 2018-2020 (FA: 2021)  Originally signed w/ ORL,21,2,"$2,466,852","$1,233,426",
498,Bruno Caboclo  Small Forward | 2022-2022 (FA: 2023),26,1,"$2,463,490","$2,463,490",
499,Ignas Brazdeikis  Small Forward | 2019-2020 (FA: 2022)  Originally signed w/ NYK,20,2,"$2,416,291","$1,208,146",
499,Elijah Hughes  Small Forward | 2020-2021 (FA: 2022)  Originally signed w/ UTA,22,2,"$2,416,291","$1,208,146",
499,Jordan Nwora  Small Forward | 2020-2021 (FA: 2022)  Originally signed w/ MIL,22,2,"$2,416,291","$1,208,146",
499,CJ Elleby  Small Forward | 2020-2021 (FA: 2022)  Originally signed w/ POR,20,2,"$2,416,291","$1,208,146",
503,Jamil Wilson  Small Forward | 2015-2017 (FA: 2018)  Originally signed w/ DAL,24,3,"$2,414,475","$804,825",
504,Rasual Butler  Small Forward | 2011-2011 (FA: 2012)  Originally signed w/ LAC,31,1,"$2,400,000","$2,400,000",
504,Earl Clark  Small Forward | 2011-2012 (FA: 2013)  Originally signed w/ ORL,23,2,"$2,400,000","$1,200,000",
506,Luol Deng  Small Forward | 2018-2018 (FA: 2019),33,1,"$2,393,887","$2,393,887",
507,Otto Porter Jr.  Small Forward | 2021-2021 (FA: 2022)  Originally signed w/ GSW,28,1,"$2,389,641","$2,389,641",
507,Ben McLemore  Small Forward | 2021-2021 (FA: 2022),28,1,"$2,389,641","$2,389,641",
507,Solomon Hill  Small Forward | 2021-2021 (FA: 2022)  Originally signed w/ ATL,30,1,"$2,389,641","$2,389,641",
510,Bruno Caboclo  Small Forward | 2018-2019 (FA: 2020)  Originally signed w/ MEM,23,2,"$2,367,451","$1,183,726",
511,Thanasis Antetokounmpo  Small Forward | 2023-2023 (FA: 2024),31,1,"$2,346,614","$2,346,614",
512,James Ennis III  Small Forward | 2014-2016 (FA: 2017)  Originally signed w/ MIA,24,3,"$2,332,826","$777,609",
512,Ronald Roberts  Small Forward | 2014-2016 (FA: 2014)  Originally signed w/ PHI,23,3,"$2,332,826","$777,609",
512,JaKarr Sampson  Small Forward | 2014-2016 (FA: 2018)  Originally signed w/ PHI,21,3,"$2,332,826","$777,609",
515,Martell Webster  Small Forward | 2017-2017 (FA: 2018),30,1,"$2,328,652","$2,328,652",
516,Rade Zagorac  Small Forward | 2017-2018 (FA: 2020),21,2,"$2,328,242","$1,164,121",
517,Wesley Johnson  Small Forward | 2015-2016 (FA: 2017)  Originally signed w/ LAC,27,2,"$2,327,888","$1,163,944",
517,Luke Babbitt  Small Forward | 2015-2016 (FA: 2017)  Originally signed w/ NOP,26,2,"$2,327,888","$1,163,944",
517,Jeremy Evans  Small Forward | 2015-2016 (FA: 2017)  Originally signed w/ DAL,27,2,"$2,327,888","$1,163,944",
520,Alex Poythress  Small Forward | 2017-2018 (FA: 2019)  Originally signed w/ IND,24,2,"$2,323,619","$1,161,810",
521,Lance Thomas  Small Forward | 2019-2019 (FA: 2020),31,1,"$2,320,044","$2,320,044",
521,Michael Kidd-Gilchrist  Small Forward | 2020-2020 (FA: 2021),26,1,"$2,320,044","$2,320,044",
523,Jae Crowder  Small Forward | 2012-2014 (FA: 2015)  Originally signed w/ DAL,21,3,"$2,304,606","$768,202",
524,Richard Jefferson  Small Forward | 2017-2017 (FA: 2018),37,1,"$2,302,340","$2,302,340",
525,Jake Layman  Small Forward | 2022-2022 (FA: 2023),28,1,"$2,298,385","$2,298,385",
526,Jason Kapono  Small Forward | 2005-2006 (FA: 2007)  Originally signed w/ MIA,23,2,"$2,288,000","$1,144,000",
527,Ryan Broekhoff  Small Forward | 2018-2019 (FA: 2020)  Originally signed w/ DAL,27,2,"$2,255,316","$1,127,658",
528,Damjan Rudez  Small Forward | 2014-2015 (FA: 2017)  Originally signed w/ IND,28,2,"$2,249,500","$1,124,750",
529,Rodney Hood  Small Forward | 2021-2021 (FA: 2022)  Originally signed w/ MIL,28,1,"$2,239,544","$2,239,544",
530,Christapher Johnson  Small Forward | 2013-2015 (FA: 0)  Originally signed w/ BOS,23,3,"$2,216,780","$738,927",
531,Alfonzo McKinnie  Small Forward | 2017-2018 (FA: 2019)  Originally signed w/ TOR,24,2,"$2,193,857","$1,096,929",
532,Quincy Miller  Small Forward | 2012-2014 (FA: 2014)  Originally signed w/ DEN,19,3,"$2,177,719","$725,906",
532,Khris Middleton  Small Forward | 2012-2014 (FA: 2015)  Originally signed w/ DET,21,3,"$2,177,719","$725,906",
534,Omri Casspi  Small Forward | 2018-2018 (FA: 2019),30,1,"$2,176,260","$2,176,260",
535,Solomon Hill  Small Forward | 2020-2020 (FA: 2021)  Originally signed w/ ATL,29,1,"$2,174,318","$2,174,318",
536,Josh Smith  Small Forward | 2017-2017 (FA: 2018),31,1,"$2,170,777","$2,170,777",
537,Josh Howard  Small Forward | 2011-2011 (FA: 2012)  Originally signed w/ UTA,31,1,"$2,150,000","$2,150,000",
538,Christapher Johnson  Small Forward | 2014-2016 (FA: 2017)  Originally signed w/ UTA,24,3,"$2,145,368","$715,123",
539,Justin Jackson  Small Forward | 2022-2022 (FA: 2023)  Originally signed w/ BOS,27,1,"$2,133,278","$2,133,278",
539,Wesley Iwundu  Small Forward | 2022-2022 (FA: 2023)  Originally signed w/ POR,27,1,"$2,133,278","$2,133,278",
539,Wesley Iwundu  Small Forward | 2022-2022 (FA: 2023),27,1,"$2,133,278","$2,133,278",
542,Ryan Reid  Small Forward | 2011-2013 (FA: 2014),0,3,"$2,121,488","$707,163",
543,Michael Beasley  Small Forward | 2017-2017 (FA: 2018)  Originally signed w/ NYK,28,1,"$2,116,955","$2,116,955",
544,Shawne Williams  Small Forward | 2017-2017 (FA: 2019),31,1,"$2,106,470","$2,106,470",
544,Omri Casspi  Small Forward | 2017-2017 (FA: 2018)  Originally signed w/ GSW,29,1,"$2,106,470","$2,106,470",
544,Josh Childress  Small Forward | 2017-2017 (FA: 2018),34,1,"$2,106,470","$2,106,470",
547,Joey Graham  Small Forward | 2010-2011 (FA: 2012),-,2,"$2,099,621","$1,049,811",
548,DeMarre Carroll  Small Forward | 2009-2010 (FA: 2010),22,2,"$2,095,080","$1,047,540",
549,Stanley Johnson  Small Forward | 2021-2021 (FA: 2022)  Originally signed w/ CHI,25,1,"$2,089,448","$2,089,448",
550,Steve Novak  Small Forward | 2006-2008 (FA: 2009)  Originally signed w/ HOU,22,3,"$2,085,037","$695,012",
551,Josh Smith  Small Forward | 2014-2014 (FA: 2015)  Originally signed w/ HOU,29,1,"$2,077,000","$2,077,000",
552,Keith Booth  Small Forward | 1997-1999 (FA: 2000),22,3,"$2,061,720","$687,240",
553,Malcolm Miller  Small Forward | 2018-2019 (FA: 2020)  Originally signed w/ TOR,25,2,"$2,045,649","$1,022,825",
554,Robbie Hummel  Small Forward | 2016-2017 (FA: 2018),27,2,"$2,031,676","$1,015,838",
555,Bruno Caboclo  Small Forward | 2020-2020 (FA: 2022)  Originally signed w/ HOU,25,1,"$2,028,594","$2,028,594",
555,Glenn Robinson III  Small Forward | 2020-2020 (FA: 2021),26,1,"$2,028,594","$2,028,594",
557,Joe Wieskamp  Small Forward | 2023-2023 (FA: 2024),0,1,"$2,019,706","$2,019,706",
557,Justin Champagnie  Small Forward | 2023-2023 (FA: 2024),21,1,"$2,019,706","$2,019,706",
559,Omri Casspi  Small Forward | 2013-2014 (FA: 2014)  Originally signed w/ HOU,25,2,"$2,011,291","$1,005,646",
559,Reggie Williams  Small Forward | 2013-2014 (FA: 2013)  Originally signed w/ HOU,26,2,"$2,011,291","$1,005,646",
561,John Salmons  Small Forward | 2014-2014 (FA: 2015)  Originally signed w/ NOP,34,1,"$2,000,000","$2,000,000",
561,Toure Murry  Small Forward | 2014-2015 (FA: 2016)  Originally signed w/ UTA,24,2,"$2,000,000","$1,000,000",
561,Toni Kukoc  Small Forward | 2005-2005 (FA: 2006),36,1,"$2,000,000","$2,000,000",
564,Marquis Daniels  Small Forward | 2009-2009 (FA: 2010)  Originally signed w/ BOS,28,1,"$1,990,000","$1,990,000",
565,Luke Babbitt  Small Forward | 2017-2017 (FA: 2018)  Originally signed w/ ATL,28,1,"$1,974,159","$1,974,159",
566,Scotty Hopson  Small Forward | 2022-2022 (FA: 2023),33,1,"$1,968,175","$1,968,175",
566,Yuta Watanabe  Small Forward | 2022-2022 (FA: 2023)  Originally signed w/ BKN,27,1,"$1,968,175","$1,968,175",
568,Dominic McGuire  Small Forward | 2007-2009 (FA: 2010)  Originally signed w/ WAS,21,3,"$1,964,177","$654,726",
569,DeAndre' Bembry  Small Forward | 2021-2021 (FA: 2022)  Originally signed w/ BKN,27,1,"$1,939,350","$1,939,350",
570,Sekou Doumbouya  Small Forward | 2022-2022 (FA: 2023),21,1,"$1,902,133","$1,902,133",
570,Juwan Morgan  Small Forward | 2022-2022 (FA: 2023),25,1,"$1,902,133","$1,902,133",
570,Kelan Martin  Small Forward | 2022-2022 (FA: 2023),27,1,"$1,902,133","$1,902,133",
570,Rayjon Tucker  Small Forward | 2022-2022 (FA: 2023),24,1,"$1,902,133","$1,902,133",
570,Juan Toscano-Anderson  Small Forward | 2022-2022 (FA: 2023)  Originally signed w/ LAL,29,1,"$1,902,133","$1,902,133",
575,Darius Miller  Small Forward | 2014-2015 (FA: 2016)  Originally signed w/ NOP,24,2,"$1,896,591","$948,296",
576,JaKarr Sampson  Small Forward | 2020-2020 (FA: 2021),27,1,"$1,882,867","$1,882,867",
576,Rondae Hollis-Jefferson  Small Forward | 2020-2020 (FA: 2021)  Originally signed w/ MIN,25,1,"$1,882,867","$1,882,867",
576,Glenn Robinson III  Small Forward | 2019-2019 (FA: 2020)  Originally signed w/ GSW,25,1,"$1,882,867","$1,882,867",
579,Ryan Gomes  Small Forward | 2005-2007 (FA: 2008),22,3,"$1,863,581","$621,194",
580,Jeremy Evans  Small Forward | 2017-2017 (FA: 2018),29,1,"$1,841,849","$1,841,849",
581,Deividas Sirvydis  Small Forward | 2022-2022 (FA: 2023),22,1,"$1,836,090","$1,836,090",
581,Zylan Cheatham  Small Forward | 2022-2022 (FA: 2023),26,1,"$1,836,090","$1,836,090",
581,Elijah Hughes  Small Forward | 2022-2022 (FA: 2023),24,1,"$1,836,090","$1,836,090",
581,CJ Elleby  Small Forward | 2022-2022 (FA: 2023),22,1,"$1,836,090","$1,836,090",
581,Anthony Lamb  Small Forward | 2022-2022 (FA: 2023),24,1,"$1,836,090","$1,836,090",
586,Lance Thomas  Small Forward | 2013-2014 (FA: 2013)  Originally signed w/ NOP,25,2,"$1,832,456","$916,228",
587,Adonis Thomas  Small Forward | 2015-2016 (FA: 2017),22,2,"$1,825,490","$912,745",
588,Trevon Scott  Small Forward | 2023-2023 (FA: 2024),26,1,"$1,801,769","$1,801,769",
589,Marquese Chriss  Small Forward | 2021-2021 (FA: 2022)  Originally signed w/ POR,24,1,"$1,789,256","$1,789,256",
589,Justin Jackson  Small Forward | 2021-2021 (FA: 2022)  Originally signed w/ DAL,26,1,"$1,789,256","$1,789,256",
589,Sam Dekker  Small Forward | 2021-2021 (FA: 2022),27,1,"$1,789,256","$1,789,256",
592,Kostas Papanikolaou  Small Forward | 2015-2016 (FA: 2017),24,2,"$1,780,752","$890,376",
593,Troy Williams  Small Forward | 2017-2018 (FA: 2019)  Originally signed w/ NYK,23,2,"$1,767,427","$883,714",
594,Chris Hunter  Small Forward | 0-2010 (FA: 2011),-1,2,"$1,765,809","$882,905",
595,Anthony Brown  Small Forward | 2016-2017 (FA: 2018)  Originally signed w/ NOP,24,2,"$1,750,469","$875,235",
596,Martell Webster  Small Forward | 2012-2012 (FA: 2013)  Originally signed w/ WAS,25,1,"$1,750,000","$1,750,000",
597,Trey Johnson  Small Forward | 2011-2012 (FA: 2013)  Originally signed w/ NOH,27,2,"$1,739,509","$869,755",
598,Treveon Graham  Small Forward | 2020-2020 (FA: 2021),27,1,"$1,737,145","$1,737,145",
598,JaKarr Sampson  Small Forward | 2019-2019 (FA: 2020),26,1,"$1,737,145","$1,737,145",
600,Isaac Bonga  Small Forward | 2021-2021 (FA: 2022),21,1,"$1,729,217","$1,729,217",
600,Scotty Hopson  Small Forward | 2021-2021 (FA: 2022),32,1,"$1,729,217","$1,729,217",
602,Michael Beasley  Small Forward | 2015-2016 (FA: 2017)  Originally signed w/ HOU,25,2,"$1,710,138","$855,069",
603,Malcolm Miller  Small Forward | 2020-2020 (FA: 2021),27,1,"$1,678,854","$1,678,854",
603,Torrey Craig  Small Forward | 2020-2020 (FA: 2021)  Originally signed w/ MIL,29,1,"$1,678,854","$1,678,854",
603,Marquese Chriss  Small Forward | 2019-2019 (FA: 2020)  Originally signed w/ GSW,22,1,"$1,678,854","$1,678,854",
606,Danny Granger  Small Forward | 2013-2013 (FA: 2014)  Originally signed w/ LAC,30,2,"$1,674,261","$837,131",
607,Deividas Sirvydis  Small Forward | 2021-2021 (FA: 2022)  Originally signed w/ DET,21,1,"$1,669,178","$1,669,178",
607,B.J. Johnson  Small Forward | 2021-2021 (FA: 2022),25,1,"$1,669,178","$1,669,178",
607,Juwan Morgan  Small Forward | 2021-2021 (FA: 2022)  Originally signed w/ BOS,24,1,"$1,669,178","$1,669,178",
607,Melvin Frazier Jr.  Small Forward | 2021-2021 (FA: 2022),25,1,"$1,669,178","$1,669,178",
607,Rayjon Tucker  Small Forward | 2021-2021 (FA: 2022),24,1,"$1,669,178","$1,669,178",
612,Lance Thomas  Small Forward | 2012-2013 (FA: 2013)  Originally signed w/ NOH,23,2,"$1,646,488","$823,244",
613,Sean McDermott  Small Forward | 2022-2022 (FA: 2023),0,1,"$1,637,966","$1,637,966",
613,Chaundee Brown  Small Forward | 2022-2022 (FA: 2023),23,1,"$1,637,966","$1,637,966",
613,Jamorko Pickett  Small Forward | 2022-2022 (FA: 2023),24,1,"$1,637,966","$1,637,966",
613,M.J. Walker  Small Forward | 2022-2022 (FA: 2023),24,1,"$1,637,966","$1,637,966",
613,Matt Ryan  Small Forward | 2022-2022 (FA: 2023)  Originally signed w/ LAL,25,1,"$1,637,966","$1,637,966",
613,Aleem Ford  Small Forward | 2022-2022 (FA: 2023),24,1,"$1,637,966","$1,637,966",
613,Malik Ellison  Small Forward | 2022-2022 (FA: 2023),25,1,"$1,637,966","$1,637,966",
620,Lance Thomas  Small Forward | 2015-2015 (FA: 2016)  Originally signed w/ NYK,27,1,"$1,636,842","$1,636,842",
621,Bruno Caboclo  Small Forward | 2018-2018 (FA: 2019)  Originally signed w/ HOU,22,1,"$1,621,415","$1,621,415",
622,Jalen Jones  Small Forward | 2019-2019 (FA: 2020),26,1,"$1,620,564","$1,620,564",
622,Jarrod Uthoff  Small Forward | 2020-2020 (FA: 2021),27,1,"$1,620,564","$1,620,564",
622,Devin Robinson  Small Forward | 2020-2020 (FA: 2021),24,1,"$1,620,564","$1,620,564",
622,Roy Devyn Marble  Small Forward | 2019-2019 (FA: 2020),26,1,"$1,620,564","$1,620,564",
622,Melvin Frazier Jr.  Small Forward | 2020-2020 (FA: 2021),24,1,"$1,620,564","$1,620,564",
622,Ryan Broekhoff  Small Forward | 2020-2020 (FA: 2021),30,1,"$1,620,564","$1,620,564",
622,Yuta Watanabe  Small Forward | 2020-2020 (FA: 2021)  Originally signed w/ TOR,26,1,"$1,620,564","$1,620,564",
622,B.J. Johnson  Small Forward | 2020-2020 (FA: 2021)  Originally signed w/ MIA,24,1,"$1,620,564","$1,620,564",
622,Troy Williams  Small Forward | 2019-2019 (FA: 2020),24,1,"$1,620,564","$1,620,564",
622,Devin Robinson  Small Forward | 2019-2019 (FA: 2020)  Originally signed w/ TOR,24,1,"$1,620,564","$1,620,564",
632,Joe Alexander  Small Forward | 2010-2010 (FA: 2010)  Originally signed w/ NOH,23,2,"$1,616,584","$808,292",
632,Danny Green  Small Forward | 2010-2011 (FA: 2012)  Originally signed w/ SAS,22,2,"$1,616,584","$808,292",
632,Jeff Adrien  Small Forward | 2011-2012 (FA: 2013)  Originally signed w/ HOU,24,2,"$1,616,584","$808,292",
635,Mickael Gelabale  Small Forward | 2006-2007 (FA: 2008)  Originally signed w/ SEA,23,2,"$1,604,000","$802,000",
636,Matt Barnes  Small Forward | 2009-2009 (FA: 2010)  Originally signed w/ ORL,29,1,"$1,600,000","$1,600,000",
636,Devean George  Small Forward | 0-2009 (FA: 2010),-1,1,"$1,600,000","$1,600,000",
638,Christapher Johnson  Small Forward | 2017-2017 (FA: 2018),27,1,"$1,577,230","$1,577,230",
639,Jeff Adrien  Small Forward | 2012-2013 (FA: 2014)  Originally signed w/ CHA,26,2,"$1,569,455","$784,728",
640,Deonte Burton  Small Forward | 2018-2019 (FA: 2021)  Originally signed w/ OKC,23,2,"$1,568,439","$784,220",
641,Josh Huestis  Small Forward | 2018-2018 (FA: 2019),26,1,"$1,567,007","$1,567,007",
641,JaKarr Sampson  Small Forward | 2018-2018 (FA: 2019)  Originally signed w/ CHI,25,1,"$1,567,007","$1,567,007",
641,Anthony Brown  Small Forward | 2018-2018 (FA: 2019),25,1,"$1,567,007","$1,567,007",
644,Dahntay Jones  Small Forward | 2015-2016 (FA: 2017),35,2,"$1,560,478","$780,239",
645,Steve Novak  Small Forward | 2016-2016 (FA: 2017),33,1,"$1,551,659","$1,551,659",
645,Dorell Wright  Small Forward | 2016-2016 (FA: 2017),30,1,"$1,551,659","$1,551,659",
645,Rasual Butler  Small Forward | 2016-2016 (FA: 2017),37,1,"$1,551,659","$1,551,659",
645,Metta World Peace  Small Forward | 2016-2016 (FA: 2017),36,1,"$1,551,659","$1,551,659",
645,Dahntay Jones  Small Forward | 2016-2016 (FA: 2017),35,1,"$1,551,659","$1,551,659",
650,Jarell Eddie  Small Forward | 2015-2016 (FA: 2017)  Originally signed w/ WAS,24,2,"$1,542,147","$771,074",
651,Jalen Rose  Small Forward | 2006-2006 (FA: 2007),32,1,"$1,540,000","$1,540,000",
652,Reggie Williams  Small Forward | 2014-2015 (FA: 2016)  Originally signed w/ SAS,28,2,"$1,529,820","$764,910",
653,Perry Jones III  Small Forward | 2017-2017 (FA: 2018)  Originally signed w/ BOS,25,1,"$1,524,305","$1,524,305",
653,Damjan Rudez  Small Forward | 2017-2017 (FA: 2018),31,1,"$1,524,305","$1,524,305",
653,Jarell Eddie  Small Forward | 2017-2017 (FA: 2018),25,1,"$1,524,305","$1,524,305",
656,Scotty Hopson  Small Forward | 2018-2018 (FA: 2019),29,1,"$1,512,601","$1,512,601",
656,Danuel House Jr.  Small Forward | 2018-2018 (FA: 2019)  Originally signed w/ GSW,24,1,"$1,512,601","$1,512,601",
656,Troy Williams  Small Forward | 2018-2018 (FA: 2020)  Originally signed w/ NOP,23,1,"$1,512,601","$1,512,601",
659,Josh Smith  Small Forward | 2015-2015 (FA: 2016)  Originally signed w/ LAC,29,1,"$1,499,187","$1,499,187",
659,Tayshaun Prince  Small Forward | 2015-2015 (FA: 2016),35,1,"$1,499,187","$1,499,187",
659,Richard Jefferson  Small Forward | 2015-2015 (FA: 2016)  Originally signed w/ CLE,35,1,"$1,499,187","$1,499,187",
659,Rasual Butler  Small Forward | 2015-2015 (FA: 2016)  Originally signed w/ SAS,36,1,"$1,499,187","$1,499,187",
659,Metta World Peace  Small Forward | 2015-2015 (FA: 2016),35,1,"$1,499,187","$1,499,187",
659,Dahntay Jones  Small Forward | 2015-2015 (FA: 2016)  Originally signed w/ BKN,34,1,"$1,499,187","$1,499,187",
665,Zylan Cheatham  Small Forward | 2021-2021 (FA: 2022),25,1,"$1,489,065","$1,489,065",
665,George King  Small Forward | 2021-2021 (FA: 2022)  Originally signed w/ LAC,27,1,"$1,489,065","$1,489,065",
665,Admiral Schofield  Small Forward | 2021-2021 (FA: 2022),24,1,"$1,489,065","$1,489,065",
665,Josh Hall  Small Forward | 2021-2021 (FA: 2022),21,1,"$1,489,065","$1,489,065",
665,Vince Edwards  Small Forward | 2021-2021 (FA: 2022),25,1,"$1,489,065","$1,489,065",
665,Sean McDermott  Small Forward | 2021-2021 (FA: 2022),0,1,"$1,489,065","$1,489,065",
671,Chris Wright  Small Forward | 2017-2017 (FA: 2018),29,1,"$1,471,382","$1,471,382",
672,B.J. Johnson  Small Forward | 2018-2019 (FA: 2020)  Originally signed w/ SAC,23,2,"$1,464,223","$732,112",
673,Patricio Garino  Small Forward | 2016-2017 (FA: 2018),23,2,"$1,462,611","$731,306",
674,James Webb III  Small Forward | 2016-2017 (FA: 2018)  Originally signed w/ PHI,22,2,"$1,448,720","$724,360",
674,Stefan Jankovic  Small Forward | 2016-2017 (FA: 2018),22,2,"$1,448,720","$724,360",
674,Danuel House Jr.  Small Forward | 2016-2017 (FA: 2018)  Originally signed w/ WAS,23,2,"$1,448,720","$724,360",
674,Jarrod Uthoff  Small Forward | 2016-2017 (FA: 2018)  Originally signed w/ TOR,23,2,"$1,448,720","$724,360",
674,Troy Williams  Small Forward | 2016-2017 (FA: 2018)  Originally signed w/ MEM,21,2,"$1,448,720","$724,360",
674,Patricio Garino  Small Forward | 2016-2017 (FA: 2018)  Originally signed w/ SAS,23,2,"$1,448,720","$724,360",
680,Shawn Marion  Small Forward | 2014-2014 (FA: 2015),36,1,"$1,448,490","$1,448,490",
680,Richard Jefferson  Small Forward | 2014-2014 (FA: 2015)  Originally signed w/ DAL,34,1,"$1,448,490","$1,448,490",
680,Rasual Butler  Small Forward | 2014-2014 (FA: 2015)  Originally signed w/ WAS,35,1,"$1,448,490","$1,448,490",
680,Hedo Turkoglu  Small Forward | 2014-2014 (FA: 2015),35,1,"$1,448,490","$1,448,490",
680,Dahntay Jones  Small Forward | 2014-2014 (FA: 2014)  Originally signed w/ UTA,33,1,"$1,448,490","$1,448,490",
685,Jarrod Uthoff  Small Forward | 2019-2019 (FA: 2020)  Originally signed w/ MEM,26,1,"$1,445,697","$1,445,697",
685,Jaron Blossomgame  Small Forward | 2019-2019 (FA: 2020),26,1,"$1,445,697","$1,445,697",
685,Vince Edwards  Small Forward | 2019-2019 (FA: 2020)  Originally signed w/ OKC,23,1,"$1,445,697","$1,445,697",
685,Vince Edwards  Small Forward | 2020-2020 (FA: 2021)  Originally signed w/ SAC,23,1,"$1,445,697","$1,445,697",
685,Louis King  Small Forward | 2020-2020 (FA: 2021)  Originally signed w/ NYK,21,1,"$1,445,697","$1,445,697",
685,Robert Franks  Small Forward | 2020-2020 (FA: 2021),0,1,"$1,445,697","$1,445,697",
685,Zylan Cheatham  Small Forward | 2020-2020 (FA: 2021)  Originally signed w/ MIN,25,1,"$1,445,697","$1,445,697",
685,Rayjon Tucker  Small Forward | 2020-2020 (FA: 2021)  Originally signed w/ LAC,23,1,"$1,445,697","$1,445,697",
685,B.J. Johnson  Small Forward | 2019-2019 (FA: 2020),23,1,"$1,445,697","$1,445,697",
685,Myke Henry  Small Forward | 2019-2019 (FA: 2020),26,1,"$1,445,697","$1,445,697",
685,Deng Adel  Small Forward | 2019-2019 (FA: 2020),22,1,"$1,445,697","$1,445,697",
696,DeMarre Carroll  Small Forward | 2011-2012 (FA: 2013)  Originally signed w/ UTA,24,2,"$1,422,558","$711,279",
697,Omari Johnson  Small Forward | 2017-2018 (FA: 2019)  Originally signed w/ MEM,28,2,"$1,405,890","$702,945",
698,Alonzo Gee  Small Forward | 2016-2016 (FA: 2017)  Originally signed w/ NOP,29,1,"$1,400,000","$1,400,000",
699,Thanasis Antetokounmpo  Small Forward | 2015-2016 (FA: 2017)  Originally signed w/ NYK,23,2,"$1,399,729","$699,865",
699,Ronald Roberts  Small Forward | 2015-2016 (FA: 2017),23,2,"$1,399,729","$699,865",
699,Brandon Dawson  Small Forward | 2015-2016 (FA: 2017)  Originally signed w/ LAC,22,2,"$1,399,729","$699,865",
699,Jonathon Simmons  Small Forward | 2015-2016 (FA: 2017)  Originally signed w/ SAS,25,2,"$1,399,729","$699,865",
699,Terran Petteway  Small Forward | 2015-2016 (FA: 2017)  Originally signed w/ ATL,22,2,"$1,399,729","$699,865",
704,Corey Maggette  Small Forward | 2013-2013 (FA: 2013),33,1,"$1,399,507","$1,399,507",
704,Rasual Butler  Small Forward | 2013-2013 (FA: 2014)  Originally signed w/ IND,34,1,"$1,399,507","$1,399,507",
704,Dahntay Jones  Small Forward | 2013-2013 (FA: 2013)  Originally signed w/ CHI,32,1,"$1,399,507","$1,399,507",
707,Ronnie Brewer  Small Forward | 2013-2013 (FA: 2014),27,2,"$1,380,078","$690,039",
708,Luke Babbitt  Small Forward | 2013-2014 (FA: 2015)  Originally signed w/ NOP,24,2,"$1,369,079","$684,540",
709,Jarrod Uthoff  Small Forward | 2016-2017 (FA: 2018)  Originally signed w/ DAL,22,2,"$1,360,564","$680,282",
710,Cleanthony Early  Small Forward | 2014-2015 (FA: 2016),23,2,"$1,352,395","$676,198",
711,Jerry Stackhouse  Small Forward | 2011-2011 (FA: 2012)  Originally signed w/ ATL,37,1,"$1,352,181","$1,352,181",
711,Jerry Stackhouse  Small Forward | 2012-2012 (FA: 2013),37,1,"$1,352,181","$1,352,181",
711,Jerry Stackhouse  Small Forward | 2010-2010 (FA: 2010)  Originally signed w/ MIA,37,1,"$1,352,181","$1,352,181",
711,Vladimir Radmanovic  Small Forward | 2011-2011 (FA: 2012)  Originally signed w/ ATL,31,1,"$1,352,181","$1,352,181",
711,Vladimir Radmanovic  Small Forward | 2012-2012 (FA: 2013),31,1,"$1,352,181","$1,352,181",
711,Willie Green  Small Forward | 2011-2011 (FA: 2012)  Originally signed w/ NOH,29,1,"$1,352,181","$1,352,181",
717,Malcolm Miller  Small Forward | 2018-2018 (FA: 2019)  Originally signed w/ TOR,25,1,"$1,349,383","$1,349,383",
717,Omari Johnson  Small Forward | 2018-2018 (FA: 2019),28,1,"$1,349,383","$1,349,383",
717,Jalen Jones  Small Forward | 2018-2018 (FA: 2019)  Originally signed w/ DAL,25,1,"$1,349,383","$1,349,383",
717,Jamel Artis  Small Forward | 2018-2018 (FA: 2019)  Originally signed w/ SAC,25,1,"$1,349,383","$1,349,383",
717,Jamel Artis  Small Forward | 2018-2018 (FA: 2019),25,1,"$1,349,383","$1,349,383",
717,Alfonzo McKinnie  Small Forward | 2018-2018 (FA: 2019)  Originally signed w/ GSW,25,1,"$1,349,383","$1,349,383",
723,Alonzo Gee  Small Forward | 2010-2011 (FA: 2012)  Originally signed w/ CLE,22,2,"$1,334,124","$667,062",
724,Jason Kapono  Small Forward | 2014-2014 (FA: 2015),33,1,"$1,316,809","$1,316,809",
725,Chase Budinger  Small Forward | 2016-2016 (FA: 2017),28,1,"$1,315,448","$1,315,448",
726,DeQuan Jones  Small Forward | 2017-2017 (FA: 2018),27,1,"$1,312,611","$1,312,611",
726,Travis Wear  Small Forward | 2017-2017 (FA: 2018),27,1,"$1,312,611","$1,312,611",
726,Daniel Ochefu  Small Forward | 2017-2017 (FA: 2018),23,1,"$1,312,611","$1,312,611",
726,Danuel House Jr.  Small Forward | 2017-2017 (FA: 2018)  Originally signed w/ HOU,24,1,"$1,312,611","$1,312,611",
726,Jarrod Uthoff  Small Forward | 2017-2017 (FA: 2018)  Originally signed w/ IND,24,1,"$1,312,611","$1,312,611",
731,Glen Rice Jr.  Small Forward | 2013-2014 (FA: 2015),22,2,"$1,306,662","$653,331",
731,C.J. Leslie  Small Forward | 2013-2014 (FA: 2013),22,2,"$1,306,662","$653,331",
731,Elias Harris  Small Forward | 2013-2014 (FA: 2013),24,2,"$1,306,662","$653,331",
731,Adonis Thomas  Small Forward | 2013-2014 (FA: 2013)  Originally signed w/ ATL,20,2,"$1,306,662","$653,331",
735,Da'Sean Butler  Small Forward | 2010-2010 (FA: 2010)  Originally signed w/ MIA,0,2,"$1,300,000","$650,000",
736,Stephen Jackson  Small Forward | 2001-2002 (FA: 2003)  Originally signed w/ SAS,22,2,"$1,290,785","$645,393",
737,Mickael Gelabale  Small Forward | 2012-2013 (FA: 2014),28,1,"$1,262,880","$1,262,880",
738,Pape Sy  Small Forward | 2010-2011 (FA: 2012),0,2,"$1,262,476","$631,238",
738,Derrick Caracter  Small Forward | 2010-2011 (FA: 2011),-,2,"$1,262,476","$631,238",
738,Darius Miller  Small Forward | 2012-2013 (FA: 2014)  Originally signed w/ NOH,22,2,"$1,262,476","$631,238",
738,Kris Joseph  Small Forward | 2012-2013 (FA: 2012)  Originally signed w/ BOS,23,2,"$1,262,476","$631,238",
738,Tornike Shengelia  Small Forward | 2012-2013 (FA: 2014)  Originally signed w/ BKN,20,2,"$1,262,476","$631,238",
743,Gani Lawal  Small Forward | 2010-2011 (FA: 2012)  Originally signed w/ PHX,21,2,"$1,262,276","$631,138",
744,Earl Clark  Small Forward | 2014-2015 (FA: 2015),25,2,"$1,248,336","$624,168",
745,JaKarr Sampson  Small Forward | 2015-2016 (FA: 2017)  Originally signed w/ DEN,22,2,"$1,238,920","$619,460",
746,Landry Fields  Small Forward | 2010-2011 (FA: 2012)  Originally signed w/ NYK,22,2,"$1,235,799","$617,900",
746,Devin Ebanks  Small Forward | 2010-2011 (FA: 2012)  Originally signed w/ LAL,20,2,"$1,235,799","$617,900",
746,Jeremy Evans  Small Forward | 2010-2011 (FA: 2012)  Originally signed w/ UTA,22,2,"$1,235,799","$617,900",
746,Justin Harper  Small Forward | 2011-2011 (FA: 2012)  Originally signed w/ ORL,22,2,"$1,235,799","$617,900",
750,Malik Allen  Small Forward | 2010-2010 (FA: 2011),0,1,"$1,229,255","$1,229,255",
750,Matt Barnes  Small Forward | 2012-2012 (FA: 2013)  Originally signed w/ LAC,32,1,"$1,229,255","$1,229,255",
750,Marquis Daniels  Small Forward | 2012-2012 (FA: 2013),31,1,"$1,229,255","$1,229,255",
750,Rasual Butler  Small Forward | 2011-2011 (FA: 2012)  Originally signed w/ TOR,31,1,"$1,229,255","$1,229,255",
750,Keith Bogans  Small Forward | 2012-2012 (FA: 2013)  Originally signed w/ BKN,32,1,"$1,229,255","$1,229,255",
755,Reggie Williams  Small Forward | 2016-2016 (FA: 2017)  Originally signed w/ OKC,29,1,"$1,227,286","$1,227,286",
756,Mickael Pietrus  Small Forward | 2011-2011 (FA: 2012)  Originally signed w/ BOS,29,1,"$1,223,166","$1,223,166",
756,Marquis Daniels  Small Forward | 2011-2011 (FA: 2012)  Originally signed w/ BOS,29,1,"$1,223,166","$1,223,166",
758,Danny Green  Small Forward | 2009-2010 (FA: 2010)  Originally signed w/ CLE,22,2,"$1,219,783","$609,892",
759,Jason Kapono  Small Forward | 2011-2011 (FA: 2012)  Originally signed w/ LAL,30,1,"$1,200,000","$1,200,000",
759,Jawad Williams  Small Forward | 0-2010 (FA: 2011),-1,1,"$1,200,000","$1,200,000",
761,Ryan Gomes  Small Forward | 2013-2013 (FA: 2014)  Originally signed w/ OKC,30,1,"$1,186,459","$1,186,459",
761,Josh Childress  Small Forward | 2013-2013 (FA: 2013)  Originally signed w/ WAS,30,1,"$1,186,459","$1,186,459",
763,Jordan Hamilton  Small Forward | 2014-2014 (FA: 2015)  Originally signed w/ LAC,24,2,"$1,166,012","$583,006",
764,Quincy Miller  Small Forward | 2014-2015 (FA: 2016)  Originally signed w/ DET,22,2,"$1,164,397","$582,199",
765,Danuel House Jr.  Small Forward | 2018-2018 (FA: 2019)  Originally signed w/ HOU,25,1,"$1,162,225","$1,162,225",
766,Chris Copeland  Small Forward | 2015-2015 (FA: 2016)  Originally signed w/ MIL,31,1,"$1,150,000","$1,150,000",
767,Michael Beasley  Small Forward | 2014-2014 (FA: 2015)  Originally signed w/ MEM,25,1,"$1,145,685","$1,145,685",
768,Alonzo Gee  Small Forward | 2016-2016 (FA: 2017),29,1,"$1,145,214","$1,145,214",
769,Jermareo Davidson  Small Forward | 0-0 (FA: 2009),-1,2,"$1,138,680","$569,340",
770,Matthew Mayer  Small Forward | 2023-2023 (FA: 2024),23,1,"$1,119,563","$1,119,563",
770,Henri Drell  Small Forward | 2023-2023 (FA: 2024),23,1,"$1,119,563","$1,119,563",
770,Jacob Toppin  Small Forward | 2023-2023 (FA: 2024),23,1,"$1,119,563","$1,119,563",
770,Alex Antetokounmpo  Small Forward | 2023-2023 (FA: 2024),21,1,"$1,119,563","$1,119,563",
774,Josh Howard  Small Forward | 2012-2012 (FA: 2012)  Originally signed w/ MIN,31,1,"$1,109,327","$1,109,327",
775,Shawne Williams  Small Forward | 2013-2013 (FA: 2014)  Originally signed w/ LAL,27,1,"$1,106,942","$1,106,942",
775,Dominic McGuire  Small Forward | 2013-2013 (FA: 2014),27,1,"$1,106,942","$1,106,942",
777,Jeff Adrien  Small Forward | 2015-2015 (FA: 2016),29,1,"$1,100,602","$1,100,602",
778,Jud Buechler  Small Forward | 1999-1999 (FA: 2000)  Originally signed w/ DET,30,1,"$1,100,000","$1,100,000",
779,James Singleton  Small Forward | 0-0 (FA: 2010),-1,1,"$1,090,000","$1,090,000",
780,Josh Childress  Small Forward | 2013-2013 (FA: 2013)  Originally signed w/ NOP,30,1,"$1,081,771","$1,081,771",
781,Ronnie Brewer  Small Forward | 2012-2012 (FA: 2013)  Originally signed w/ NYK,27,1,"$1,069,509","$1,069,509",
781,Josh Childress  Small Forward | 2012-2012 (FA: 2013)  Originally signed w/ BKN,29,1,"$1,069,509","$1,069,509",
783,Trevor Ariza  Small Forward | 2004-2005 (FA: 2006)  Originally signed w/ NYK,19,2,"$1,067,328","$533,664",
784,Omri Casspi  Small Forward | 2014-2014 (FA: 2015)  Originally signed w/ SAC,26,1,"$1,063,384","$1,063,384",
784,Alonzo Gee  Small Forward | 2014-2014 (FA: 2015),27,1,"$1,063,384","$1,063,384",
786,C.J. Miles  Small Forward | 2005-2006 (FA: 2007)  Originally signed w/ UTA,18,2,"$1,062,971","$531,486",
787,Devin Ebanks  Small Forward | 2012-2012 (FA: 2013)  Originally signed w/ LAL,22,1,"$1,054,389","$1,054,389",
788,Stephen Jackson  Small Forward | 2013-2013 (FA: 2013),35,1,"$1,053,746","$1,053,746",
789,Chris Copeland  Small Forward | 2016-2016 (FA: 2017),32,1,"$1,050,961","$1,050,961",
790,Keith Bogans  Small Forward | 2009-2009 (FA: 2010)  Originally signed w/ SAS,29,1,"$1,033,342","$1,033,342",
791,Donte Greene  Small Forward | 2012-2013 (FA: 2014)  Originally signed w/ MEM,25,2,"$1,032,811","$516,406",
792,Shane Battier  Small Forward | 2001-2004 (FA: 0)  Originally signed w/ MEM,22,4,"$1,031,722","$257,931",
793,Michael Beasley  Small Forward | 2013-2013 (FA: 2014)  Originally signed w/ MIA,24,1,"$1,027,424","$1,027,424",
794,Kaiser Gates  Small Forward | 2022-2022 (FA: 2023),25,1,"$1,017,781","$1,017,781",
794,Nuni Omot  Small Forward | 2022-2022 (FA: 2023),27,1,"$1,017,781","$1,017,781",
794,LiAngelo Ball  Small Forward | 2022-2022 (FA: 2023),23,1,"$1,017,781","$1,017,781",
794,Romeo Weems  Small Forward | 2022-2022 (FA: 2023),21,1,"$1,017,781","$1,017,781",
794,Brandon Rachal  Small Forward | 2022-2022 (FA: 2023),23,1,"$1,017,781","$1,017,781",
794,L.J. Figueroa  Small Forward | 2022-2022 (FA: 2023),24,1,"$1,017,781","$1,017,781",
794,John Petty Jr.  Small Forward | 2022-2022 (FA: 2023),23,1,"$1,017,781","$1,017,781",
794,Alex Antetokounmpo  Small Forward | 2022-2022 (FA: 2023),20,1,"$1,017,781","$1,017,781",
794,Jamal Cain  Small Forward | 2022-2022 (FA: 2023),23,1,"$1,017,781","$1,017,781",
794,Darius Days  Small Forward | 2022-2022 (FA: 2023)  Originally signed w/ MIA,22,1,"$1,017,781","$1,017,781",
794,Gabe Brown  Small Forward | 2022-2022 (FA: 2023),22,1,"$1,017,781","$1,017,781",
794,Justin Smith  Small Forward | 2022-2022 (FA: 2023),22,1,"$1,017,781","$1,017,781",
794,Henri Drell  Small Forward | 2022-2022 (FA: 2023),22,1,"$1,017,781","$1,017,781",
794,Donovan Williams  Small Forward | 2022-2022 (FA: 2023)  Originally signed w/ BKN,21,1,"$1,017,781","$1,017,781",
794,Jeriah Horne  Small Forward | 2022-2022 (FA: 2023),24,1,"$1,017,781","$1,017,781",
794,Jermaine Samuels  Small Forward | 2022-2022 (FA: 2023)  Originally signed w/ IND,23,1,"$1,017,781","$1,017,781",
810,James McAdoo  Small Forward | 2014-2015 (FA: 2016)  Originally signed w/ GSW,22,2,"$1,012,181","$506,091",
811,Mickael Pietrus  Small Forward | 2012-2012 (FA: 2013),29,1,"$1,005,097","$1,005,097",
812,Stephen Jackson  Small Forward | 2003-2003 (FA: 2004)  Originally signed w/ ATL,25,1,"$1,000,000","$1,000,000",
812,Caron Butler  Small Forward | 2013-2013 (FA: 2014)  Originally signed w/ OKC,32,1,"$1,000,000","$1,000,000",
812,Scott Burrell  Small Forward | 1999-1999 (FA: 2000)  Originally signed w/ NJN,27,1,"$1,000,000","$1,000,000",
812,Scott Burrell  Small Forward | 1998-1998 (FA: 1999)  Originally signed w/ NJN,26,1,"$1,000,000","$1,000,000",
812,Jud Buechler  Small Forward | 1996-1997 (FA: 1998)  Originally signed w/ CHI,27,2,"$1,000,000","$500,000",
817,Malik Allen  Small Forward | 2007-2007 (FA: 2008)  Originally signed w/ NJN,0,1,"$998,398","$998,398",
818,Steve Novak  Small Forward | 2011-2011 (FA: 2012)  Originally signed w/ SAS,28,1,"$992,680","$992,680",
818,Dominic McGuire  Small Forward | 2012-2012 (FA: 0)  Originally signed w/ TOR,26,1,"$992,680","$992,680",
820,Luke Walton  Small Forward | 2003-2004 (FA: 2005)  Originally signed w/ LAL,23,2,"$986,977","$493,489",
820,Keith Bogans  Small Forward | 2003-2004 (FA: 2005)  Originally signed w/ ORL,22,2,"$986,977","$493,489",
820,Willie Green  Small Forward | 2003-2004 (FA: 2005)  Originally signed w/ PHI,22,2,"$986,977","$493,489",
820,Jason Kapono  Small Forward | 2003-2004 (FA: 2005)  Originally signed w/ CLE,22,2,"$986,977","$493,489",
824,Danny Green  Small Forward | 2011-2011 (FA: 2012)  Originally signed w/ SAS,23,1,"$984,411","$984,411",
825,Pops Mensah-Bonsu  Small Forward | 2014-2014 (FA: 2015),31,1,"$981,084","$981,084",
825,Earl Clark  Small Forward | 2014-2014 (FA: 2014)  Originally signed w/ MEM,26,1,"$981,084","$981,084",
825,Reggie Williams  Small Forward | 2014-2014 (FA: 2015)  Originally signed w/ MIA,27,1,"$981,084","$981,084",
825,Wesley Johnson  Small Forward | 2014-2014 (FA: 2015)  Originally signed w/ LAL,27,1,"$981,084","$981,084",
825,Jeff Adrien  Small Forward | 2014-2014 (FA: 2014)  Originally signed w/ HOU,28,1,"$981,084","$981,084",
830,Chris Wright  Small Forward | 2016-2016 (FA: 2017),27,1,"$980,431","$980,431",
830,Toure Murry  Small Forward | 2016-2016 (FA: 2017),26,1,"$980,431","$980,431",
830,Damien Inglis  Small Forward | 2016-2016 (FA: 2017),21,1,"$980,431","$980,431",
830,Cleanthony Early  Small Forward | 2016-2016 (FA: 2017),25,1,"$980,431","$980,431",
830,Damjan Rudez  Small Forward | 2016-2016 (FA: 2017),30,1,"$980,431","$980,431",
830,James McAdoo  Small Forward | 2016-2016 (FA: 2017)  Originally signed w/ GSW,23,1,"$980,431","$980,431",
830,JaKarr Sampson  Small Forward | 2016-2016 (FA: 2017)  Originally signed w/ MEM,23,1,"$980,431","$980,431",
837,Joe Alexander  Small Forward | 2014-2014 (FA: 2015)  Originally signed w/ DEN,27,1,"$948,163","$948,163",
837,Chris Singleton  Small Forward | 2014-2014 (FA: 2014),24,1,"$948,163","$948,163",
837,Jordan Hamilton  Small Forward | 2014-2014 (FA: 2014)  Originally signed w/ TOR,23,1,"$948,163","$948,163",
837,Lance Thomas  Small Forward | 2014-2014 (FA: 2015)  Originally signed w/ OKC,26,1,"$948,163","$948,163",
841,Pops Mensah-Bonsu  Small Forward | 2013-2013 (FA: 2014)  Originally signed w/ WAS,30,1,"$947,907","$947,907",
841,Sam Young  Small Forward | 2013-2013 (FA: 2013),28,1,"$947,907","$947,907",
843,Toure Murry  Small Forward | 2015-2015 (FA: 2016)  Originally signed w/ WAS,25,1,"$947,276","$947,276",
844,DeShawn Stevenson  Small Forward | 2006-2006 (FA: 2007)  Originally signed w/ WAS,25,1,"$932,015","$932,015",
845,Matt Barnes  Small Forward | 2008-2008 (FA: 2009)  Originally signed w/ PHX,28,1,"$926,678","$926,678",
845,Dahntay Jones  Small Forward | 2008-2008 (FA: 2009)  Originally signed w/ DEN,27,1,"$926,678","$926,678",
847,Nate Renfro  Small Forward | 2021-2021 (FA: 2022),24,1,"$925,258","$925,258",
847,Brandon Rachal  Small Forward | 2021-2021 (FA: 2022),22,1,"$925,258","$925,258",
847,Chaundee Brown  Small Forward | 2021-2021 (FA: 2022)  Originally signed w/ LAL,22,1,"$925,258","$925,258",
847,Matt Ryan  Small Forward | 2021-2021 (FA: 2022)  Originally signed w/ DEN,24,1,"$925,258","$925,258",
847,Jordan Schakel  Small Forward | 2021-2021 (FA: 2022),23,1,"$925,258","$925,258",
847,Trevon Scott  Small Forward | 2021-2021 (FA: 2022)  Originally signed w/ CLE,24,1,"$925,258","$925,258",
847,LiAngelo Ball  Small Forward | 2021-2021 (FA: 2022),22,1,"$925,258","$925,258",
847,Alex Antetokounmpo  Small Forward | 2021-2021 (FA: 2022)  Originally signed w/ TOR,19,1,"$925,258","$925,258",
847,Terry Taylor  Small Forward | 2021-2021 (FA: 2022)  Originally signed w/ IND,21,1,"$925,258","$925,258",
847,M.J. Walker  Small Forward | 2021-2021 (FA: 2022),23,1,"$925,258","$925,258",
847,Jamorko Pickett  Small Forward | 2021-2021 (FA: 2022)  Originally signed w/ DET,23,1,"$925,258","$925,258",
847,Braxton Key  Small Forward | 2021-2021 (FA: 2022)  Originally signed w/ PHI,24,1,"$925,258","$925,258",
847,L.J. Figueroa  Small Forward | 2021-2021 (FA: 2022)  Originally signed w/ GSW,23,1,"$925,258","$925,258",
847,John Petty Jr.  Small Forward | 2021-2021 (FA: 2022),22,1,"$925,258","$925,258",
847,Damien Jefferson  Small Forward | 2021-2021 (FA: 2022),24,1,"$925,258","$925,258",
847,Ade Murkey  Small Forward | 2021-2021 (FA: 2022),23,1,"$925,258","$925,258",
847,Cameron McGriff  Small Forward | 2021-2021 (FA: 2022)  Originally signed w/ CHA,24,1,"$925,258","$925,258",
847,Romeo Weems  Small Forward | 2021-2021 (FA: 2022),20,1,"$925,258","$925,258",
847,Feron Hunt  Small Forward | 2021-2021 (FA: 2022)  Originally signed w/ DAL,22,1,"$925,258","$925,258",
866,Chris Wright  Small Forward | 2013-2014 (FA: 2014)  Originally signed w/ MIL,25,2,"$924,524","$462,262",
867,Joe Alexander  Small Forward | 2013-2013 (FA: 2013),26,1,"$916,099","$916,099",
867,Wesley Johnson  Small Forward | 2013-2013 (FA: 2014)  Originally signed w/ LAL,26,1,"$916,099","$916,099",
867,Devin Ebanks  Small Forward | 2013-2013 (FA: 2013),23,1,"$916,099","$916,099",
870,Adam Morrison  Small Forward | 2012-2012 (FA: 2012),28,1,"$915,852","$915,852",
870,Dominic McGuire  Small Forward | 2011-2011 (FA: 2012)  Originally signed w/ CHA,26,1,"$915,852","$915,852",
872,Rasual Butler  Small Forward | 2002-2003 (FA: 2004)  Originally signed w/ MIA,22,2,"$913,137","$456,569",
873,Elijah Pemberton  Small Forward | 2020-2020 (FA: 2021),23,1,"$898,310","$898,310",
873,Trevon Scott  Small Forward | 2020-2020 (FA: 2021)  Originally signed w/ UTA,24,1,"$898,310","$898,310",
873,Oshae Brissett  Small Forward | 2019-2019 (FA: 2020)  Originally signed w/ TOR,21,1,"$898,310","$898,310",
873,Anthony Lawrence Jr.  Small Forward | 2019-2019 (FA: 2020),23,1,"$898,310","$898,310",
873,Juwan Morgan  Small Forward | 2019-2019 (FA: 2020)  Originally signed w/ UTA,22,1,"$898,310","$898,310",
873,Kaiser Gates  Small Forward | 2020-2020 (FA: 2021),22,1,"$898,310","$898,310",
873,Caleb Martin  Small Forward | 2019-2019 (FA: 2020)  Originally signed w/ CHA,23,1,"$898,310","$898,310",
873,Jahlil Tripp  Small Forward | 2020-2020 (FA: 2021),23,1,"$898,310","$898,310",
873,Rayshaun Hammonds  Small Forward | 2020-2020 (FA: 2021),22,1,"$898,310","$898,310",
873,Tres Tinkle  Small Forward | 2020-2020 (FA: 2021)  Originally signed w/ LAL,24,1,"$898,310","$898,310",
873,Tres Tinkle  Small Forward | 2020-2020 (FA: 2021),24,1,"$898,310","$898,310",
873,Devonte Patterson  Small Forward | 2020-2020 (FA: 2021),0,1,"$898,310","$898,310",
873,Paul Eboua  Small Forward | 2020-2020 (FA: 2021)  Originally signed w/ MIA,20,1,"$898,310","$898,310",
873,Anthony Lamb  Small Forward | 2020-2020 (FA: 2021)  Originally signed w/ DET,22,1,"$898,310","$898,310",
873,Sir'Dominic Pointer  Small Forward | 2019-2019 (FA: 2020),27,1,"$898,310","$898,310",
873,Rayjon Tucker  Small Forward | 2019-2019 (FA: 2020),21,1,"$898,310","$898,310",
873,Kaiser Gates  Small Forward | 2019-2019 (FA: 2020)  Originally signed w/ BOS,22,1,"$898,310","$898,310",
873,Juan Toscano-Anderson  Small Forward | 2019-2019 (FA: 2020)  Originally signed w/ GSW,26,1,"$898,310","$898,310",
873,V.J. King  Small Forward | 2019-2019 (FA: 2020),22,1,"$898,310","$898,310",
873,Isaiah Pineiro  Small Forward | 2019-2019 (FA: 2020),24,1,"$898,310","$898,310",
873,Jalen McDaniels  Small Forward | 2019-2019 (FA: 2020)  Originally signed w/ CHA,21,1,"$898,310","$898,310",
873,Kahlil Whitney  Small Forward | 2020-2020 (FA: 2021),19,1,"$898,310","$898,310",
873,LiAngelo Ball  Small Forward | 2020-2020 (FA: 2021)  Originally signed w/ DET,22,1,"$898,310","$898,310",
873,Terry Larrier  Small Forward | 2019-2019 (FA: 2020),24,1,"$898,310","$898,310",
873,Ade Murkey  Small Forward | 2020-2020 (FA: 2021)  Originally signed w/ MIN,22,1,"$898,310","$898,310",
873,Jordan Murphy  Small Forward | 2019-2019 (FA: 2020),22,1,"$898,310","$898,310",
899,Jeff Adrien  Small Forward | 2010-2011 (FA: 2012)  Originally signed w/ GSW,25,2,"$895,918","$447,959",
900,Shawne Williams  Small Forward | 2010-2010 (FA: 2011)  Originally signed w/ NYK,23,1,"$885,210","$885,210",
901,Alando Tucker  Small Forward | 2012-2012 (FA: 2012),0,1,"$885,120","$885,120",
901,Sam Young  Small Forward | 2012-2012 (FA: 2013)  Originally signed w/ IND,27,1,"$885,120","$885,120",
903,Joey Graham  Small Forward | 2009-2009 (FA: 2010)  Originally signed w/ DEN,-,1,"$884,881","$884,881",
904,Gary Forbes  Small Forward | 2013-2013 (FA: 2013),28,1,"$884,293","$884,293",
904,Derrick Byars  Small Forward | 2013-2013 (FA: 2013),31,1,"$884,293","$884,293",
906,Dominic McGuire  Small Forward | 2010-2010 (FA: 2011)  Originally signed w/ CHA,24,1,"$884,120","$884,120",
907,John Holland  Small Forward | 2015-2016 (FA: 2017)  Originally signed w/ BOS,26,2,"$883,902","$441,951",
908,Robbie Hummel  Small Forward | 2014-2014 (FA: 2015)  Originally signed w/ MIN,25,1,"$880,000","$880,000",
909,Travis Wear  Small Forward | 2016-2016 (FA: 2017),25,1,"$874,636","$874,636",
909,John Holland  Small Forward | 2016-2016 (FA: 2017),27,1,"$874,636","$874,636",
909,Brandon Dawson  Small Forward | 2016-2016 (FA: 2017),23,1,"$874,636","$874,636",
909,J.J. O'Brien  Small Forward | 2016-2016 (FA: 2017),24,1,"$874,636","$874,636",
913,Keith Bogans  Small Forward | 2005-2005 (FA: 2006)  Originally signed w/ CHA,24,1,"$869,373","$869,373",
914,Steve Novak  Small Forward | 2009-2009 (FA: 2010)  Originally signed w/ LAC,26,1,"$855,189","$855,189",
915,DeMarre Carroll  Small Forward | 2011-2011 (FA: 2012)  Originally signed w/ DEN,24,1,"$854,389","$854,389",
915,Derrick Byars  Small Forward | 2012-2012 (FA: 2013)  Originally signed w/ SAS,29,1,"$854,389","$854,389",
917,Jud Buechler  Small Forward | 1998-1998 (FA: 1999)  Originally signed w/ DET,29,1,"$850,000","$850,000",
918,Keith Bogans  Small Forward | 2011-2011 (FA: 2012)  Originally signed w/ CHI,30,1,"$848,325","$848,325",
919,Malik Allen  Small Forward | 2001-2002 (FA: 2003)  Originally signed w/ MIA,-,2,"$845,252","$422,626",
920,Justin Harper  Small Forward | 2015-2015 (FA: 2016)  Originally signed w/ BKN,26,1,"$845,059","$845,059",
920,DeQuan Jones  Small Forward | 2015-2015 (FA: 2016)  Originally signed w/ ATL,25,1,"$845,059","$845,059",
920,Jarell Eddie  Small Forward | 2015-2015 (FA: 2016)  Originally signed w/ GSW,23,1,"$845,059","$845,059",
923,D.J. Hogg  Small Forward | 2018-2018 (FA: 2019),22,1,"$838,464","$838,464",
923,Jaron Blossomgame  Small Forward | 2018-2018 (FA: 2019)  Originally signed w/ SAS,25,1,"$838,464","$838,464",
923,Vince Edwards  Small Forward | 2018-2018 (FA: 2019)  Originally signed w/ HOU,22,1,"$838,464","$838,464",
923,Elijah Stewart  Small Forward | 2018-2018 (FA: 2019),22,1,"$838,464","$838,464",
923,Jeffrey Carroll  Small Forward | 2018-2018 (FA: 2019),23,1,"$838,464","$838,464",
923,Ding Yanyuhang  Small Forward | 2018-2018 (FA: 2019),24,1,"$838,464","$838,464",
923,Zach Smith  Small Forward | 2018-2018 (FA: 2019),22,1,"$838,464","$838,464",
923,Terry Larrier  Small Forward | 2018-2018 (FA: 2019)  Originally signed w/ DAL,22,1,"$838,464","$838,464",
923,Jordan Barnett  Small Forward | 2018-2018 (FA: 2019),22,1,"$838,464","$838,464",
923,Deng Adel  Small Forward | 2018-2018 (FA: 2019)  Originally signed w/ TOR,22,1,"$838,464","$838,464",
923,B.J. Johnson  Small Forward | 2018-2018 (FA: 2019),22,1,"$838,464","$838,464",
923,Nicholas King  Small Forward | 2018-2018 (FA: 2019),23,1,"$838,464","$838,464",
923,Desi Rodriguez  Small Forward | 2018-2018 (FA: 2019),22,1,"$838,464","$838,464",
923,Kaiser Gates  Small Forward | 2018-2018 (FA: 2019)  Originally signed w/ CHI,21,1,"$838,464","$838,464",
923,Nuni Omot  Small Forward | 2018-2018 (FA: 2019)  Originally signed w/ BKN,23,1,"$838,464","$838,464",
938,Jonathan Bender  Small Forward | 0-2009 (FA: 2010),-1,1,"$825,810","$825,810",
939,James Southerland  Small Forward | 2014-2014 (FA: 2015),24,1,"$816,482","$816,482",
939,Adonis Thomas  Small Forward | 2014-2014 (FA: 2014)  Originally signed w/ IND,21,1,"$816,482","$816,482",
939,Shane Edwards  Small Forward | 2014-2014 (FA: 2015),27,1,"$816,482","$816,482",
942,James Webb III  Small Forward | 2017-2017 (FA: 2018)  Originally signed w/ PHI,24,1,"$815,615","$815,615",
942,V.J. Beachem  Small Forward | 2017-2017 (FA: 2018),22,1,"$815,615","$815,615",
942,Jamel Artis  Small Forward | 2017-2017 (FA: 2018)  Originally signed w/ NYK,24,1,"$815,615","$815,615",
942,Erik McCree  Small Forward | 2017-2017 (FA: 2018)  Originally signed w/ MIA,0,1,"$815,615","$815,615",
942,Tidjan Keita  Small Forward | 2017-2017 (FA: 2019),20,1,"$815,615","$815,615",
947,Kris Joseph  Small Forward | 2012-2013 (FA: 2013)  Originally signed w/ BKN,24,2,"$805,587","$402,794",
948,Jeff Adrien  Small Forward | 2014-2014 (FA: 2015)  Originally signed w/ MIN,28,1,"$796,409","$796,409",
949,Kris Joseph  Small Forward | 2013-2013 (FA: 2013),24,1,"$788,872","$788,872",
949,DeQuan Jones  Small Forward | 2013-2013 (FA: 2013)  Originally signed w/ SAC,23,1,"$788,872","$788,872",
949,Christapher Johnson  Small Forward | 2013-2013 (FA: 2013)  Originally signed w/ BKN,23,1,"$788,872","$788,872",
949,Tony Gaffney  Small Forward | 2013-2013 (FA: 2013),28,1,"$788,872","$788,872",
953,Matt Barnes  Small Forward | 2006-2006 (FA: 2007),26,1,"$771,331","$771,331",
954,C.J. Miles  Small Forward | 2007-2007 (FA: 2008)  Originally signed w/ UTA,20,1,"$770,610","$770,610",
955,Chris Wright  Small Forward | 2012-2012 (FA: 2012)  Originally signed w/ TOR,23,1,"$762,195","$762,195",
955,Trey Gilder  Small Forward | 2012-2012 (FA: 2012),27,1,"$762,195","$762,195",
957,Jud Buechler  Small Forward | 1992-1993 (FA: 1994)  Originally signed w/ GSW,23,2,"$750,000","$375,000",
958,Hedo Turkoglu  Small Forward | 2013-2013 (FA: 2014),34,1,"$749,148","$749,148",
959,Dominic McGuire  Small Forward | 2012-2012 (FA: 2012)  Originally signed w/ NOH,26,1,"$718,233","$718,233",
960,Reggie Williams  Small Forward | 2016-2016 (FA: 2017),30,1,"$715,138","$715,138",
961,Peja Stojakovic  Small Forward | 2010-2010 (FA: 2011),-,1,"$706,138","$706,138",
962,Matt Barnes  Small Forward | 2004-2004 (FA: 2005)  Originally signed w/ SAC,23,1,"$695,046","$695,046",
963,Kelenna Azubuike  Small Forward | 2007-2007 (FA: 2008)  Originally signed w/ GSW,23,1,"$687,456","$687,456",
964,Jerry Stackhouse  Small Forward | 2009-2009 (FA: 2010)  Originally signed w/ MIL,34,1,"$668,598","$668,598",
965,Dahntay Jones  Small Forward | 2007-2007 (FA: 2008)  Originally signed w/ SAC,26,1,"$626,823","$626,823",
966,Dahntay Jones  Small Forward | 2014-2014 (FA: 2015)  Originally signed w/ LAC,34,1,"$613,478","$613,478",
967,Matt Barnes  Small Forward | 2005-2005 (FA: 2006)  Originally signed w/ PHI,24,1,"$552,269","$552,269",
968,Quincy Ford  Small Forward | 2016-2016 (FA: 2017),23,1,"$543,471","$543,471",
968,Shawn Dawson  Small Forward | 2016-2016 (FA: 2017),22,1,"$543,471","$543,471",
968,Alex Poythress  Small Forward | 2016-2016 (FA: 2017)  Originally signed w/ IND,22,1,"$543,471","$543,471",
968,Elgin Cook  Small Forward | 2016-2016 (FA: 2017),23,1,"$543,471","$543,471",
968,Jalen Jones  Small Forward | 2016-2016 (FA: 2017)  Originally signed w/ BOS,23,1,"$543,471","$543,471",
968,Scott Wood  Small Forward | 2016-2016 (FA: 2017),26,1,"$543,471","$543,471",
968,E.J. Singler  Small Forward | 2016-2016 (FA: 2017),26,1,"$543,471","$543,471",
968,Treveon Graham  Small Forward | 2016-2016 (FA: 2018)  Originally signed w/ CHA,22,1,"$543,471","$543,471",
976,Deshaun Thomas  Small Forward | 2015-2015 (FA: 2016),24,1,"$525,093","$525,093",
976,E.J. Singler  Small Forward | 2015-2015 (FA: 2016)  Originally signed w/ UTA,25,1,"$525,093","$525,093",
976,C.J. Fair  Small Forward | 2015-2015 (FA: 2016)  Originally signed w/ IND,24,1,"$525,093","$525,093",
976,Terran Petteway  Small Forward | 2015-2015 (FA: 2016),23,1,"$525,093","$525,093",
976,Wesley Saunders  Small Forward | 2015-2015 (FA: 2016),22,1,"$525,093","$525,093",
976,Melvin Ejim  Small Forward | 2015-2015 (FA: 2016),24,1,"$525,093","$525,093",
976,Malcolm Miller  Small Forward | 2015-2015 (FA: 2016)  Originally signed w/ BOS,22,1,"$525,093","$525,093",
976,Treveon Graham  Small Forward | 2015-2015 (FA: 2016)  Originally signed w/ UTA,21,1,"$525,093","$525,093",
976,J.J. O'Brien  Small Forward | 2015-2015 (FA: 2016)  Originally signed w/ UTA,23,1,"$525,093","$525,093",
976,Greg Whittington  Small Forward | 2015-2015 (FA: 2016)  Originally signed w/ MIA,22,1,"$525,093","$525,093",
976,Kyle Casey  Small Forward | 2015-2015 (FA: 2016),25,1,"$525,093","$525,093",
976,Sam Thompson  Small Forward | 2015-2015 (FA: 2016),22,1,"$525,093","$525,093",
976,Omari Johnson  Small Forward | 2015-2015 (FA: 2016)  Originally signed w/ POR,25,1,"$525,093","$525,093",
976,Chris Udofia  Small Forward | 2015-2015 (FA: 2016),23,1,"$525,093","$525,093",
990,Trey Johnson  Small Forward | 2014-2014 (FA: 2014),30,1,"$507,336","$507,336",
990,Glenn Robinson III  Small Forward | 2014-2014 (FA: 2015)  Originally signed w/ MIN,20,1,"$507,336","$507,336",
990,C.J. Fair  Small Forward | 2014-2014 (FA: 2014)  Originally signed w/ IND,22,1,"$507,336","$507,336",
990,Casey Prather  Small Forward | 2014-2014 (FA: 2015),23,1,"$507,336","$507,336",
990,Luke Hancock  Small Forward | 2014-2014 (FA: 2015),24,1,"$507,336","$507,336",
990,James McAdoo  Small Forward | 2014-2014 (FA: 2014)  Originally signed w/ GSW,21,1,"$507,336","$507,336",
990,Mitchell Watt  Small Forward | 2014-2014 (FA: 2014),24,1,"$507,336","$507,336",
990,Travis Wear  Small Forward | 2014-2014 (FA: 2015)  Originally signed w/ NYK,23,1,"$507,336","$507,336",
990,Roscoe Smith  Small Forward | 2014-2014 (FA: 2014),23,1,"$507,336","$507,336",
990,Joe Ingles  Small Forward | 2014-2014 (FA: 2015)  Originally signed w/ LAC,26,1,"$507,336","$507,336",
990,Josh Bostic  Small Forward | 2014-2014 (FA: 2015),27,1,"$507,336","$507,336",
990,John Holland  Small Forward | 2014-2014 (FA: 2015)  Originally signed w/ SAS,25,1,"$507,336","$507,336",
990,Jamil Wilson  Small Forward | 2014-2014 (FA: 2015)  Originally signed w/ PHX,23,1,"$507,336","$507,336",
990,Jarell Eddie  Small Forward | 2014-2014 (FA: 0)  Originally signed w/ ATL,22,1,"$507,336","$507,336",
990,Fuquan Edwin  Small Forward | 2014-2014 (FA: 2014),22,1,"$507,336","$507,336",
1005,Robbie Hummel  Small Forward | 2013-2013 (FA: 2014)  Originally signed w/ MIN,24,1,"$490,180","$490,180",
1005,Toure Murry  Small Forward | 2013-2013 (FA: 2014)  Originally signed w/ NYK,23,1,"$490,180","$490,180",
1005,James Southerland  Small Forward | 2013-2013 (FA: 2014)  Originally signed w/ CHA,23,1,"$490,180","$490,180",
1005,E.J. Singler  Small Forward | 2013-2013 (FA: 2014)  Originally signed w/ POR,23,1,"$490,180","$490,180",
1005,DeShawn Sims  Small Forward | 2013-2013 (FA: 2013),25,1,"$490,180","$490,180",
1005,Olek Czyz  Small Forward | 2013-2013 (FA: 2013),23,1,"$490,180","$490,180",
1005,James Nunnally  Small Forward | 2013-2013 (FA: 2014)  Originally signed w/ PHX,23,1,"$490,180","$490,180",
1005,Justin Brownlee  Small Forward | 2013-2013 (FA: 2014),25,1,"$490,180","$490,180",
1013,Adonis Thomas  Small Forward | 2013-2013 (FA: 2013)  Originally signed w/ BKN,20,1,"$480,190","$480,190",
1014,Chris Copeland  Small Forward | 2012-2012 (FA: 2013)  Originally signed w/ NYK,28,1,"$473,604","$473,604",
1014,John Shurna  Small Forward | 2012-2012 (FA: 2012),22,1,"$473,604","$473,604",
1014,Carleton Scott  Small Forward | 2012-2012 (FA: 2012),23,1,"$473,604","$473,604",
1014,Rick Jackson  Small Forward | 2012-2012 (FA: 2012),23,1,"$473,604","$473,604",
1014,DeQuan Jones  Small Forward | 2012-2012 (FA: 2013)  Originally signed w/ ORL,22,1,"$473,604","$473,604",
1014,Christapher Johnson  Small Forward | 2012-2012 (FA: 2012)  Originally signed w/ ORL,22,1,"$473,604","$473,604",
1014,Stanley Robinson  Small Forward | 2010-2010 (FA: 2010),0,1,"$473,604","$473,604",
1014,Gary Forbes  Small Forward | 2010-2010 (FA: 2011)  Originally signed w/ DEN,24,1,"$473,604","$473,604",
1014,Chris Wright  Small Forward | 2011-2011 (FA: 2012)  Originally signed w/ GSW,22,1,"$473,604","$473,604",
1023,Jon Brockman  Small Forward | 2009-2009 (FA: 2010)  Originally signed w/ SAC,0,1,"$457,588","$457,588",
1024,Steve Novak  Small Forward | 2015-2015 (FA: 2016),32,1,"$424,903","$424,903",
1025,Lance Thomas  Small Forward | 2014-2014 (FA: 2015)  Originally signed w/ NYK,26,1,"$423,885","$423,885",
1026,Rasual Butler  Small Forward | 2010-2010 (FA: 2011)  Originally signed w/ CHI,30,1,"$421,312","$421,312",
1027,Sam Young  Small Forward | 2012-2012 (FA: 2013)  Originally signed w/ IND,27,1,"$416,527","$416,527",
1028,Matt Barnes  Small Forward | 2016-2016 (FA: 2017),36,1,"$383,351","$383,351",
1029,Ronald Roberts  Small Forward | 2014-2014 (FA: 2015)  Originally signed w/ PHI,23,1,"$373,041","$373,041",
1030,Bobby Simmons  Small Forward | 2011-2011 (FA: 2012),-,1,"$370,759","$370,759",
1031,Marquis Daniels  Small Forward | 2003-2003 (FA: 2004)  Originally signed w/ DAL,22,1,"$366,931","$366,931",
1032,Steve Novak  Small Forward | 2010-2010 (FA: 2011)  Originally signed w/ SAS,26,1,"$350,179","$350,179",
1033,Malik Allen  Small Forward | 2000-2000 (FA: 2000)  Originally signed w/ SAC,-,1,"$316,969","$316,969",
1033,Stephen Jackson  Small Forward | 2000-2000 (FA: 2001)  Originally signed w/ NJN,22,1,"$316,969","$316,969",
1035,Pops Mensah-Bonsu  Small Forward | 0-2010 (FA: 2011)  Originally signed w/ NOH,-1984,1,"$314,213","$314,213",
1036,Jud Buechler  Small Forward | 1995-1995 (FA: 1996)  Originally signed w/ CHI,26,1,"$300,000","$300,000",
1037,Kelenna Azubuike  Small Forward | 2011-2011 (FA: 2012)  Originally signed w/ DAL,27,1,"$270,738","$270,738",
1038,Chase Budinger  Small Forward | 2015-2015 (FA: 2016)  Originally signed w/ PHX,27,1,"$258,082","$258,082",
1039,Kelenna Azubuike  Small Forward | 2006-2006 (FA: 2007)  Originally signed w/ GSW,22,1,"$251,667","$251,667",
1040,Matt Barnes  Small Forward | 2003-2003 (FA: 2004)  Originally signed w/ LAC,22,1,"$249,531","$249,531",
1041,Danuel House Jr.  Small Forward | 2018-2018 (FA: 2019)  Originally signed w/ HOU,25,1,"$247,827","$247,827",
1042,Michael Beasley  Small Forward | 2014-2014 (FA: 2015)  Originally signed w/ MIA,26,1,"$195,440","$195,440",
1043,Trey Johnson  Small Forward | 2008-2008 (FA: 2009)  Originally signed w/ CLE,23,1,"$187,258","$187,258",
1044,Omri Casspi  Small Forward | 2016-2016 (FA: 2017)  Originally signed w/ MIN,28,1,"$185,710","$185,710",
1045,Lance Thomas  Small Forward | 2011-2011 (FA: 2012)  Originally signed w/ NOH,22,24,"$172,224","$7,176",
1046,Jud Buechler  Small Forward | 1994-1994 (FA: 1995)  Originally signed w/ CHI,25,1,"$150,000","$150,000",
1047,Travis Wear  Small Forward | 2017-2017 (FA: 2018),27,1,"$148,318","$148,318",
1048,Matt Barnes  Small Forward | 2005-2005 (FA: 2006)  Originally signed w/ NYK,24,1,"$131,593","$131,593",
1049,Willie Green  Small Forward | 2005-2005 (FA: 2006)  Originally signed w/ PHI,23,1,"$119,896","$119,896",
1050,Trey Johnson  Small Forward | 2010-2010 (FA: 2011)  Originally signed w/ LAL,25,1,"$89,670","$89,670",
1051,James Singleton  Small Forward | 2011-2011 (FA: 2012),-,1,"$82,683","$82,683",
1052,Troy Williams  Small Forward | 2016-2016 (FA: 2017)  Originally signed w/ HOU,22,1,"$76,725","$76,725",
1053,Reggie Williams  Small Forward | 2010-2010 (FA: 2011)  Originally signed w/ GSW,23,10,"$72,540","$7,254",
1054,Jordan Hamilton  Small Forward | 2015-2015 (FA: 2016),25,1,"$59,731","$59,731",
1055,Matt Barnes  Small Forward | 2003-2003 (FA: 0)  Originally signed w/ LAC,22,10,"$45,369","$4,537",
1055,Matt Barnes  Small Forward | 2003-2003 (FA: 0)  Originally signed w/ LAC,22,10,"$45,369","$4,537",
1057,Reggie Williams  Small Forward | 2010-2010 (FA: 2010)  Originally signed w/ GSW,23,10,"$33,480","$3,348",
1058,Reggie Williams  Small Forward | 2010-2010 (FA: 2010)  Originally signed w/ GSW,23,10,"$27,900","$2,790",
1059,James Ennis III  Small Forward | 2015-2015 (FA: 2016)  Originally signed w/ NOP,25,1,"$24,855","$24,855",
1060,James Southerland  Small Forward | 2013-2013 (FA: 2014)  Originally signed w/ NOP,23,1,"$20,184","$20,184",
1061,Dorell Wright  Small Forward | 2015-2015 (FA: 2016)  Originally signed w/ MIA,30,1,"$17,637","$17,637",
1062,Dahntay Jones  Small Forward | 2016-2016 (FA: 2017),36,1,"$9,127","$9,127",
1063,Alex Poythress  Small Forward | 2016-2016 (FA: 2017)  Originally signed w/ PHI,23,1,"$6,394","$6,394",
2,Zion Williamson  Power Forward | 2023-2027 (FA: 2028),21,5,"$197,230,450","$39,446,090",
3,Domantas Sabonis  Power Forward | 2024-2027 (FA: 2028),27,4,"$186,016,000","$46,504,000",
4,Tobias Harris  Power Forward | 2019-2023 (FA: 2024),26,5,"$180,000,000","$36,000,000",
5,Jayson Tatum  Power Forward | 2021-2025 (FA: 2026),22,5,"$163,000,300","$32,600,060",
6,Jerami Grant  Power Forward | 2023-2027 (FA: 2028),29,5,"$160,000,000","$32,000,000",
7,Kristaps Porzingis  Power Forward | 2019-2023 (FA: 2024)  Originally signed w/ DAL,23,5,"$158,253,000","$31,650,600",
8,LeBron James  Power Forward | 2018-2021 (FA: 0),33,4,"$153,312,846","$38,328,212",
9,Pascal Siakam  Power Forward | 2020-2023 (FA: 2024),25,4,"$136,905,216","$34,226,304",
10,Kevin Garnett  Power Forward | 1998-2003 (FA: 0),21,6,"$126,016,300","$21,002,717",
11,John Collins  Power Forward | 2021-2025 (FA: 2026)  Originally signed w/ ATL,23,5,"$125,000,000","$25,000,000",
12,Carmelo Anthony  Power Forward | 2014-2018 (FA: 2019)  Originally signed w/ NYK,30,5,"$124,064,681","$24,812,936",
13,Tim Duncan  Power Forward | 2003-2009 (FA: 2010),27,7,"$122,007,706","$17,429,672",
14,Chris Bosh  Power Forward | 2014-2018 (FA: 2019),29,5,"$118,705,300","$23,741,060",
15,Rashard Lewis  Power Forward | 2007-2012 (FA: 2013)  Originally signed w/ WAS,27,6,"$118,200,000","$19,700,000",
16,Julius Randle  Power Forward | 2022-2025 (FA: 2026),26,4,"$117,089,280","$29,272,320",
17,Chris Webber  Power Forward | 2001-2007 (FA: 2008)  Originally signed w/ SAC,27,7,"$116,287,500","$16,612,500",
18,LeBron James  Power Forward | 2010-2013 (FA: 2014)  Originally signed w/ CLE,25,6,"$109,837,500","$18,306,250",
18,Chris Bosh  Power Forward | 2010-2013 (FA: 2014)  Originally signed w/ TOR,25,6,"$109,837,500","$18,306,250",
20,Juwan Howard  Power Forward | 1996-2002 (FA: 2003)  Originally signed w/ WAS,23,7,"$105,375,000","$15,053,571",
21,Jaren Jackson Jr.  Power Forward | 2022-2025 (FA: 2026),22,4,"$104,720,000","$26,180,000",
22,Kevin Garnett  Power Forward | 2004-2008 (FA: 2009),27,5,"$100,000,000","$20,000,000",
22,Giannis Antetokounmpo  Power Forward | 2017-2020 (FA: 2021),21,4,"$100,000,000","$25,000,000",
22,Draymond Green  Power Forward | 2023-2026 (FA: 2027),33,4,"$100,000,000","$25,000,000",
25,LeBron James  Power Forward | 2016-2017 (FA: 2018)  Originally signed w/ CLE,31,3,"$99,857,127","$33,285,709",
26,Amar'e Stoudemire  Power Forward | 2010-2014 (FA: 2015)  Originally signed w/ PHX,27,5,"$99,743,996","$19,948,799",
27,Draymond Green  Power Forward | 2020-2023 (FA: 2024),29,4,"$99,666,362","$24,916,591",
28,LeBron James  Power Forward | 2023-2024 (FA: 2025),37,2,"$99,023,288","$49,511,644",
29,Harrison Barnes  Power Forward | 2016-2019 (FA: 2019)  Originally signed w/ DAL,24,4,"$94,438,525","$23,609,631",
30,Kenyon Martin  Power Forward | 2004-2010 (FA: 2011)  Originally signed w/ DEN,26,7,"$91,000,000","$13,000,000",
31,Paul Millsap  Power Forward | 2017-2019 (FA: 2020)  Originally signed w/ DEN,31,3,"$90,000,000","$30,000,000",
31,Kyle Kuzma  Power Forward | 2023-2026 (FA: 2027),27,4,"$90,000,000","$22,500,000",
33,Aaron Gordon  Power Forward | 2022-2025 (FA: 2026),26,4,"$86,640,001","$21,660,000",
34,LeBron James  Power Forward | 2021-2022 (FA: 0),36,2,"$85,655,532","$42,827,766",
35,Harrison Barnes  Power Forward | 2019-2022 (FA: 2023),27,4,"$85,000,000","$21,250,000",
36,Zach Randolph  Power Forward | 2005-2010 (FA: 2011)  Originally signed w/ POR,23,6,"$84,333,334","$14,055,556",
37,LaMarcus Aldridge  Power Forward | 2015-2018 (FA: 0)  Originally signed w/ SAS,29,4,"$84,072,030","$21,018,008",
38,Rudy Gay  Power Forward | 2010-2014 (FA: 2015)  Originally signed w/ MEM,23,5,"$82,302,690","$16,460,538",
39,Elton Brand  Power Forward | 2003-2007 (FA: 2008)  Originally signed w/ LAC,24,6,"$82,200,000","$13,700,000",
40,Draymond Green  Power Forward | 2015-2019 (FA: 0),25,5,"$82,000,000","$16,400,000",
41,Dirk Nowitzki  Power Forward | 2010-2013 (FA: 2014),31,4,"$80,000,000","$20,000,000",
41,Rasheed Wallace  Power Forward | 1998-2003 (FA: 2004)  Originally signed w/ POR,23,6,"$80,000,000","$13,333,333",
41,Ryan Anderson  Power Forward | 2016-2019 (FA: 2020),28,4,"$80,000,000","$20,000,000",
41,Aaron Gordon  Power Forward | 2018-2021 (FA: 2022)  Originally signed w/ ORL,22,4,"$80,000,000","$20,000,000",
41,Davis Bertans  Power Forward | 2020-2024 (FA: 2025)  Originally signed w/ WAS,28,5,"$80,000,000","$16,000,000",
46,Elton Brand  Power Forward | 2008-2012 (FA: 2013),29,5,"$79,795,494","$15,959,099",
47,David Lee  Power Forward | 2010-2015 (FA: 2016)  Originally signed w/ NYK,27,6,"$79,537,680","$13,256,280",
48,Antawn Jamison  Power Forward | 2002-2007 (FA: 2008)  Originally signed w/ GSW,25,6,"$79,283,532","$13,213,922",
49,Carmelo Anthony  Power Forward | 2007-2011 (FA: 0)  Originally signed w/ DEN,22,5,"$78,899,560","$15,779,912",
50,Amar'e Stoudemire  Power Forward | 2006-2009 (FA: 2010)  Originally signed w/ PHX,22,5,"$75,352,750","$15,070,550",
51,Carlos Boozer  Power Forward | 2010-2013 (FA: 2014)  Originally signed w/ CHI,28,5,"$75,000,000","$15,000,000",
52,Domantas Sabonis  Power Forward | 2020-2023 (FA: 2024)  Originally signed w/ IND,23,4,"$74,900,000","$18,725,000",
53,Chris Webber  Power Forward | 1993-2007 (FA: 2008),20,15,"$74,400,000","$4,960,000",
54,Chris Webber  Power Forward | 1994-2005 (FA: 2006),20,12,"$73,100,000","$6,091,667",
55,Lamar Odom  Power Forward | 2003-2008 (FA: 2009)  Originally signed w/ MIA,23,6,"$71,723,313","$11,953,886",
56,Antoine Walker  Power Forward | 1999-2004 (FA: 2005)  Originally signed w/ BOS,22,6,"$70,880,000","$11,813,333",
57,Carlos Boozer  Power Forward | 2004-2009 (FA: 2010)  Originally signed w/ UTA,22,6,"$70,196,599","$11,699,433",
58,Raef Lafrentz  Power Forward | 0-2008 (FA: 2009),-1,7,"$69,973,750","$9,996,250",
59,Jonathan Isaac  Power Forward | 2021-2024 (FA: 2025),23,4,"$69,600,000","$17,400,000",
60,Dirk Nowitzki  Power Forward | 2006-2009 (FA: 2010),27,4,"$69,335,337","$17,333,834",
61,Lauri Markkanen  Power Forward | 2021-2024 (FA: 2025)  Originally signed w/ CHI,24,4,"$67,470,906","$16,867,727",
62,Karl Malone  Power Forward | 1999-2002 (FA: 2003)  Originally signed w/ UTA,36,4,"$66,500,000","$16,625,000",
63,Zach Randolph  Power Forward | 2011-2014 (FA: 0)  Originally signed w/ MEM,29,4,"$66,000,000","$16,500,000",
64,LaMarcus Aldridge  Power Forward | 2010-2014 (FA: 2015)  Originally signed w/ POR,24,5,"$65,000,000","$13,000,000",
65,Danilo Gallinari  Power Forward | 2017-2019 (FA: 2020)  Originally signed w/ DEN,28,3,"$64,762,737","$21,587,579",
66,Carmelo Anthony  Power Forward | 2012-2013 (FA: 2014)  Originally signed w/ NYK,27,3,"$64,166,861","$21,388,954",
67,Tobias Harris  Power Forward | 2015-2018 (FA: 2019)  Originally signed w/ ORL,22,4,"$64,000,000","$16,000,000",
68,Julius Randle  Power Forward | 2019-2021 (FA: 2022),24,3,"$62,100,000","$20,700,000",
69,Danilo Gallinari  Power Forward | 2020-2022 (FA: 2023)  Originally signed w/ ATL,32,3,"$61,425,000","$20,475,000",
70,LeBron James  Power Forward | 2007-2010 (FA: 2010)  Originally signed w/ CLE,22,4,"$60,380,987","$15,095,247",
71,Paul Millsap  Power Forward | 2015-2017 (FA: 2018)  Originally signed w/ ATL,30,3,"$60,216,100","$20,072,033",
72,Jerami Grant  Power Forward | 2020-2022 (FA: 2023)  Originally signed w/ DET,26,3,"$60,007,500","$20,002,500",
73,Kristaps Porzingis  Power Forward | 2024-2025 (FA: 2026),27,2,"$60,000,000","$30,000,000",
74,Rasheed Wallace  Power Forward | 2004-2008 (FA: 2009)  Originally signed w/ DET,29,5,"$58,700,000","$11,740,000",
75,Antonio McDyess  Power Forward | 1999-2003 (FA: 2004)  Originally signed w/ DEN,24,5,"$58,500,000","$11,700,000",
75,Chris Webber  Power Forward | 1995-2000 (FA: 2001)  Originally signed w/ WAS,21,6,"$58,500,000","$9,750,000",
77,Troy Murphy  Power Forward | 2005-2010 (FA: 2011)  Originally signed w/ GSW,24,6,"$57,999,998","$9,666,666",
78,Dorian Finney-Smith  Power Forward | 2022-2025 (FA: 2026)  Originally signed w/ DAL,28,4,"$55,560,960","$13,890,240",
79,Marvin Williams  Power Forward | 2016-2019 (FA: 2020)  Originally signed w/ CHA,30,4,"$54,512,500","$13,628,125",
80,Thaddeus Young  Power Forward | 2015-2018 (FA: 2019)  Originally signed w/ BKN,27,4,"$54,000,000","$13,500,000",
80,Harrison Barnes  Power Forward | 2023-2025 (FA: 2026),31,3,"$54,000,000","$18,000,000",
82,Grant Williams  Power Forward | 2023-2026 (FA: 2027)  Originally signed w/ BOS,24,4,"$53,341,500","$13,335,375",
83,Kevin Garnett  Power Forward | 2009-2011 (FA: 2012)  Originally signed w/ BOS,32,3,"$51,300,000","$17,100,000",
84,Rui Hachimura  Power Forward | 2023-2025 (FA: 2026),25,3,"$51,000,000","$17,000,000",
85,Paolo Banchero  Power Forward | 2022-2025 (FA: 2026),19,4,"$50,158,769","$12,539,692",
86,Brandon Clarke  Power Forward | 2023-2026 (FA: 2027),26,4,"$50,000,000","$12,500,000",
86,LaMarcus Aldridge  Power Forward | 2019-2020 (FA: 2021)  Originally signed w/ SAS,32,2,"$50,000,000","$25,000,000",
86,Antawn Jamison  Power Forward | 2008-2011 (FA: 2012)  Originally signed w/ WAS,31,4,"$50,000,000","$12,500,000",
86,Kenneth Faried  Power Forward | 2015-2018 (FA: 2019)  Originally signed w/ DEN,24,4,"$50,000,000","$12,500,000",
86,Kelly Olynyk  Power Forward | 2017-2020 (FA: 2021)  Originally signed w/ MIA,26,4,"$50,000,000","$12,500,000",
91,Horace Grant  Power Forward | 1996-2000 (FA: 2001)  Originally signed w/ ORL,30,5,"$49,438,095","$9,887,619",
92,Bobby Portis  Power Forward | 2022-2025 (FA: 2026),27,4,"$48,578,208","$12,144,552",
93,Anderson Varejao  Power Forward | 2009-2014 (FA: 0),26,6,"$48,300,000","$8,050,000",
94,Jarred Vanderbilt  Power Forward | 2024-2027 (FA: 2028),24,4,"$48,000,000","$12,000,000",
94,Quentin Richardson  Power Forward | 2004-2009 (FA: 2010)  Originally signed w/ PHX,24,6,"$48,000,000","$8,000,000",
94,John Henson  Power Forward | 2016-2019 (FA: 2020)  Originally signed w/ MIL,24,4,"$48,000,000","$12,000,000","$4,000,000"
97,Dirk Nowitzki  Power Forward | 2002-2005 (FA: 0),23,4,"$47,821,813","$11,955,453",
98,Luis Scola  Power Forward | 2010-2014 (FA: 0)  Originally signed w/ HOU,29,5,"$47,041,037","$9,408,207",
99,LeBron James  Power Forward | 2015-2016 (FA: 2017)  Originally signed w/ CLE,30,2,"$46,974,673","$23,487,337",
100,Robert Covington  Power Forward | 2018-2021 (FA: 2022)  Originally signed w/ PHI,27,4,"$46,879,127","$11,719,782",
101,PJ Washington  Power Forward | 2023-2025 (FA: 2026),25,3,"$46,500,000","$15,500,000",
102,Danilo Gallinari  Power Forward | 2015-2017 (FA: 2018)  Originally signed w/ DEN,26,3,"$45,150,000","$15,050,000",
103,Larry Nance Jr.  Power Forward | 2019-2022 (FA: 0)  Originally signed w/ CLE,25,4,"$44,800,000","$11,200,000",
104,Zion Williamson  Power Forward | 2019-2022 (FA: 0),18,4,"$44,271,137","$11,067,784",
105,Thaddeus Young  Power Forward | 2019-2021 (FA: 2022)  Originally signed w/ CHI,31,3,"$43,635,000","$14,545,000",
106,James Johnson  Power Forward | 2017-2019 (FA: 2021)  Originally signed w/ MIA,30,3,"$43,295,100","$14,431,700",
107,Thaddeus Young  Power Forward | 2011-2014 (FA: 2015)  Originally signed w/ PHI,22,5,"$43,000,000","$8,600,000",
108,Chris Bosh  Power Forward | 2007-2009 (FA: 2010)  Originally signed w/ TOR,22,3,"$42,645,493","$14,215,164",
109,LeBron James  Power Forward | 2014-2014 (FA: 2015)  Originally signed w/ CLE,29,2,"$42,217,798","$21,108,899",
110,Danilo Gallinari  Power Forward | 2012-2015 (FA: 0)  Originally signed w/ DEN,23,4,"$42,000,000","$10,500,000",
110,Jon Leuer  Power Forward | 2016-2019 (FA: 2020)  Originally signed w/ DET,27,4,"$42,000,000","$10,500,000",
110,Malik Rose  Power Forward | 0-0 (FA: 2009),-1,7,"$42,000,000","$6,000,000",
113,Jabari Smith Jr.  Power Forward | 2022-2025 (FA: 2026),19,4,"$40,330,432","$10,082,608",
114,Tyrus Thomas  Power Forward | 2010-2014 (FA: 2015)  Originally signed w/ CHA,23,5,"$40,000,000","$8,000,000",
114,Rudy Gay  Power Forward | 2015-2017 (FA: 2018)  Originally signed w/ SAC,28,3,"$40,000,000","$13,333,333",
114,Tim Duncan  Power Forward | 2010-2011 (FA: 2012),31,2,"$40,000,000","$20,000,000",
114,Ersan Ilyasova  Power Forward | 2012-2016 (FA: 2017)  Originally signed w/ MIL,25,5,"$40,000,000","$8,000,000",
118,Kyle Kuzma  Power Forward | 2021-2023 (FA: 2024)  Originally signed w/ LAL,25,3,"$39,000,000","$13,000,000",
119,David West  Power Forward | 2007-2010 (FA: 2011)  Originally signed w/ NOH,26,4,"$37,875,000","$9,468,750",
120,Charlie Villanueva  Power Forward | 2009-2013 (FA: 2014)  Originally signed w/ DET,24,5,"$37,700,000","$7,540,000",
121,Marvin Bagley III  Power Forward | 2022-2024 (FA: 2025),23,3,"$37,500,000","$12,500,000",
121,Marvin Williams  Power Forward | 2009-2013 (FA: 2014)  Originally signed w/ ATL,23,5,"$37,500,000","$7,500,000",
121,Andres Nocioni  Power Forward | 2008-2012 (FA: 2013)  Originally signed w/ CHI,0,5,"$37,500,000","$7,500,000",
124,Kelly Olynyk  Power Forward | 2021-2023 (FA: 2024)  Originally signed w/ DET,30,3,"$37,195,122","$12,398,374",
125,Kyle Anderson  Power Forward | 2018-2021 (FA: 2022)  Originally signed w/ MEM,24,4,"$37,156,300","$9,289,075",
126,Evan Mobley  Power Forward | 2021-2024 (FA: 2025),20,4,"$36,664,177","$9,166,044",
127,David West  Power Forward | 2013-2015 (FA: 2016)  Originally signed w/ IND,32,3,"$36,600,000","$12,200,000",
128,Keegan Murray  Power Forward | 2022-2025 (FA: 2026),21,4,"$36,371,093","$9,092,773",
129,Marvin Bagley III  Power Forward | 2018-2021 (FA: 2022)  Originally signed w/ SAC,19,4,"$36,137,474","$9,034,369",
130,Kevin Garnett  Power Forward | 2012-2014 (FA: 2015)  Originally signed w/ BOS,36,3,"$36,000,000","$12,000,000",
130,Tiago Splitter  Power Forward | 2013-2016 (FA: 2017)  Originally signed w/ SAS,28,4,"$36,000,000","$9,000,000",
132,Maxi Kleber  Power Forward | 2019-2022 (FA: 0),27,4,"$35,600,000","$8,900,000",
133,Al Harrington  Power Forward | 2006-2009 (FA: 2010)  Originally signed w/ ATL,25,4,"$35,303,750","$8,825,938",
134,Chris Boucher  Power Forward | 2022-2024 (FA: 2025),29,3,"$35,250,000","$11,750,000",
135,Jeff Green  Power Forward | 2012-2015 (FA: 2016)  Originally signed w/ BOS,25,4,"$35,200,000","$8,800,000",
136,Jason Caffey  Power Forward | 1998-2004 (FA: 2005)  Originally signed w/ GSW,25,7,"$35,000,000","$5,000,000",
137,Brian Cardinal  Power Forward | 2004-2009 (FA: 2010)  Originally signed w/ MEM,-,6,"$34,596,300","$5,766,050",
138,Joe Smith  Power Forward | 2001-2006 (FA: 2007)  Originally signed w/ MIN,-,6,"$34,000,000","$5,666,667",
138,Ryan Anderson  Power Forward | 2012-2015 (FA: 2016)  Originally signed w/ NOH,24,4,"$34,000,000","$8,500,000",
140,Al Harrington  Power Forward | 2010-2014 (FA: 2013)  Originally signed w/ DEN,30,5,"$33,437,000","$6,687,400",
141,Scottie Barnes  Power Forward | 2021-2024 (FA: 2025),20,4,"$33,064,660","$8,266,165",
142,P.J. Tucker  Power Forward | 2022-2024 (FA: 2025),37,3,"$33,043,500","$11,014,500",
143,Maxi Kleber  Power Forward | 2023-2025 (FA: 2026),30,3,"$33,000,000","$11,000,000",
144,Lamar Odom  Power Forward | 2009-2012 (FA: 2013)  Originally signed w/ LAL,29,4,"$32,800,000","$8,200,000",
145,Rashard Lewis  Power Forward | 2003-2006 (FA: 2007)  Originally signed w/ SEA,23,4,"$32,727,273","$8,181,818",
146,Drew Gooden  Power Forward | 2010-2014 (FA: 2013)  Originally signed w/ MIL,28,5,"$32,048,400","$6,409,680",
147,Rudy Gay  Power Forward | 2019-2020 (FA: 2021)  Originally signed w/ SAS,32,2,"$32,000,000","$16,000,000",
147,Channing Frye  Power Forward | 2014-2017 (FA: 2018)  Originally signed w/ ORL,31,4,"$32,000,000","$8,000,000",
147,Markieff Morris  Power Forward | 2015-2018 (FA: 2019)  Originally signed w/ PHX,25,4,"$32,000,000","$8,000,000",
147,Cristiano Felicio  Power Forward | 2017-2020 (FA: 2021),24,4,"$32,000,000","$8,000,000",
151,Tim Duncan  Power Forward | 2000-2002 (FA: 2003),24,3,"$31,902,500","$10,634,167",
152,P.J. Tucker  Power Forward | 2017-2020 (FA: 2021)  Originally signed w/ HOU,32,4,"$31,878,148","$7,969,537",
153,Antoine Walker  Power Forward | 2005-2008 (FA: 2008)  Originally signed w/ BOS,28,4,"$31,670,935","$7,917,734",
154,Nick Collison  Power Forward | 2007-2010 (FA: 2011)  Originally signed w/ SEA,26,4,"$31,600,000","$7,900,000",
155,Mirza Teletovic  Power Forward | 2016-2018 (FA: 2019),30,3,"$31,500,000","$10,500,000",
156,Tim Duncan  Power Forward | 2012-2014 (FA: 2015),36,3,"$30,361,446","$10,120,482",
157,Udonis Haslem  Power Forward | 2005-2009 (FA: 2010),25,5,"$30,250,000","$6,050,000",
158,Jason Thompson  Power Forward | 2012-2016 (FA: 2017)  Originally signed w/ SAC,25,5,"$30,187,500","$6,037,500",
159,Jayson Tatum  Power Forward | 2017-2020 (FA: 0),19,4,"$30,073,320","$7,518,330",
160,Anderson Varejao  Power Forward | 2015-2017 (FA: 2018),32,3,"$30,000,000","$10,000,000",
160,Channing Frye  Power Forward | 2010-2013 (FA: 2014)  Originally signed w/ PHX,27,5,"$30,000,000","$6,000,000",
160,Al-Farouq Aminu  Power Forward | 2015-2018 (FA: 2019)  Originally signed w/ POR,24,4,"$30,000,000","$7,500,000",
163,Juwan Howard  Power Forward | 2003-2008 (FA: 2009)  Originally signed w/ ORL,30,5,"$29,500,000","$5,900,000",
164,Jaren Jackson Jr.  Power Forward | 2018-2021 (FA: 0),18,4,"$29,280,440","$7,320,110",
165,Al-Farouq Aminu  Power Forward | 2019-2021 (FA: 2022)  Originally signed w/ ORL,28,3,"$29,162,700","$9,720,900",
166,Clifford Robinson  Power Forward | 1999-2002 (FA: 0)  Originally signed w/ PHX,-,4,"$29,093,125","$7,273,281",
167,Jarace Walker  Power Forward | 2023-2026 (FA: 2027),19,4,"$27,566,102","$6,891,526",
168,Jerami Grant  Power Forward | 2018-2020 (FA: 2021)  Originally signed w/ OKC,24,3,"$27,346,153","$9,115,384",
169,Kenrich Williams  Power Forward | 2023-2026 (FA: 2027),27,4,"$27,170,000","$6,792,500",
170,Dario Saric  Power Forward | 2020-2022 (FA: 2023)  Originally signed w/ PHX,26,3,"$27,000,000","$9,000,000",
171,Paul Millsap  Power Forward | 2009-2012 (FA: 2013)  Originally signed w/ UTA,23,4,"$26,400,000","$6,600,000","$5,600,000"
172,Carl Landry  Power Forward | 2013-2016 (FA: 2017)  Originally signed w/ SAC,29,4,"$26,000,000","$6,500,000",
172,Andrew Nicholson  Power Forward | 2016-2019 (FA: 2020)  Originally signed w/ WAS,26,4,"$26,000,000","$6,500,000",
174,Glen Davis  Power Forward | 2011-2014 (FA: 2015)  Originally signed w/ BOS,25,4,"$25,700,000","$6,425,000",
175,Georges Niang  Power Forward | 2023-2025 (FA: 2026),30,3,"$25,500,000","$8,500,000",
176,Taylor Hendricks  Power Forward | 2023-2026 (FA: 2027),19,4,"$25,351,580","$6,337,895",
177,Taurean Prince  Power Forward | 2020-2021 (FA: 2022)  Originally signed w/ BKN,25,2,"$25,250,000","$12,625,000",
178,James Posey  Power Forward | 2008-2011 (FA: 2012)  Originally signed w/ NOH,0,4,"$25,000,000","$6,250,000",
178,Dirk Nowitzki  Power Forward | 2014-2016 (FA: 2017),36,3,"$25,000,000","$8,333,333",
178,Dirk Nowitzki  Power Forward | 2016-2016 (FA: 2018),38,1,"$25,000,000","$25,000,000",
181,Jonathan Kuminga  Power Forward | 2021-2024 (FA: 2025),18,4,"$24,855,347","$6,213,837",
182,Kurt Thomas  Power Forward | 2000-2004 (FA: 0),27,4,"$24,275,750","$6,068,938",
183,Jared Jeffries  Power Forward | 2006-2010 (FA: 2011)  Originally signed w/ NYK,24,5,"$24,197,200","$4,839,440","$6,049,000"
184,Al Harrington  Power Forward | 2002-2005 (FA: 2006)  Originally signed w/ IND,21,4,"$24,035,000","$6,008,750",
185,Robert Covington  Power Forward | 2022-2023 (FA: 2024),31,2,"$24,000,000","$12,000,000",
185,Juwan Howard  Power Forward | 1994-1999 (FA: 2000)  Originally signed w/ WAS,21,6,"$24,000,000","$4,000,000",
185,Eduardo Najera  Power Forward | 2002-2007 (FA: 2008)  Originally signed w/ DAL,26,6,"$24,000,000","$4,000,000",
185,Zach Randolph  Power Forward | 2017-2018 (FA: 2019)  Originally signed w/ SAC,35,2,"$24,000,000","$12,000,000",
185,Kris Humphries  Power Forward | 2012-2013 (FA: 2014)  Originally signed w/ BKN,27,2,"$24,000,000","$12,000,000",
190,Drew Gooden  Power Forward | 2006-2008 (FA: 2008)  Originally signed w/ CLE,24,3,"$23,250,001","$7,750,000",
191,Jeremy Sochan  Power Forward | 2022-2025 (FA: 2026),19,4,"$23,046,751","$5,761,688",
192,Reggie Evans  Power Forward | 2006-2010 (FA: 2011)  Originally signed w/ DEN,26,5,"$23,000,000","$4,600,000",
192,Darrell Arthur  Power Forward | 2016-2018 (FA: 2019)  Originally signed w/ DEN,27,3,"$23,000,000","$7,666,667",
192,Darius Songaila  Power Forward | 0-2010 (FA: 2011),-1,5,"$23,000,000","$4,600,000",
195,Josh McRoberts  Power Forward | 2014-2017 (FA: 2018)  Originally signed w/ MIA,27,4,"$22,652,350","$5,663,088",
195,Spencer Hawes  Power Forward | 2014-2017 (FA: 2018)  Originally signed w/ LAC,26,4,"$22,652,350","$5,663,088",
197,James Posey  Power Forward | 2003-2006 (FA: 2007)  Originally signed w/ MEM,-,4,"$22,618,200","$5,654,550",
198,Antonio McDyess  Power Forward | 2004-2007 (FA: 0)  Originally signed w/ DET,29,4,"$22,553,800","$5,638,450",
199,Kurt Thomas  Power Forward | 2005-2007 (FA: 2008),32,3,"$22,532,732","$7,510,911",
200,Chuck Hayes  Power Forward | 2011-2014 (FA: 2015)  Originally signed w/ SAC,28,4,"$22,417,500","$5,604,375",
201,Jonathan Isaac  Power Forward | 2017-2020 (FA: 0),19,4,"$22,324,406","$5,581,102",
202,Jabari Parker  Power Forward | 2014-2016 (FA: 2018)  Originally signed w/ MIL,18,3,"$22,239,712","$7,413,237",
203,Obi Toppin  Power Forward | 2020-2023 (FA: 2024)  Originally signed w/ NYK,22,4,"$22,118,492","$5,529,623",
204,Larry Nance Jr.  Power Forward | 2023-2024 (FA: 2025),29,2,"$21,580,000","$10,790,000",
205,Juancho Hernangomez  Power Forward | 2020-2022 (FA: 2023)  Originally signed w/ MIN,25,3,"$21,037,320","$7,012,440",
206,Darko Milicic  Power Forward | 2007-2009 (FA: 2010)  Originally signed w/ MEM,21,3,"$21,020,000","$7,006,667",
207,Ersan Ilyasova  Power Forward | 2018-2020 (FA: 2021)  Originally signed w/ MIL,31,3,"$21,000,000","$7,000,000",
208,Nemanja Bjelica  Power Forward | 2018-2020 (FA: 2021)  Originally signed w/ SAC,30,3,"$20,475,000","$6,825,000",
209,Lauri Markkanen  Power Forward | 2017-2020 (FA: 2021)  Originally signed w/ CHI,20,4,"$20,389,668","$5,097,417",
210,Rui Hachimura  Power Forward | 2019-2022 (FA: 2023)  Originally signed w/ WAS,21,4,"$20,341,348","$5,085,337",
211,Udonis Haslem  Power Forward | 2010-2013 (FA: 2014),30,5,"$20,300,000","$4,060,000",
212,Jason Maxiell  Power Forward | 2009-2012 (FA: 2013),25,4,"$20,000,000","$5,000,000",
212,David West  Power Forward | 2011-2012 (FA: 2013)  Originally signed w/ IND,31,2,"$20,000,000","$10,000,000",
212,Zach Randolph  Power Forward | 2015-2016 (FA: 2017)  Originally signed w/ MEM,32,2,"$20,000,000","$10,000,000",
212,Jabari Parker  Power Forward | 2018-2018 (FA: 2020)  Originally signed w/ CHI,23,1,"$20,000,000","$20,000,000",
216,Chris Wilcox  Power Forward | 2006-2008 (FA: 2009)  Originally signed w/ SEA,23,3,"$19,500,000","$6,500,000",
217,Brandon Bass  Power Forward | 2012-2014 (FA: 2015)  Originally signed w/ BOS,27,3,"$19,350,000","$6,450,000",
218,Jalen Smith  Power Forward | 2020-2023 (FA: 2022)  Originally signed w/ PHX,20,4,"$19,328,334","$4,832,084",
219,Dragan Bender  Power Forward | 2016-2019 (FA: 2019)  Originally signed w/ PHX,18,4,"$19,302,919","$4,825,730",
220,Paul Millsap  Power Forward | 2013-2014 (FA: 2015)  Originally signed w/ ATL,28,2,"$19,000,000","$9,500,000",
221,Charles Barkley  Power Forward | 1993-1997 (FA: 1998)  Originally signed w/ PHX,29,5,"$18,985,000","$3,797,000",
222,Rasheed Wallace  Power Forward | 2009-2011 (FA: 2010)  Originally signed w/ BOS,34,3,"$18,966,960","$6,322,320",
223,LaMarcus Aldridge  Power Forward | 2006-2007 (FA: 0)  Originally signed w/ POR,20,4,"$18,832,907","$4,708,227",
224,LeBron James  Power Forward | 2003-2006 (FA: 0)  Originally signed w/ CLE,18,4,"$18,788,540","$4,697,135",
225,Luc Richard Mbah a Moute  Power Forward | 2011-2014 (FA: 2015)  Originally signed w/ MIL,25,4,"$18,765,152","$4,691,288","$1,705,923"
226,Kristaps Porzingis  Power Forward | 2015-2018 (FA: 2019)  Originally signed w/ NYK,19,4,"$18,650,094","$4,662,524",
227,Rudy Gay  Power Forward | 2021-2023 (FA: 2024)  Originally signed w/ UTA,34,3,"$18,553,500","$6,184,500",
228,Dean Wade  Power Forward | 2023-2025 (FA: 2026),25,3,"$18,500,000","$6,166,667",
229,Trevor Booker  Power Forward | 2016-2017 (FA: 2018)  Originally signed w/ BKN,28,2,"$18,375,000","$9,187,500",
230,Marvin Williams  Power Forward | 2005-2008 (FA: 2009)  Originally signed w/ ATL,18,4,"$18,160,543","$4,540,136",
231,Patrick Patterson  Power Forward | 2014-2016 (FA: 2017)  Originally signed w/ TOR,25,3,"$18,150,001","$6,050,000",
232,Aaron Gordon  Power Forward | 2014-2017 (FA: 2018)  Originally signed w/ ORL,18,4,"$18,019,460","$4,504,865",
233,Kyle Anderson  Power Forward | 2022-2023 (FA: 2024),28,2,"$18,000,000","$9,000,000",
233,Hakim Warrick  Power Forward | 2010-2013 (FA: 2014)  Originally signed w/ PHX,27,4,"$18,000,000","$4,500,000",
233,Jonas Jerebko  Power Forward | 2011-2014 (FA: 2015)  Originally signed w/ DET,24,4,"$18,000,000","$4,500,000",
236,Karl Malone  Power Forward | 1990-1995 (FA: 0)  Originally signed w/ UTA,27,5,"$17,805,800","$3,561,160",
237,Julius Randle  Power Forward | 2018-2019 (FA: 2019)  Originally signed w/ NOP,23,2,"$17,714,050","$8,857,025",
238,Rudy Gay  Power Forward | 2017-2018 (FA: 2019)  Originally signed w/ SAS,30,2,"$17,232,300","$8,616,150",
239,Brandan Wright  Power Forward | 2015-2017 (FA: 2018)  Originally signed w/ MEM,27,3,"$17,129,640","$5,709,880",
240,Alan Williams  Power Forward | 2017-2019 (FA: 2020)  Originally signed w/ PHX,24,3,"$17,000,000","$5,666,667",
241,Darko Milicic  Power Forward | 2003-2006 (FA: 2007)  Originally signed w/ DET,18,4,"$16,815,062","$4,203,766",
242,Anthony Bennett  Power Forward | 2013-2015 (FA: 2017)  Originally signed w/ CLE,19,3,"$16,691,760","$5,563,920",
243,Antonio McDyess  Power Forward | 1995-1998 (FA: 1999)  Originally signed w/ DEN,20,4,"$16,634,640","$4,158,660",
244,Nikola Mirotic  Power Forward | 2014-2016 (FA: 2017)  Originally signed w/ CHI,23,3,"$16,631,175","$5,543,725",
245,Kenyon Martin  Power Forward | 2000-2004 (FA: 2005)  Originally signed w/ NJN,22,4,"$16,534,449","$4,133,612",
246,Kevin Garnett  Power Forward | 2015-2016 (FA: 2017),39,2,"$16,500,000","$8,250,000",
246,P.J. Tucker  Power Forward | 2014-2016 (FA: 2017)  Originally signed w/ PHX,29,3,"$16,500,000","$5,500,000",
246,Steven Hunter  Power Forward | 0-2009 (FA: 2010),-1,5,"$16,500,000","$3,300,000",
249,JaMychal Green  Power Forward | 2021-2022 (FA: 2023)  Originally signed w/ DEN,31,2,"$16,400,000","$8,200,000",
250,Patrick Patterson  Power Forward | 2017-2019 (FA: 2020)  Originally signed w/ OKC,28,3,"$16,354,800","$5,451,600",
251,Tari Eason  Power Forward | 2022-2025 (FA: 2026),21,4,"$16,257,246","$4,064,312",
252,JaMychal Green  Power Forward | 2017-2018 (FA: 2019)  Originally signed w/ MEM,27,2,"$16,200,000","$8,100,000",
253,J.J Hickson  Power Forward | 2013-2015 (FA: 2016)  Originally signed w/ DEN,24,3,"$16,145,250","$5,381,750",
254,Anthony Tolliver  Power Forward | 2016-2017 (FA: 2018)  Originally signed w/ SAC,31,2,"$16,000,000","$8,000,000",
254,Jeff Green  Power Forward | 2023-2023 (FA: 2024),36,2,"$16,000,000","$8,000,000",
254,Thaddeus Young  Power Forward | 2022-2023 (FA: 2024),34,2,"$16,000,000","$8,000,000",
254,Brandon Bass  Power Forward | 2009-2011 (FA: 2012)  Originally signed w/ ORL,23,4,"$16,000,000","$4,000,000","$2,000,000"
254,Trey Lyles  Power Forward | 2023-2024 (FA: 2025),27,2,"$16,000,000","$8,000,000",
259,Antonio McDyess  Power Forward | 2009-2011 (FA: 2012),34,3,"$15,934,000","$5,311,333",
260,Karl Malone  Power Forward | 1996-1998 (FA: 1999)  Originally signed w/ UTA,32,3,"$15,917,578","$5,305,859",
261,Nenad Krstic  Power Forward | 2008-2010 (FA: 2011)  Originally signed w/ OKC,-,3,"$15,800,000","$5,266,667",
262,Elton Brand  Power Forward | 1999-2002 (FA: 2003)  Originally signed w/ CHI,20,4,"$15,783,136","$3,945,784",
263,Jason Smith  Power Forward | 2016-2018 (FA: 2019)  Originally signed w/ WAS,30,3,"$15,675,000","$5,225,000",
264,Tyrus Thomas  Power Forward | 2006-2009 (FA: 2010)  Originally signed w/ CHI,19,4,"$15,259,558","$3,814,890",
265,Noah Clowney  Power Forward | 2023-2026 (FA: 2027),18,4,"$15,146,274","$3,786,569",
266,Jalen Smith  Power Forward | 2022-2024 (FA: 2025),22,3,"$15,131,319","$5,043,773",
267,Carmelo Anthony  Power Forward | 2003-2006 (FA: 0)  Originally signed w/ DEN,18,4,"$15,108,241","$3,777,060",
268,Chuma Okeke  Power Forward | 2020-2023 (FA: 2024),22,4,"$15,098,193","$3,774,548",
269,Brian Scalabrine  Power Forward | 2005-2010 (FA: 2011)  Originally signed w/ BOS,26,5,"$15,000,000","$3,000,000",
269,Jeff Green  Power Forward | 2016-2016 (FA: 2017)  Originally signed w/ ORL,29,1,"$15,000,000","$15,000,000",
269,Nikola Mirotic  Power Forward | 2017-2018 (FA: 2019)  Originally signed w/ CHI,25,2,"$15,000,000","$7,500,000",
269,Bobby Portis  Power Forward | 2019-2019 (FA: 2021)  Originally signed w/ NYK,24,1,"$15,000,000","$15,000,000",
273,Jake LaRavia  Power Forward | 2022-2025 (FA: 2026),20,4,"$14,763,367","$3,690,842",
274,JaMychal Green  Power Forward | 2020-2021 (FA: 2022)  Originally signed w/ DEN,30,2,"$14,759,508","$7,379,754",
275,Rashard Lewis  Power Forward | 2000-2002 (FA: 2003)  Originally signed w/ SEA,20,3,"$14,567,141","$4,855,714",
276,Taurean Prince  Power Forward | 2022-2023 (FA: 2024)  Originally signed w/ MIN,28,2,"$14,555,000","$7,277,500",
277,Antonio McDyess  Power Forward | 2008-2009 (FA: 2010)  Originally signed w/ DET,33,2,"$14,500,000","$7,250,000",
277,Davis Bertans  Power Forward | 2018-2019 (FA: 2020)  Originally signed w/ SAS,25,2,"$14,500,000","$7,250,000",
279,Derrick Williams  Power Forward | 2011-2014 (FA: 2015)  Originally signed w/ MIN,19,3,"$14,429,520","$4,809,840",
280,P.J. Tucker  Power Forward | 2021-2022 (FA: 2023)  Originally signed w/ MIA,36,2,"$14,350,000","$7,175,000",
281,Aleksej Pokusevski  Power Forward | 2020-2023 (FA: 2024),18,4,"$14,349,113","$3,587,278",
282,Jeff Green  Power Forward | 2007-2010 (FA: 2011)  Originally signed w/ SEA,20,4,"$14,318,788","$3,579,697",
283,Kris Murray  Power Forward | 2023-2026 (FA: 2027),22,4,"$14,284,524","$3,571,131",
284,Marvin Williams  Power Forward | 2014-2015 (FA: 2016)  Originally signed w/ CHA,28,2,"$14,000,000","$7,000,000",
285,Olivier-Maxence Prosper  Power Forward | 2023-2026 (FA: 2027),21,4,"$13,870,583","$3,467,646",
286,Chris Bosh  Power Forward | 2003-2006 (FA: 2007)  Originally signed w/ TOR,18,4,"$13,704,170","$3,426,043",
287,Julius Randle  Power Forward | 2014-2017 (FA: 2018)  Originally signed w/ LAL,19,4,"$13,545,962","$3,386,491",
288,Luis Scola  Power Forward | 2012-2014 (FA: 2015)  Originally signed w/ PHX,31,3,"$13,525,513","$4,508,504",
289,Chris Boucher  Power Forward | 2020-2021 (FA: 2022),27,2,"$13,520,000","$6,760,000",
290,Danilo Gallinari  Power Forward | 2008-2011 (FA: 0)  Originally signed w/ NYK,19,4,"$13,457,302","$3,364,326",
291,Kai Jones  Power Forward | 2021-2024 (FA: 2025),0,4,"$13,421,215","$3,355,304",
292,Kris Humphries  Power Forward | 2014-2016 (FA: 2017)  Originally signed w/ BOS,29,3,"$13,320,000","$4,440,000",
293,Danilo Gallinari  Power Forward | 2022-2023 (FA: 2024)  Originally signed w/ BOS,33,2,"$13,281,950","$6,640,975",
294,Jarred Vanderbilt  Power Forward | 2021-2023 (FA: 2024)  Originally signed w/ MIN,22,3,"$13,122,000","$4,374,000",
295,Spencer Hawes  Power Forward | 2012-2013 (FA: 2014)  Originally signed w/ PHI,24,2,"$13,100,000","$6,550,000",
296,Drew Gooden  Power Forward | 2002-2005 (FA: 2006)  Originally signed w/ MEM,20,4,"$13,079,371","$3,269,843",
297,Luka Samanic  Power Forward | 2019-2022 (FA: 2023)  Originally signed w/ SAS,19,4,"$13,030,303","$3,257,576",
298,Yi Jianlian  Power Forward | 2007-2010 (FA: 2011)  Originally signed w/ WAS,19,4,"$13,008,739","$3,252,185",
299,Jabari Parker  Power Forward | 2019-2020 (FA: 2021)  Originally signed w/ ATL,24,2,"$13,000,000","$6,500,000",
300,David Roddy  Power Forward | 2022-2025 (FA: 2026),21,4,"$12,985,886","$3,246,472",
301,Tarik Black  Power Forward | 2016-2017 (FA: 2018)  Originally signed w/ LAL,24,2,"$12,846,325","$6,423,163",
302,Guerschon Yabusele  Power Forward | 2017-2019 (FA: 2021),21,4,"$12,814,166","$3,203,542",
303,John Henson  Power Forward | 2012-2015 (FA: 2016)  Originally signed w/ MIL,21,4,"$12,733,181","$3,183,295",
304,Clifford Robinson  Power Forward | 1992-1996 (FA: 1997),-,5,"$12,675,000","$2,535,000",
305,Precious Achiuwa  Power Forward | 2020-2023 (FA: 2024)  Originally signed w/ MIA,21,4,"$12,513,127","$3,128,282",
306,Chris Andersen  Power Forward | 2009-2011 (FA: 2012)  Originally signed w/ DEN,30,3,"$12,417,300","$4,139,100",
307,Kobe Brown  Power Forward | 2023-2026 (FA: 2027),23,4,"$12,394,179","$3,098,545",
308,DJ Wilson  Power Forward | 2017-2020 (FA: 2021)  Originally signed w/ MIL,21,4,"$12,178,720","$3,044,680",
309,Isaiah Jackson  Power Forward | 2021-2024 (FA: 2025),19,4,"$12,156,661","$3,039,165",
310,Brandon Clarke  Power Forward | 2019-2022 (FA: 0),22,4,"$12,152,560","$3,038,140",
311,PJ Washington  Power Forward | 2019-2022 (FA: 2023),20,4,"$12,070,560","$3,017,640",
312,Dorian Finney-Smith  Power Forward | 2019-2021 (FA: 2022)  Originally signed w/ DAL,26,3,"$12,000,000","$4,000,000",
312,Eduardo Najera  Power Forward | 2008-2011 (FA: 2012)  Originally signed w/ NJN,32,4,"$12,000,000","$3,000,000",
314,Usman Garuba  Power Forward | 2021-2024 (FA: 2025)  Originally signed w/ HOU,19,4,"$11,805,395","$2,951,349",
315,Grant Williams  Power Forward | 2019-2022 (FA: 2023)  Originally signed w/ BOS,20,4,"$11,802,681","$2,950,670",
315,Zeke Nnaji  Power Forward | 2020-2023 (FA: 2024),19,4,"$11,802,681","$2,950,670",
317,Nemanja Bjelica  Power Forward | 2015-2017 (FA: 2018)  Originally signed w/ MIN,26,3,"$11,700,000","$3,900,000",
318,TJ Leaf  Power Forward | 2017-2020 (FA: 2021)  Originally signed w/ IND,20,4,"$11,576,025","$2,894,006",
319,Darius Bazley  Power Forward | 2019-2022 (FA: 2023)  Originally signed w/ OKC,19,4,"$11,461,629","$2,865,407",
320,Lamar Odom  Power Forward | 1999-2002 (FA: 2003)  Originally signed w/ LAC,19,4,"$11,444,345","$2,861,086",
321,Furkan Aldemir  Power Forward | 2014-2017 (FA: 2018),23,4,"$11,420,610","$2,855,153","$305,854"
322,Noah Vonleh  Power Forward | 2014-2017 (FA: 2018)  Originally signed w/ CHA,18,4,"$11,418,513","$2,854,628",
323,Domantas Sabonis  Power Forward | 2016-2019 (FA: 0)  Originally signed w/ OKC,20,4,"$11,179,555","$2,794,889",
324,Anderson Varejao  Power Forward | 2007-2008 (FA: 2009),24,2,"$11,140,480","$5,570,240",
325,Charlie Villanueva  Power Forward | 2005-2008 (FA: 2009)  Originally signed w/ TOR,20,4,"$11,061,810","$2,765,453",
326,John Collins  Power Forward | 2017-2020 (FA: 2021)  Originally signed w/ ATL,19,4,"$11,059,862","$2,764,966",
327,Nick Collison  Power Forward | 2011-2014 (FA: 0),30,4,"$11,030,000","$2,757,500","$6,500,000"
328,Tiago Splitter  Power Forward | 2010-2012 (FA: 2013)  Originally signed w/ SAS,25,3,"$11,016,000","$3,672,000",
329,Trey Lyles  Power Forward | 2019-2020 (FA: 2021)  Originally signed w/ SAS,23,2,"$11,000,000","$5,500,000",
330,Marreese Speights  Power Forward | 2013-2015 (FA: 2016)  Originally signed w/ GSW,25,3,"$10,972,500","$3,657,500",
331,Brandan Wright  Power Forward | 2007-2010 (FA: 2011)  Originally signed w/ GSW,19,4,"$10,889,912","$2,722,478",
332,Dennis Rodman  Power Forward | 1991-1995 (FA: 1996)  Originally signed w/ DET,29,5,"$10,875,000","$2,175,000",
333,Tim Duncan  Power Forward | 2015-2016 (FA: 2017),39,2,"$10,850,000","$5,425,000",
334,Dario Saric  Power Forward | 2016-2019 (FA: 2020)  Originally signed w/ PHI,21,4,"$10,749,666","$2,687,417",
334,Taurean Prince  Power Forward | 2016-2019 (FA: 0)  Originally signed w/ ATL,22,4,"$10,749,666","$2,687,417",
336,Julian Wright  Power Forward | 2007-2010 (FA: 2011)  Originally signed w/ NOH,0,4,"$10,680,389","$2,670,097",
337,Thomas Robinson  Power Forward | 2012-2014 (FA: 2015)  Originally signed w/ SAC,20,3,"$10,579,440","$3,526,480",
338,Rudy Gay  Power Forward | 2006-2009 (FA: 2010)  Originally signed w/ MEM,19,4,"$10,513,847","$2,628,462",
339,Antawn Jamison  Power Forward | 1998-2001 (FA: 0)  Originally signed w/ GSW,21,4,"$10,510,376","$2,627,594",
340,Brian Cook  Power Forward | 2007-2009 (FA: 2010)  Originally signed w/ LAC,26,3,"$10,500,000","$3,500,000",
341,Trey Lyles  Power Forward | 2015-2018 (FA: 2019)  Originally signed w/ UTA,19,4,"$10,386,049","$2,596,512",
342,Chris Andersen  Power Forward | 2014-2015 (FA: 2016)  Originally signed w/ MIA,36,2,"$10,375,000","$5,187,500",
343,Tim Duncan  Power Forward | 1997-1999 (FA: 2000),20,3,"$10,239,080","$3,413,027",
344,Mfiondu Kabengele  Power Forward | 2019-2022 (FA: 2021)  Originally signed w/ LAC,21,4,"$10,151,244","$2,537,811",
345,Channing Frye  Power Forward | 2005-2008 (FA: 2009)  Originally signed w/ PHX,21,4,"$10,138,889","$2,534,722",
346,Jaden McDaniels  Power Forward | 2020-2023 (FA: 2024),20,4,"$10,090,879","$2,522,720",
347,Rudy Gay  Power Forward | 2018-2018 (FA: 2019)  Originally signed w/ SAS,31,1,"$10,087,200","$10,087,200",
348,Joe Smith  Power Forward | 2007-2008 (FA: 2009)  Originally signed w/ CHI,-,2,"$10,000,000","$5,000,000",
348,Brandan Wright  Power Forward | 2013-2014 (FA: 2015)  Originally signed w/ DAL,25,2,"$10,000,000","$5,000,000",
348,Jonas Jerebko  Power Forward | 2015-2016 (FA: 2017)  Originally signed w/ BOS,28,2,"$10,000,000","$5,000,000",
348,Mike Scott  Power Forward | 2014-2016 (FA: 2017)  Originally signed w/ ATL,26,3,"$10,000,000","$3,333,333",
348,Paul Millsap  Power Forward | 2020-2020 (FA: 2021)  Originally signed w/ DEN,35,1,"$10,000,000","$10,000,000",
353,Clifford Robinson  Power Forward | 2003-2004 (FA: 2005)  Originally signed w/ DET,-,2,"$9,987,500","$4,993,750",
354,Mike Scott  Power Forward | 2019-2020 (FA: 2021),30,2,"$9,800,000","$4,900,000",
355,Trevor Booker  Power Forward | 2014-2015 (FA: 2016)  Originally signed w/ UTA,26,2,"$9,775,000","$4,887,500",
356,JaMychal Green  Power Forward | 2019-2020 (FA: 2021)  Originally signed w/ LAC,29,2,"$9,772,350","$4,886,175",
357,Mirza Teletovic  Power Forward | 2012-2014 (FA: 2015)  Originally signed w/ BKN,26,3,"$9,687,150","$3,229,050",
358,Darrell Arthur  Power Forward | 2012-2014 (FA: 2015)  Originally signed w/ MEM,24,2,"$9,675,000","$4,837,500",
359,Kris Humphries  Power Forward | 2008-2010 (FA: 2011)  Originally signed w/ NJN,22,3,"$9,600,000","$3,200,000",
360,Juancho Hernangomez  Power Forward | 2016-2019 (FA: 2020)  Originally signed w/ DEN,20,4,"$9,551,670","$2,387,918",
361,Spencer Hawes  Power Forward | 2007-2010 (FA: 2011)  Originally signed w/ PHI,18,4,"$9,516,480","$2,379,120",
362,Joe Smith  Power Forward | 2001-2002 (FA: 2003)  Originally signed w/ MIN,-,2,"$9,500,000","$4,750,000",
363,Tyler Lydon  Power Forward | 2017-2020 (FA: 2021)  Originally signed w/ DEN,21,4,"$9,476,369","$2,369,092",
364,Luis Scola  Power Forward | 2007-2009 (FA: 2010)  Originally signed w/ HOU,27,3,"$9,386,267","$3,128,756",
365,Ike Diogu  Power Forward | 2005-2008 (FA: 2009)  Originally signed w/ GSW,21,4,"$9,324,543","$2,331,136",
366,Kelly Olynyk  Power Forward | 2013-2016 (FA: 2017)  Originally signed w/ BOS,21,4,"$9,321,294","$2,330,324",
367,Andres Nocioni  Power Forward | 2004-2006 (FA: 2007)  Originally signed w/ CHI,0,3,"$9,250,000","$3,083,333",
368,Jason Thompson  Power Forward | 2008-2011 (FA: 2012)  Originally signed w/ SAC,21,4,"$9,109,044","$2,277,261",
369,Omari Spellman  Power Forward | 2018-2020 (FA: 2021)  Originally signed w/ ATL,20,4,"$9,095,405","$2,273,851",
370,Tyler Hansbrough  Power Forward | 2009-2012 (FA: 2013)  Originally signed w/ IND,23,4,"$9,051,419","$2,262,855",
371,Chris Wilcox  Power Forward | 2002-2005 (FA: 2006)  Originally signed w/ LAC,19,4,"$9,012,398","$2,253,100",
372,Darko Milicic  Power Forward | 2010-2011 (FA: 2012)  Originally signed w/ MIN,24,2,"$9,011,500","$4,505,750",
373,Markieff Morris  Power Forward | 2011-2014 (FA: 2015)  Originally signed w/ PHX,21,4,"$9,005,799","$2,251,450",
374,Carl Landry  Power Forward | 2008-2010 (FA: 2011)  Originally signed w/ HOU,25,3,"$9,000,000","$3,000,000",
374,Carl Landry  Power Forward | 2011-2011 (FA: 2012)  Originally signed w/ NOH,28,1,"$9,000,000","$9,000,000",
374,Jeff Green  Power Forward | 2011-2011 (FA: 2012)  Originally signed w/ BOS,25,1,"$9,000,000","$9,000,000",
374,Dennis Rodman  Power Forward | 1996-1996 (FA: 1997)  Originally signed w/ CHI,35,1,"$9,000,000","$9,000,000",
374,Charles Barkley  Power Forward | 1999-1999 (FA: 2000),35,1,"$9,000,000","$9,000,000",
374,Jeff Green  Power Forward | 2021-2022 (FA: 2023)  Originally signed w/ DEN,34,2,"$9,000,000","$4,500,000",
380,Derrick Williams  Power Forward | 2015-2016 (FA: 2017)  Originally signed w/ NYK,24,2,"$8,998,000","$4,499,000",
381,Patrick Patterson  Power Forward | 2010-2013 (FA: 2014)  Originally signed w/ HOU,20,4,"$8,985,301","$2,246,325",
382,Dante Cunningham  Power Forward | 2015-2017 (FA: 2018)  Originally signed w/ NOP,28,3,"$8,934,750","$2,978,250",
383,Joel Freeland  Power Forward | 2012-2014 (FA: 2015),25,3,"$8,925,000","$2,975,000","$1,338,000"
384,Bobby Portis  Power Forward | 2021-2022 (FA: 2023),26,2,"$8,912,580","$4,456,290",
385,Caleb Swanigan  Power Forward | 2017-2020 (FA: 2020),20,4,"$8,904,867","$2,226,217",
386,Thaddeus Young  Power Forward | 2007-2010 (FA: 2011)  Originally signed w/ PHI,18,4,"$8,805,481","$2,201,370",
387,Harrison Barnes  Power Forward | 2012-2015 (FA: 2016)  Originally signed w/ GSW,19,4,"$8,771,880","$2,192,970",
388,Marreese Speights  Power Forward | 2012-2013 (FA: 2013)  Originally signed w/ MEM,24,2,"$8,715,000","$4,357,500",
389,Kyle Kuzma  Power Forward | 2017-2020 (FA: 2021)  Originally signed w/ LAL,21,4,"$8,650,178","$2,162,545",
390,Giannis Antetokounmpo  Power Forward | 2013-2016 (FA: 2017),18,4,"$8,615,141","$2,153,785",
391,Joe Smith  Power Forward | 1995-1997 (FA: 1998)  Originally signed w/ GSW,0,3,"$8,432,160","$2,810,720",
392,Anthony Randolph  Power Forward | 2008-2011 (FA: 2012)  Originally signed w/ GSW,18,4,"$8,423,791","$2,105,948",
393,Austin Daye  Power Forward | 2009-2012 (FA: 2013)  Originally signed w/ DET,20,4,"$8,369,477","$2,092,369",
394,Amar'e Stoudemire  Power Forward | 2002-2005 (FA: 0)  Originally signed w/ PHX,19,4,"$8,288,063","$2,072,016",
395,Al-Farouq Aminu  Power Forward | 2010-2012 (FA: 2013)  Originally signed w/ LAC,19,3,"$8,266,680","$2,755,560",
396,Jonas Jerebko  Power Forward | 2017-2018 (FA: 2019)  Originally signed w/ UTA,30,2,"$8,200,000","$4,100,000",
397,Al Thornton  Power Forward | 2007-2010 (FA: 0)  Originally signed w/ LAC,-,4,"$8,142,916","$2,035,729",
398,LaVoy Allen  Power Forward | 2015-2016 (FA: 2018)  Originally signed w/ IND,26,2,"$8,050,000","$4,025,000",
399,Carl Landry  Power Forward | 2012-2013 (FA: 2013)  Originally signed w/ GSW,28,2,"$8,000,000","$4,000,000",
399,Kurt Thomas  Power Forward | 2008-2009 (FA: 2010)  Originally signed w/ SAS,35,2,"$8,000,000","$4,000,000",
399,Nicolo Melli  Power Forward | 2019-2020 (FA: 2021)  Originally signed w/ NOP,28,2,"$8,000,000","$4,000,000",
399,Kris Humphries  Power Forward | 2011-2011 (FA: 2012)  Originally signed w/ NJN,26,1,"$8,000,000","$8,000,000",
399,Yi Jianlian  Power Forward | 2016-2016 (FA: 2017),28,1,"$8,000,000","$8,000,000",
404,James Johnson  Power Forward | 2009-2012 (FA: 2013)  Originally signed w/ CHI,21,4,"$7,952,806","$1,988,202",
405,Jeremiah Robinson-Earl  Power Forward | 2021-2024 (FA: 2025),20,4,"$7,888,598","$1,972,150",
406,Nick Collison  Power Forward | 2003-2005 (FA: 2007)  Originally signed w/ SEA,22,4,"$7,863,990","$1,965,998",
407,Kevin Seraphin  Power Forward | 2010-2013 (FA: 2014)  Originally signed w/ WAS,20,4,"$7,802,194","$1,950,549",
408,Marreese Speights  Power Forward | 2008-2011 (FA: 2012)  Originally signed w/ PHI,20,4,"$7,696,094","$1,924,024",
409,Mouhamed Gueye  Power Forward | 2023-2026 (FA: 2027),20,4,"$7,639,302","$1,909,826",
409,Toumani Camara  Power Forward | 2023-2026 (FA: 2027),23,4,"$7,639,302","$1,909,826",
409,Trayce Jackson-Davis  Power Forward | 2023-2026 (FA: 2027),23,4,"$7,639,302","$1,909,826",
412,Chuck Hayes  Power Forward | 2007-2010 (FA: 2011),24,4,"$7,602,250","$1,900,563",
413,Jared Jeffries  Power Forward | 2002-2005 (FA: 2006),20,4,"$7,577,264","$1,894,316",
414,Cedric Simmons  Power Forward | 0-2010 (FA: 2011),-1,4,"$7,559,011","$1,889,753",
415,Jason Smith  Power Forward | 2011-2013 (FA: 2014)  Originally signed w/ NOH,25,3,"$7,500,000","$2,500,000",
415,Nick Collison  Power Forward | 2015-2016 (FA: 2017),34,2,"$7,500,000","$3,750,000",
417,Bobby Portis  Power Forward | 2020-2021 (FA: 2022),25,2,"$7,427,150","$3,713,575",
418,Horace Grant  Power Forward | 2001-2003 (FA: 2004)  Originally signed w/ ORL,35,3,"$7,400,000","$2,466,667",
419,Kris Humphries  Power Forward | 2004-2007 (FA: 0)  Originally signed w/ BKN,18,4,"$7,300,233","$1,825,058",
420,Terrence Jones  Power Forward | 2012-2015 (FA: 2016),19,4,"$7,145,049","$1,786,262",
421,Sean Williams  Power Forward | 0-2011 (FA: 2012)  Originally signed w/ NJN,-1987,4,"$7,070,968","$1,767,742",
422,David Lee  Power Forward | 2009-2009 (FA: 2010)  Originally signed w/ NYK,26,1,"$7,000,000","$7,000,000",
423,Ersan Ilyasova  Power Forward | 2009-2011 (FA: 2012)  Originally signed w/ MIL,21,3,"$6,961,500","$2,320,500",
424,Dirk Nowitzki  Power Forward | 1998-2001 (FA: 0),19,4,"$6,906,835","$1,726,709",
425,Isaiah Todd  Power Forward | 2021-2024 (FA: 2025)  Originally signed w/ WAS,19,4,"$6,899,694","$1,724,924",
426,Bobby Portis  Power Forward | 2015-2018 (FA: 2019)  Originally signed w/ CHI,19,4,"$6,855,506","$1,713,877",
427,Drew Gooden  Power Forward | 2015-2016 (FA: 2017),33,2,"$6,847,000","$3,423,500",
428,Tobias Harris  Power Forward | 2011-2014 (FA: 2015)  Originally signed w/ MIL,19,4,"$6,826,594","$1,706,649",
429,Andrew Nicholson  Power Forward | 2012-2015 (FA: 2016)  Originally signed w/ ORL,22,4,"$6,826,593","$1,706,648",
430,Vlatko Cancar  Power Forward | 2022-2024 (FA: 2025),25,3,"$6,815,324","$2,271,775",
431,Georges Niang  Power Forward | 2021-2022 (FA: 2023)  Originally signed w/ PHI,28,2,"$6,765,000","$3,382,500",
432,Isaiah Roby  Power Forward | 2019-2022 (FA: 2023)  Originally signed w/ DAL,20,4,"$6,731,283","$1,682,821",
433,J.J Hickson  Power Forward | 2008-2011 (FA: 2012)  Originally signed w/ CLE,19,4,"$6,642,137","$1,660,534",
434,JT Thor  Power Forward | 2021-2024 (FA: 2025),18,4,"$6,638,212","$1,659,553",
435,Brice Johnson  Power Forward | 2016-2019 (FA: 2018)  Originally signed w/ LAC,22,4,"$6,620,352","$1,655,088",
436,Markieff Morris  Power Forward | 2019-2019 (FA: 2020)  Originally signed w/ DET,29,1,"$6,560,000","$6,560,000",
437,Donatas Motiejunas  Power Forward | 2012-2015 (FA: 2016)  Originally signed w/ HOU,21,4,"$6,556,245","$1,639,061",
438,Tyler Hansbrough  Power Forward | 2013-2014 (FA: 2015)  Originally signed w/ TOR,27,2,"$6,509,235","$3,254,618",
439,Troy Murphy  Power Forward | 2001-2004 (FA: 0)  Originally signed w/ GSW,20,4,"$6,457,848","$1,614,462",
440,Pascal Siakam  Power Forward | 2016-2019 (FA: 0),22,4,"$6,405,441","$1,601,360",
441,Jarell Martin  Power Forward | 2015-2018 (FA: 2019)  Originally signed w/ MEM,20,4,"$6,404,604","$1,601,151",
442,Skal Labissiere  Power Forward | 2016-2019 (FA: 2020),20,4,"$6,385,249","$1,596,312",
443,Jared Sullinger  Power Forward | 2012-2015 (FA: 2016)  Originally signed w/ BOS,19,4,"$6,366,420","$1,591,605",
444,Trevor Booker  Power Forward | 2010-2013 (FA: 2014)  Originally signed w/ WAS,22,4,"$6,271,580","$1,567,895",
445,Dante Cunningham  Power Forward | 2011-2013 (FA: 2014)  Originally signed w/ MEM,23,3,"$6,270,000","$2,090,000",
446,E.J. Liddell  Power Forward | 2023-2025 (FA: 2026),22,3,"$6,224,049","$2,074,683",
447,Ryan Anderson  Power Forward | 2008-2011 (FA: 2012)  Originally signed w/ ORL,19,4,"$6,195,961","$1,548,990",
448,Kenneth Faried  Power Forward | 2011-2014 (FA: 0)  Originally signed w/ DEN,21,4,"$6,183,368","$1,545,842",
449,Jason Smith  Power Forward | 2008-2010 (FA: 2011)  Originally signed w/ NOH,21,4,"$6,166,993","$1,541,748",
450,Brandon Bass  Power Forward | 2015-2016 (FA: 2017)  Originally signed w/ LAL,30,2,"$6,135,000","$3,067,500",
450,Josh McRoberts  Power Forward | 2011-2012 (FA: 2013)  Originally signed w/ LAL,24,2,"$6,135,000","$3,067,500",
452,Alen Smailagic  Power Forward | 2019-2022 (FA: 2023),18,4,"$6,129,593","$1,532,398",
453,Larry Nance Jr.  Power Forward | 2015-2018 (FA: 2019)  Originally signed w/ LAL,21,4,"$6,107,053","$1,526,763",
454,LaVoy Allen  Power Forward | 2012-2013 (FA: 2014)  Originally signed w/ PHI,23,2,"$6,060,000","$3,030,000",
455,Chris Wilcox  Power Forward | 2009-2010 (FA: 2011)  Originally signed w/ DET,26,2,"$6,000,000","$3,000,000",
455,Ersan Ilyasova  Power Forward | 2017-2017 (FA: 2018)  Originally signed w/ ATL,30,1,"$6,000,000","$6,000,000",
455,Anthony Tolliver  Power Forward | 2014-2015 (FA: 2016)  Originally signed w/ PHX,29,2,"$6,000,000","$3,000,000",
455,Kenrich Williams  Power Forward | 2020-2022 (FA: 0)  Originally signed w/ NOP,25,3,"$6,000,000","$2,000,000",
459,Renaldo Balkman  Power Forward | 2006-2009 (FA: 0)  Originally signed w/ NYK,21,4,"$5,954,217","$1,488,554",
460,Rasheed Wallace  Power Forward | 1995-1997 (FA: 1998)  Originally signed w/ WAS,21,3,"$5,882,080","$1,960,693",
461,B.J. Mullens  Power Forward | 2009-2012 (FA: 2013)  Originally signed w/ OKC,19,4,"$5,865,661","$1,466,415",
462,Jontay Porter  Power Forward | 2020-2022 (FA: 2023)  Originally signed w/ MEM,21,3,"$5,850,000","$1,950,000",
463,Adreian Payne  Power Forward | 2014-2016 (FA: 2017)  Originally signed w/ ATL,22,3,"$5,816,400","$1,938,800",
464,David West  Power Forward | 2003-2006 (FA: 0)  Originally signed w/ NOH,22,4,"$5,793,418","$1,448,355",
465,Darrell Arthur  Power Forward | 2015-2016 (FA: 2017)  Originally signed w/ DEN,27,2,"$5,754,630","$2,877,315",
466,Jamorio Moon  Power Forward | 2009-2010 (FA: 2011)  Originally signed w/ CLE,28,2,"$5,750,000","$2,875,000",
466,Anthony Tolliver  Power Forward | 2018-2018 (FA: 2019)  Originally signed w/ MIN,33,1,"$5,750,000","$5,750,000",
468,Ray Spalding  Power Forward | 2018-2021 (FA: 2022)  Originally signed w/ DAL,21,4,"$5,721,234","$1,430,309",
469,Jared Sullinger  Power Forward | 2016-2016 (FA: 2017)  Originally signed w/ TOR,24,1,"$5,628,000","$5,628,000",
470,Horace Grant  Power Forward | 1991-1993 (FA: 1994)  Originally signed w/ CHI,25,3,"$5,600,000","$1,866,667",
471,Antoine Walker  Power Forward | 1996-1998 (FA: 0)  Originally signed w/ BOS,19,3,"$5,591,080","$1,863,693",
472,Udonis Haslem  Power Forward | 2014-2015 (FA: 2016),34,2,"$5,586,940","$2,793,470",
473,Zhou Qi  Power Forward | 2017-2020 (FA: 2021),21,4,"$5,565,327","$1,391,332",
474,Luis Scola  Power Forward | 2016-2016 (FA: 2017),36,1,"$5,500,000","$5,500,000",
474,Mirza Teletovic  Power Forward | 2015-2015 (FA: 2016)  Originally signed w/ PHX,29,1,"$5,500,000","$5,500,000",
476,Eric Moreland  Power Forward | 2017-2019 (FA: 2020)  Originally signed w/ DET,25,3,"$5,478,899","$1,826,300",
477,Josh McRoberts  Power Forward | 2013-2013 (FA: 2014)  Originally signed w/ CHA,26,2,"$5,423,340","$2,711,670",
478,Kevin Garnett  Power Forward | 1995-1997 (FA: 0),18,3,"$5,397,120","$1,799,040",
479,Anthony Randolph  Power Forward | 2012-2013 (FA: 2014)  Originally signed w/ DEN,23,3,"$5,250,000","$1,750,000",
480,Joffrey Lauvergne  Power Forward | 2014-2016 (FA: 2017)  Originally signed w/ DEN,23,3,"$5,209,719","$1,736,573",
481,Darrell Arthur  Power Forward | 2008-2011 (FA: 2012)  Originally signed w/ MEM,19,4,"$5,178,438","$1,294,610",
482,Trey Lyles  Power Forward | 2021-2022 (FA: 2023)  Originally signed w/ DET,25,2,"$5,125,000","$2,562,500",
483,D.J. White  Power Forward | 2008-2011 (FA: 2012)  Originally signed w/ OKC,21,4,"$5,110,367","$1,277,592",
484,Reggie Evans  Power Forward | 2012-2014 (FA: 2015)  Originally signed w/ LAC,32,3,"$5,086,905","$1,695,635",
485,Glen Davis  Power Forward | 2009-2010 (FA: 2011)  Originally signed w/ BOS,23,2,"$5,000,000","$2,500,000",
485,Dirk Nowitzki  Power Forward | 2017-2017 (FA: 2018),39,1,"$5,000,000","$5,000,000",
485,Dirk Nowitzki  Power Forward | 2018-2018 (FA: 2019),39,1,"$5,000,000","$5,000,000",
485,Jason Maxiell  Power Forward | 2013-2013 (FA: 2014)  Originally signed w/ ORL,30,2,"$5,000,000","$2,500,000",
485,Craig Smith  Power Forward | 2008-2009 (FA: 2010)  Originally signed w/ MIN,-,2,"$5,000,000","$2,500,000",
485,James Johnson  Power Forward | 2014-2015 (FA: 2016)  Originally signed w/ TOR,27,2,"$5,000,000","$2,500,000",
491,Georges Niang  Power Forward | 2018-2020 (FA: 2021)  Originally signed w/ UTA,24,3,"$4,975,012","$1,658,337",
492,Horace Grant  Power Forward | 1994-1995 (FA: 1996)  Originally signed w/ ORL,28,2,"$4,888,000","$2,444,000",
493,James Posey  Power Forward | 1999-2002 (FA: 2003)  Originally signed w/ DEN,-,4,"$4,866,406","$1,216,602",
494,Jason Maxiell  Power Forward | 2005-2008 (FA: 0),21,4,"$4,798,012","$1,199,503",
495,Zach Randolph  Power Forward | 2001-2004 (FA: 0)  Originally signed w/ POR,19,4,"$4,791,432","$1,197,858",
496,Brian Cook  Power Forward | 2003-2006 (FA: 2007)  Originally signed w/ LAL,22,4,"$4,730,621","$1,182,655",
497,Quentin Richardson  Power Forward | 2010-2011 (FA: 2012)  Originally signed w/ ORL,29,2,"$4,711,200","$2,355,600",
498,Rodney Carney  Power Forward | 2006-2008 (FA: 2009)  Originally signed w/ PHI,21,3,"$4,643,280","$1,547,760",
499,Louis Amundson  Power Forward | 2010-2011 (FA: 2012)  Originally signed w/ GSW,27,2,"$4,628,000","$2,314,000",
500,Jared Jeffries  Power Forward | 2012-2014 (FA: 2015),30,3,"$4,624,458","$1,541,486",
501,Dennis Rodman  Power Forward | 1997-1997 (FA: 1997)  Originally signed w/ CHI,35,1,"$4,600,000","$4,600,000",
502,Derrick Williams  Power Forward | 2016-2016 (FA: 2017)  Originally signed w/ MIA,25,1,"$4,598,000","$4,598,000",
503,Robert Covington  Power Forward | 2014-2017 (FA: 2018)  Originally signed w/ PHI,23,4,"$4,592,926","$1,148,232",
504,David Lee  Power Forward | 2005-2008 (FA: 2009)  Originally signed w/ NYK,21,4,"$4,566,033","$1,141,508",
505,DJ Wilson  Power Forward | 2022-2023 (FA: 2024),26,2,"$4,546,582","$2,273,291",
506,Taurean Prince  Power Forward | 2023-2023 (FA: 2024),29,1,"$4,516,000","$4,516,000",
507,Luc Richard Mbah a Moute  Power Forward | 2016-2017 (FA: 2018)  Originally signed w/ LAC,29,2,"$4,505,135","$2,252,568",
508,Drew Gooden  Power Forward | 2009-2009 (FA: 2010)  Originally signed w/ LAC,27,1,"$4,500,000","$4,500,000",
508,Gustavo Ayon  Power Forward | 2011-2013 (FA: 2014)  Originally signed w/ NOH,25,3,"$4,500,000","$1,500,000","$67,500"
510,Bol Bol  Power Forward | 2022-2023 (FA: 2024)  Originally signed w/ ORL,22,2,"$4,400,000","$2,200,000",
511,Mitch McGary  Power Forward | 2014-2016 (FA: 2018),21,3,"$4,389,120","$1,463,040",
512,Malcolm Thomas  Power Forward | 2014-2014 (FA: 2015),25,4,"$4,372,948","$1,093,237",
513,Quentin Richardson  Power Forward | 2013-2015 (FA: 2013)  Originally signed w/ NYK,33,3,"$4,347,184","$1,449,061",
514,Greg Brown III  Power Forward | 2021-2023 (FA: 2024)  Originally signed w/ POR,19,3,"$4,324,872","$1,441,624",
515,Luc Richard Mbah a Moute  Power Forward | 2018-2018 (FA: 2019)  Originally signed w/ LAC,31,1,"$4,320,500","$4,320,500",
515,Mike Scott  Power Forward | 2018-2018 (FA: 2019)  Originally signed w/ LAC,29,1,"$4,320,500","$4,320,500",
517,Jason Smith  Power Forward | 2015-2015 (FA: 2016)  Originally signed w/ ORL,29,1,"$4,300,000","$4,300,000",
518,Semi Ojeleye  Power Forward | 2017-2019 (FA: 2021)  Originally signed w/ BOS,22,3,"$4,288,654","$1,429,551",
519,Anthony Tolliver  Power Forward | 2010-2011 (FA: 2012)  Originally signed w/ MIN,25,2,"$4,250,000","$2,125,000",
520,Jerami Grant  Power Forward | 2014-2016 (FA: 2018)  Originally signed w/ PHI,19,4,"$4,234,674","$1,058,669",
521,Bol Bol  Power Forward | 2020-2021 (FA: 2022)  Originally signed w/ DEN,20,2,"$4,219,392","$2,109,696",
522,Vlatko Cancar  Power Forward | 2019-2021 (FA: 2022),22,3,"$4,198,912","$1,399,637",
522,Eric Paschall  Power Forward | 2019-2021 (FA: 2022)  Originally signed w/ GSW,22,3,"$4,198,912","$1,399,637",
524,Channing Frye  Power Forward | 2009-2009 (FA: 2010)  Originally signed w/ PHX,25,2,"$4,139,200","$2,069,600",
525,Gary Clark  Power Forward | 2020-2021 (FA: 2022)  Originally signed w/ ORL,26,2,"$4,100,000","$2,050,000",
526,Malcolm Thomas  Power Forward | 2014-2014 (FA: 2015),26,4,"$4,060,612","$1,015,153",
527,Spencer Hawes  Power Forward | 2011-2011 (FA: 2012)  Originally signed w/ PHI,23,1,"$4,051,023","$4,051,023",
528,Elton Brand  Power Forward | 2013-2013 (FA: 2014)  Originally signed w/ ATL,34,1,"$4,000,000","$4,000,000",
528,Udonis Haslem  Power Forward | 2016-2016 (FA: 2017),36,1,"$4,000,000","$4,000,000",
528,Kris Humphries  Power Forward | 2016-2016 (FA: 2017)  Originally signed w/ ATL,31,1,"$4,000,000","$4,000,000",
528,J.J Hickson  Power Forward | 2012-2012 (FA: 2013)  Originally signed w/ POR,23,1,"$4,000,000","$4,000,000",
528,James Johnson  Power Forward | 2016-2016 (FA: 2017)  Originally signed w/ MIA,29,1,"$4,000,000","$4,000,000",
533,Ivan Rabb  Power Forward | 2017-2019 (FA: 2020)  Originally signed w/ MEM,20,3,"$3,946,762","$1,315,587",
534,Jarred Vanderbilt  Power Forward | 2018-2020 (FA: 2021)  Originally signed w/ DEN,18,3,"$3,919,177","$1,306,392",
535,Kevin Seraphin  Power Forward | 2014-2014 (FA: 2015)  Originally signed w/ WAS,24,1,"$3,898,691","$3,898,691",
536,Grant Jerrett  Power Forward | 2014-2017 (FA: 2018)  Originally signed w/ OKC,21,4,"$3,867,199","$966,800",
537,Anthony Gill  Power Forward | 2022-2023 (FA: 2024),29,2,"$3,833,328","$1,916,664",
537,Nathan Knight  Power Forward | 2022-2023 (FA: 2024)  Originally signed w/ MIN,24,2,"$3,833,328","$1,916,664",
539,Chris McCullough  Power Forward | 2015-2017 (FA: 2018)  Originally signed w/ BKN,19,3,"$3,803,102","$1,267,701",
540,Dickey Simpkins  Power Forward | 1994-1997 (FA: 1998)  Originally signed w/ CHI,21,4,"$3,770,000","$942,500",
541,Al-Farouq Aminu  Power Forward | 2013-2013 (FA: 2014)  Originally signed w/ NOP,22,1,"$3,749,602","$3,749,602",
542,Kurt Thomas  Power Forward | 1995-1997 (FA: 1998)  Originally signed w/ MIA,23,3,"$3,707,960","$1,235,987",
543,Kevin Seraphin  Power Forward | 2016-2017 (FA: 2018),26,2,"$3,681,000","$1,840,500",
544,Sean May  Power Forward | 0-0 (FA: 2010),-1,1,"$3,680,199","$3,680,199",
545,Gary Clark  Power Forward | 2018-2020 (FA: 2021)  Originally signed w/ HOU,23,3,"$3,677,585","$1,225,862",
546,Kurt Thomas  Power Forward | 1998-1999 (FA: 2000),26,2,"$3,675,000","$1,837,500",
547,Jordan Mickey  Power Forward | 2015-2017 (FA: 2019)  Originally signed w/ BOS,21,3,"$3,670,959","$1,223,653",
548,Karl Malone  Power Forward | 1988-1989 (FA: 1999)  Originally signed w/ UTA,25,2,"$3,610,000","$1,805,000",
549,Alize Johnson  Power Forward | 2021-2022 (FA: 2022)  Originally signed w/ CHI,25,2,"$3,607,937","$1,803,969",
550,Jeff Ayres  Power Forward | 2013-2014 (FA: 2015)  Originally signed w/ SAS,26,2,"$3,578,750","$1,789,375",
551,Al Harrington  Power Forward | 1999-2002 (FA: 2002)  Originally signed w/ IND,18,4,"$3,523,662","$880,916",
552,Dragan Bender  Power Forward | 2019-2020 (FA: 2021)  Originally signed w/ MIL,21,2,"$3,502,857","$1,751,429",
553,Chris Andersen  Power Forward | 2005-2005 (FA: 2006)  Originally signed w/ NOH,26,1,"$3,500,000","$3,500,000",
553,Clifford Robinson  Power Forward | 1998-1998 (FA: 1999)  Originally signed w/ PHX,-,1,"$3,500,000","$3,500,000",
555,Quincy Acy  Power Forward | 2016-2017 (FA: 2018)  Originally signed w/ BKN,26,2,"$3,499,630","$1,749,815",
556,Kyle Anderson  Power Forward | 2014-2016 (FA: 2018)  Originally signed w/ SAS,20,3,"$3,428,640","$1,142,880",
557,Cheick Diallo  Power Forward | 2016-2018 (FA: 2019)  Originally signed w/ NOP,19,3,"$3,401,033","$1,133,678",
557,Dorian Finney-Smith  Power Forward | 2016-2018 (FA: 2019)  Originally signed w/ DAL,22,3,"$3,401,033","$1,133,678",
559,Wenyen Gabriel  Power Forward | 2020-2021 (FA: 2022)  Originally signed w/ NOP,23,2,"$3,383,360","$1,691,680",
559,Tyler Lydon  Power Forward | 2019-2020 (FA: 2021),23,2,"$3,383,360","$1,691,680",
561,Ryan Kelly  Power Forward | 2014-2015 (FA: 2016)  Originally signed w/ LAL,23,2,"$3,374,250","$1,687,125",
562,Royce White  Power Forward | 2012-2013 (FA: 2013)  Originally signed w/ HOU,21,2,"$3,364,920","$1,682,460",
563,Quentin Richardson  Power Forward | 2000-2002 (FA: 2004)  Originally signed w/ LAC,19,3,"$3,292,560","$1,097,520",
563,Lazar Hayward  Power Forward | 2010-2011 (FA: 2012)  Originally signed w/ MIN,23,3,"$3,292,560","$1,097,520",
565,Anthony Tolliver  Power Forward | 2017-2017 (FA: 2018)  Originally signed w/ DET,32,1,"$3,290,000","$3,290,000",
565,Tarik Black  Power Forward | 2017-2017 (FA: 2018)  Originally signed w/ HOU,25,1,"$3,290,000","$3,290,000",
567,Amile Jefferson  Power Forward | 2019-2020 (FA: 2021)  Originally signed w/ ORL,26,2,"$3,282,647","$1,641,324",
568,Jason Smith  Power Forward | 2014-2014 (FA: 2015)  Originally signed w/ NYK,28,1,"$3,278,000","$3,278,000",
569,Arnett Moultrie  Power Forward | 2012-2014 (FA: 2014)  Originally signed w/ PHI,21,3,"$3,267,720","$1,089,240",
570,Carlos Boozer  Power Forward | 2014-2014 (FA: 2015),32,1,"$3,251,000","$3,251,000",
571,James Posey  Power Forward | 2007-2007 (FA: 2008)  Originally signed w/ BOS,0,1,"$3,206,000","$3,206,000",
572,Joffrey Lauvergne  Power Forward | 2017-2018 (FA: 2019),25,2,"$3,180,397","$1,590,199",
573,David Lee  Power Forward | 2016-2017 (FA: 2018),33,2,"$3,157,626","$1,578,813",
574,Rakeem Christmas  Power Forward | 2015-2017 (FA: 2019),23,3,"$3,157,026","$1,052,342",
575,Solomon Jones  Power Forward | 2009-2010 (FA: 2011)  Originally signed w/ IND,24,2,"$3,120,000","$1,560,000",
576,Patrick Patterson  Power Forward | 2020-2020 (FA: 2021)  Originally signed w/ LAC,31,1,"$3,077,704","$3,077,704",
577,David West  Power Forward | 2015-2016 (FA: 2017)  Originally signed w/ SAS,34,2,"$3,050,846","$1,525,423",
578,Nenad Krstic  Power Forward | 2004-2006 (FA: 2008)  Originally signed w/ NJN,-,3,"$3,030,000","$1,010,000",
579,Filip Petrusev  Power Forward | 2023-2024 (FA: 2025),23,2,"$3,011,420","$1,505,710",
580,Hakim Warrick  Power Forward | 2009-2009 (FA: 2010)  Originally signed w/ MIL,27,1,"$3,000,000","$3,000,000",
580,Chris Wilcox  Power Forward | 2011-2011 (FA: 2012),28,1,"$3,000,000","$3,000,000",
580,Jeff Ayres  Power Forward | 2011-2012 (FA: 2013)  Originally signed w/ IND,24,2,"$3,000,000","$1,500,000",
583,Shawn Long  Power Forward | 2016-2018 (FA: 2019)  Originally signed w/ PHI,24,3,"$2,947,075","$982,358",
584,Markieff Morris  Power Forward | 2022-2022 (FA: 2023)  Originally signed w/ BKN,32,1,"$2,905,851","$2,905,851",
584,Udonis Haslem  Power Forward | 2022-2022 (FA: 2023),42,1,"$2,905,851","$2,905,851",
584,James Johnson  Power Forward | 2022-2022 (FA: 2023),35,1,"$2,905,851","$2,905,851",
587,Jon Leuer  Power Forward | 2013-2015 (FA: 2016)  Originally signed w/ MEM,24,3,"$2,902,500","$967,500",
588,Luis Scola  Power Forward | 2015-2015 (FA: 2016)  Originally signed w/ TOR,35,1,"$2,900,000","$2,900,000",
589,Marreese Speights  Power Forward | 2016-2017 (FA: 2018)  Originally signed w/ LAC,28,2,"$2,863,580","$1,431,790",
590,Chris Andersen  Power Forward | 2013-2013 (FA: 2014)  Originally signed w/ MIA,35,2,"$2,847,997","$1,423,999",
591,Kevin Seraphin  Power Forward | 2015-2015 (FA: 2016)  Originally signed w/ NYK,25,1,"$2,814,000","$2,814,000",
592,Rashard Lewis  Power Forward | 2012-2013 (FA: 2014),32,2,"$2,751,688","$1,375,844",
593,Craig Brackins  Power Forward | 2010-2011 (FA: 2012),0,2,"$2,711,880","$1,355,940",
594,Dario Saric  Power Forward | 2023-2023 (FA: 2024),29,1,"$2,709,849","$2,709,849",
595,Kurt Thomas  Power Forward | 2011-2012 (FA: 2013)  Originally signed w/ POR,39,2,"$2,704,362","$1,352,181",
596,Udonis Haslem  Power Forward | 2021-2021 (FA: 2022),41,1,"$2,641,691","$2,641,691",
596,Patrick Patterson  Power Forward | 2021-2021 (FA: 2022),32,1,"$2,641,691","$2,641,691",
596,Paul Millsap  Power Forward | 2021-2021 (FA: 2022)  Originally signed w/ BKN,36,1,"$2,641,691","$2,641,691",
596,LaMarcus Aldridge  Power Forward | 2021-2021 (FA: 2022),36,1,"$2,641,691","$2,641,691",
596,James Johnson  Power Forward | 2021-2021 (FA: 2022)  Originally signed w/ BKN,34,1,"$2,641,691","$2,641,691",
596,Carmelo Anthony  Power Forward | 2021-2021 (FA: 2022),37,1,"$2,641,691","$2,641,691",
596,Markieff Morris  Power Forward | 2021-2021 (FA: 2022)  Originally signed w/ MIA,31,1,"$2,641,691","$2,641,691",
603,Draymond Green  Power Forward | 2012-2014 (FA: 2015),22,3,"$2,640,743","$880,248",
604,JaMychal Green  Power Forward | 2022-2022 (FA: 2023),32,1,"$2,628,597","$2,628,597",
605,Anderson Varejao  Power Forward | 2004-2006 (FA: 2007),21,3,"$2,600,400","$866,800",
606,Anthony Tolliver  Power Forward | 2019-2019 (FA: 2020)  Originally signed w/ POR,34,1,"$2,564,753","$2,564,753",
606,Jeff Green  Power Forward | 2019-2019 (FA: 2020)  Originally signed w/ UTA,32,1,"$2,564,753","$2,564,753",
606,Udonis Haslem  Power Forward | 2019-2019 (FA: 2020),39,1,"$2,564,753","$2,564,753",
606,Ryan Anderson  Power Forward | 2019-2019 (FA: 2020),31,1,"$2,564,753","$2,564,753",
606,Carmelo Anthony  Power Forward | 2020-2020 (FA: 2021)  Originally signed w/ POR,36,1,"$2,564,753","$2,564,753",
606,Udonis Haslem  Power Forward | 2020-2020 (FA: 2021),39,1,"$2,564,753","$2,564,753",
606,Jeff Green  Power Forward | 2020-2020 (FA: 2021)  Originally signed w/ BKN,32,1,"$2,564,753","$2,564,753",
613,Joel Bolomboy  Power Forward | 2016-2018 (FA: 2019)  Originally signed w/ UTA,22,3,"$2,555,511","$851,837",
614,Joey Dorsey  Power Forward | 2008-2010 (FA: 2011)  Originally signed w/ HOU,24,3,"$2,551,889","$850,630",
615,Jarnell Stokes  Power Forward | 2014-2016 (FA: 2017),20,3,"$2,550,490","$850,163",
616,Kenyon Martin  Power Forward | 2011-2011 (FA: 2012)  Originally signed w/ LAC,34,1,"$2,500,000","$2,500,000",
616,Brian Cook  Power Forward | 2010-2011 (FA: 2012)  Originally signed w/ LAC,29,2,"$2,500,000","$1,250,000",
616,Clifford Robinson  Power Forward | 2005-2005 (FA: 2006),-,1,"$2,500,000","$2,500,000",
619,Georges Niang  Power Forward | 2016-2018 (FA: 2019)  Originally signed w/ IND,23,3,"$2,498,982","$832,994",
619,Ben Bentil  Power Forward | 2016-2018 (FA: 2019)  Originally signed w/ BOS,21,3,"$2,498,982","$832,994",
619,Marshall Plumlee  Power Forward | 2016-2018 (FA: 2019)  Originally signed w/ NYK,23,3,"$2,498,982","$832,994",
622,Dante Cunningham  Power Forward | 2018-2018 (FA: 2019),31,1,"$2,487,000","$2,487,000",
623,Hakim Warrick  Power Forward | 2005-2008 (FA: 2009)  Originally signed w/ MEM,23,2,"$2,482,800","$1,241,400",
624,Noah Vonleh  Power Forward | 2022-2022 (FA: 2023)  Originally signed w/ BOS,27,1,"$2,463,490","$2,463,490",
625,Pero Antic  Power Forward | 2013-2014 (FA: 2015),30,2,"$2,450,000","$1,225,000",
626,Livio Jean-Charles  Power Forward | 2016-2017 (FA: 2020),22,2,"$2,431,080","$1,215,540",
627,Johnny O'Bryant  Power Forward | 2014-2016 (FA: 2017),21,3,"$2,425,490","$808,497",
628,Cartier Martin  Power Forward | 2014-2015 (FA: 2016),29,2,"$2,416,650","$1,208,325",
629,Anthony Gill  Power Forward | 2020-2021 (FA: 2022),28,2,"$2,416,291","$1,208,146",
630,Maurice N'dour  Power Forward | 2015-2017 (FA: 2018)  Originally signed w/ DAL,23,3,"$2,414,476","$804,825",
631,Brandon Ashley  Power Forward | 2015-2017 (FA: 2018),21,3,"$2,414,475","$804,825",
632,Carmelo Anthony  Power Forward | 2018-2018 (FA: 2019)  Originally signed w/ HOU,34,1,"$2,393,887","$2,393,887",
632,Udonis Haslem  Power Forward | 2018-2018 (FA: 2019),38,1,"$2,393,887","$2,393,887",
632,Channing Frye  Power Forward | 2018-2018 (FA: 2019),35,1,"$2,393,887","$2,393,887",
632,Jeff Green  Power Forward | 2018-2018 (FA: 2019)  Originally signed w/ WAS,31,1,"$2,393,887","$2,393,887",
636,Quincy Acy  Power Forward | 2012-2014 (FA: 2015)  Originally signed w/ TOR,21,3,"$2,369,115","$789,705",
637,Luc Richard Mbah a Moute  Power Forward | 2008-2010 (FA: 2011)  Originally signed w/ MIL,21,3,"$2,347,809","$782,603",
638,Drew Gordon  Power Forward | 2014-2016 (FA: 2014)  Originally signed w/ PHI,24,3,"$2,332,836","$777,612",
639,Eric Griffin  Power Forward | 2014-2016 (FA: 2017)  Originally signed w/ DAL,24,3,"$2,332,826","$777,609",
639,Cameron Bairstow  Power Forward | 2014-2016 (FA: 2017)  Originally signed w/ CHI,23,3,"$2,332,826","$777,609",
639,Eric Moreland  Power Forward | 2014-2016 (FA: 2017)  Originally signed w/ SAC,22,3,"$2,332,826","$777,609",
639,Jack Cooley  Power Forward | 2014-2016 (FA: 2017)  Originally signed w/ UTA,23,3,"$2,332,826","$777,609",
643,Patrick Patterson  Power Forward | 2019-2019 (FA: 2020)  Originally signed w/ LAC,30,1,"$2,331,593","$2,331,593",
643,Markieff Morris  Power Forward | 2020-2020 (FA: 2021)  Originally signed w/ LAL,31,1,"$2,331,593","$2,331,593",
645,Nick Collison  Power Forward | 2017-2017 (FA: 2018),36,1,"$2,328,652","$2,328,652",
645,Jeff Green  Power Forward | 2017-2017 (FA: 2018)  Originally signed w/ CLE,30,1,"$2,328,652","$2,328,652",
645,Kris Humphries  Power Forward | 2017-2017 (FA: 2018),32,1,"$2,328,652","$2,328,652",
645,Udonis Haslem  Power Forward | 2017-2017 (FA: 2018),37,1,"$2,328,652","$2,328,652",
645,David West  Power Forward | 2017-2017 (FA: 2018),36,1,"$2,328,652","$2,328,652",
650,Craig Smith  Power Forward | 2010-2010 (FA: 2011)  Originally signed w/ LAC,-,1,"$2,300,000","$2,300,000",
650,Dante Cunningham  Power Forward | 2017-2017 (FA: 2018)  Originally signed w/ NOP,30,1,"$2,300,000","$2,300,000",
652,Juancho Hernangomez  Power Forward | 2022-2022 (FA: 2023),26,1,"$2,298,385","$2,298,385",
653,Jeremy Tyler  Power Forward | 2011-2013 (FA: 2014)  Originally signed w/ GSW,20,3,"$2,296,488","$765,496",
654,Tony Mitchell  Power Forward | 2013-2015 (FA: 2016)  Originally signed w/ DET,21,3,"$2,263,758","$754,586",
655,Kenrich Williams  Power Forward | 2018-2019 (FA: 2020)  Originally signed w/ NOP,23,2,"$2,255,316","$1,127,658",
655,Alize Johnson  Power Forward | 2018-2019 (FA: 2020)  Originally signed w/ IND,22,2,"$2,255,316","$1,127,658",
657,Robert Covington  Power Forward | 2013-2015 (FA: 2016)  Originally signed w/ HOU,22,3,"$2,253,938","$751,313",
657,Brandon Davies  Power Forward | 2013-2015 (FA: 2017)  Originally signed w/ PHI,22,3,"$2,253,938","$751,313",
657,Rodney Williams  Power Forward | 2013-2015 (FA: 2013),21,3,"$2,253,938","$751,313",
657,Mac Koshwal  Power Forward | 2013-2015 (FA: 2013),25,3,"$2,253,938","$751,313",
661,Joe Smith  Power Forward | 2000-2000 (FA: 2001)  Originally signed w/ DET,-,1,"$2,250,000","$2,250,000",
662,Jabari Parker  Power Forward | 2021-2021 (FA: 2022),26,1,"$2,239,544","$2,239,544",
663,Quincy Acy  Power Forward | 2016-2016 (FA: 2018)  Originally signed w/ DAL,25,2,"$2,229,953","$1,114,977",
664,Solomon Jones  Power Forward | 2006-2008 (FA: 2009)  Originally signed w/ ATL,21,3,"$2,201,581","$733,860",
665,Cameron Oliver  Power Forward | 2017-2018 (FA: 2019)  Originally signed w/ HOU,20,2,"$2,193,857","$1,096,929",
665,Maxi Kleber  Power Forward | 2017-2018 (FA: 2019),25,2,"$2,193,857","$1,096,929",
667,Jason Caffey  Power Forward | 1995-1997 (FA: 1998)  Originally signed w/ CHI,21,3,"$2,177,920","$725,973",
668,Kevin Jones  Power Forward | 2012-2012 (FA: 2012)  Originally signed w/ CLE,23,3,"$2,177,719","$725,906",
669,Jonas Jerebko  Power Forward | 2018-2018 (FA: 2019),31,1,"$2,176,260","$2,176,260",
670,Bol Bol  Power Forward | 2023-2023 (FA: 2024),23,1,"$2,165,000","$2,165,000",
670,Darius Bazley  Power Forward | 2023-2023 (FA: 2024),23,1,"$2,165,000","$2,165,000",
670,Skal Labissiere  Power Forward | 2023-2023 (FA: 2024),27,1,"$2,165,000","$2,165,000",
673,Trey Thompkins  Power Forward | 2011-2013 (FA: 2014),21,3,"$2,120,092","$706,697",
674,Luc Richard Mbah a Moute  Power Forward | 2017-2017 (FA: 2018),30,1,"$2,116,955","$2,116,955",
674,Marreese Speights  Power Forward | 2017-2017 (FA: 2018),29,1,"$2,116,955","$2,116,955",
676,Paul Millsap  Power Forward | 2006-2008 (FA: 2009)  Originally signed w/ UTA,20,3,"$2,110,037","$703,346",
677,Jeff Ayres  Power Forward | 2009-2011 (FA: 2010)  Originally signed w/ POR,22,3,"$2,104,076","$701,359",
678,Anthony Bennett  Power Forward | 2016-2016 (FA: 2017)  Originally signed w/ BKN,23,2,"$2,103,441","$1,051,721",
679,Elton Brand  Power Forward | 2012-2012 (FA: 2013)  Originally signed w/ DAL,32,1,"$2,100,500","$2,100,500",
680,Nemanja Bjelica  Power Forward | 2021-2021 (FA: 2022),33,1,"$2,089,448","$2,089,448",
681,David Lee  Power Forward | 2015-2015 (FA: 2016)  Originally signed w/ DAL,32,1,"$2,085,671","$2,085,671",
682,Jarvis Varnado  Power Forward | 2013-2015 (FA: 2014),26,3,"$2,068,287","$689,429",
683,Ryan Kelly  Power Forward | 2016-2017 (FA: 2018)  Originally signed w/ ATL,25,2,"$2,067,593","$1,033,797",
684,Tyler Cavanaugh  Power Forward | 2017-2018 (FA: 2019)  Originally signed w/ ATL,23,2,"$2,058,161","$1,029,081",
685,Chris Boucher  Power Forward | 2018-2019 (FA: 2020),26,2,"$2,045,649","$1,022,825",
686,Thomas Robinson  Power Forward | 2015-2016 (FA: 2017)  Originally signed w/ BKN,24,2,"$2,032,309","$1,016,155",
686,Quincy Acy  Power Forward | 2015-2016 (FA: 2017)  Originally signed w/ SAC,24,2,"$2,032,309","$1,016,155",
688,Jarnell Stokes  Power Forward | 2016-2017 (FA: 2018)  Originally signed w/ DEN,22,2,"$2,031,676","$1,015,838",
689,Noah Vonleh  Power Forward | 2020-2020 (FA: 2021)  Originally signed w/ CHI,25,1,"$2,028,594","$2,028,594",
690,Greg Brown III  Power Forward | 2023-2023 (FA: 2024),21,1,"$2,019,706","$2,019,706",
690,Trendon Watford  Power Forward | 2023-2023 (FA: 2024),22,1,"$2,019,706","$2,019,706",
692,James Johnson  Power Forward | 2013-2014 (FA: 2013)  Originally signed w/ ATL,26,2,"$2,011,291","$1,005,646",
692,Austin Daye  Power Forward | 2013-2014 (FA: 2015)  Originally signed w/ TOR,25,2,"$2,011,291","$1,005,646",
692,B.J. Mullens  Power Forward | 2013-2013 (FA: 2014)  Originally signed w/ LAC,24,2,"$2,011,291","$1,005,646",
695,Noah Vonleh  Power Forward | 2019-2019 (FA: 2020)  Originally signed w/ MIN,23,1,"$2,000,000","$2,000,000",
695,Elton Brand  Power Forward | 2014-2014 (FA: 2015)  Originally signed w/ ATL,35,1,"$2,000,000","$2,000,000",
697,Alize Johnson  Power Forward | 2022-2022 (FA: 2023),26,1,"$1,968,175","$1,968,175",
698,Joey Dorsey  Power Forward | 2014-2015 (FA: 2016)  Originally signed w/ HOU,30,2,"$1,963,584","$981,792",
699,JaMychal Green  Power Forward | 2014-2016 (FA: 2017)  Originally signed w/ MEM,23,3,"$1,959,785","$653,262",
700,Brandan Wright  Power Forward | 2011-2012 (FA: 2013)  Originally signed w/ DAL,24,2,"$1,908,532","$954,266",
701,Norvel Pelle  Power Forward | 2022-2022 (FA: 2023),29,1,"$1,902,133","$1,902,133",
701,Tyler Cook  Power Forward | 2022-2022 (FA: 2023),25,1,"$1,902,133","$1,902,133",
701,Norvel Pelle  Power Forward | 2022-2022 (FA: 2023)  Originally signed w/ POR,29,1,"$1,902,133","$1,902,133",
704,Ivan Johnson  Power Forward | 2014-2015 (FA: 2016),30,2,"$1,896,591","$948,296",
705,LaVoy Allen  Power Forward | 2018-2018 (FA: 2019),29,1,"$1,893,447","$1,893,447",
706,Jack Cooley  Power Forward | 2014-2016 (FA: 2017)  Originally signed w/ UTA,23,3,"$1,888,161","$629,387",
707,Okaro White  Power Forward | 2022-2022 (FA: 2023),30,1,"$1,836,090","$1,836,090",
707,Kostas Antetokounmpo  Power Forward | 2022-2022 (FA: 2023),24,1,"$1,836,090","$1,836,090",
707,Luka Samanic  Power Forward | 2022-2022 (FA: 2023)  Originally signed w/ BOS,22,1,"$1,836,090","$1,836,090",
707,Jontay Porter  Power Forward | 2022-2022 (FA: 2023),22,1,"$1,836,090","$1,836,090",
707,Malik Fitts  Power Forward | 2022-2022 (FA: 2023),25,1,"$1,836,090","$1,836,090",
707,Mamadi Diakite  Power Forward | 2022-2022 (FA: 2023),25,1,"$1,836,090","$1,836,090",
713,Jeremy Tyler  Power Forward | 2013-2014 (FA: 2013)  Originally signed w/ NYK,22,2,"$1,832,456","$916,228",
713,Josh Harrellson  Power Forward | 2013-2014 (FA: 2015)  Originally signed w/ DET,24,2,"$1,832,456","$916,228",
715,Shayne Whittington  Power Forward | 2015-2016 (FA: 2017),23,2,"$1,825,490","$912,745",
716,Josh Powell  Power Forward | 2008-2009 (FA: 2010)  Originally signed w/ LAL,24,2,"$1,823,111","$911,556",
717,Sean Williams  Power Forward | 2011-2012 (FA: 2013)  Originally signed w/ DAL,24,2,"$1,800,972","$900,486",
718,Yakhouba Diawara  Power Forward | 0-0 (FA: 2010)  Originally signed w/ MIA,-1983,2,"$1,800,000","$900,000",
719,DJ Wilson  Power Forward | 2021-2021 (FA: 2022)  Originally signed w/ OKC,25,1,"$1,789,256","$1,789,256",
719,Johnny O'Bryant  Power Forward | 2021-2021 (FA: 2022),28,1,"$1,789,256","$1,789,256",
719,Tarik Black  Power Forward | 2021-2021 (FA: 2022),29,1,"$1,789,256","$1,789,256",
719,Semi Ojeleye  Power Forward | 2021-2021 (FA: 2022)  Originally signed w/ MIL,26,1,"$1,789,256","$1,789,256",
723,Leon Powe  Power Forward | 0-2010 (FA: 2011),-1,2,"$1,771,041","$885,521",
724,Thomas Robinson  Power Forward | 2018-2018 (FA: 2019),27,1,"$1,757,429","$1,757,429",
725,DaJuan Summers  Power Forward | 2011-2011 (FA: 2011)  Originally signed w/ NOH,23,2,"$1,739,509","$869,755",
726,Skal Labissiere  Power Forward | 2020-2020 (FA: 2021)  Originally signed w/ NYK,24,1,"$1,737,145","$1,737,145",
726,Anthony Bennett  Power Forward | 2019-2019 (FA: 2020),26,1,"$1,737,145","$1,737,145",
726,Eric Moreland  Power Forward | 2019-2019 (FA: 2020),27,1,"$1,737,145","$1,737,145",
726,Jarell Martin  Power Forward | 2019-2019 (FA: 2020),25,1,"$1,737,145","$1,737,145",
730,Wenyen Gabriel  Power Forward | 2021-2021 (FA: 2022)  Originally signed w/ MIL,24,1,"$1,729,217","$1,729,217",
731,Josh McRoberts  Power Forward | 2009-2010 (FA: 2011)  Originally signed w/ IND,22,2,"$1,710,617","$855,309",
732,Mike Scott  Power Forward | 2017-2017 (FA: 2018)  Originally signed w/ WAS,28,1,"$1,709,538","$1,709,538",
733,Brian Scalabrine  Power Forward | 2003-2004 (FA: 2005)  Originally signed w/ NJN,24,2,"$1,700,000","$850,000",
734,Johnny O'Bryant  Power Forward | 2016-2017 (FA: 2018)  Originally signed w/ CHA,23,2,"$1,685,788","$842,894",
735,Johnathan Motley  Power Forward | 2020-2020 (FA: 2021),25,1,"$1,678,854","$1,678,854",
735,Cheick Diallo  Power Forward | 2019-2019 (FA: 2020)  Originally signed w/ PHX,22,1,"$1,678,854","$1,678,854",
737,Renaldo Balkman  Power Forward | 2010-2012 (FA: 2013)  Originally signed w/ DEN,25,1,"$1,675,000","$1,675,000",
738,Tyler Cook  Power Forward | 2021-2021 (FA: 2022)  Originally signed w/ CHI,23,1,"$1,669,178","$1,669,178",
738,Mfiondu Kabengele  Power Forward | 2021-2021 (FA: 2022)  Originally signed w/ HOU,24,1,"$1,669,178","$1,669,178",
738,Jarrell Brantley  Power Forward | 2021-2021 (FA: 2022),0,1,"$1,669,178","$1,669,178",
741,Louis Amundson  Power Forward | 2008-2009 (FA: 2010)  Originally signed w/ PHX,25,2,"$1,652,770","$826,385",
742,Malcolm Thomas  Power Forward | 2013-2014 (FA: 2014)  Originally signed w/ SAS,25,2,"$1,650,396","$825,198",
743,P.J. Tucker  Power Forward | 2012-2013 (FA: 2014)  Originally signed w/ PHX,27,2,"$1,646,488","$823,244",
744,Justin Tillman  Power Forward | 2022-2022 (FA: 2023),26,1,"$1,637,966","$1,637,966",
745,Louis Amundson  Power Forward | 2015-2015 (FA: 2016),32,1,"$1,635,476","$1,635,476",
746,Noah Vonleh  Power Forward | 2018-2018 (FA: 2019)  Originally signed w/ NYK,22,1,"$1,621,415","$1,621,415",
747,Amile Jefferson  Power Forward | 2020-2020 (FA: 2021),27,1,"$1,620,564","$1,620,564",
747,Alize Johnson  Power Forward | 2020-2020 (FA: 2021)  Originally signed w/ TOR,24,1,"$1,620,564","$1,620,564",
749,Clifford Robinson  Power Forward | 2006-2006 (FA: 2007),-,2,"$1,600,000","$800,000",
749,Chris Andersen  Power Forward | 2004-2004 (FA: 2005)  Originally signed w/ NOH,25,1,"$1,600,000","$1,600,000",
751,Brandon Bass  Power Forward | 2007-2008 (FA: 2009)  Originally signed w/ DAL,22,2,"$1,596,879","$798,440",
752,Okaro White  Power Forward | 2017-2018 (FA: 2019)  Originally signed w/ CLE,25,2,"$1,582,030","$791,015",
753,Reggie Evans  Power Forward | 2003-2004 (FA: 2005)  Originally signed w/ SEA,23,2,"$1,580,000","$790,000",
754,Anthony Bennett  Power Forward | 2017-2017 (FA: 2018)  Originally signed w/ PHX,24,1,"$1,577,230","$1,577,230",
755,Eric Moreland  Power Forward | 2018-2018 (FA: 2019)  Originally signed w/ TOR,26,1,"$1,567,007","$1,567,007",
755,Chris McCullough  Power Forward | 2018-2018 (FA: 2019),23,1,"$1,567,007","$1,567,007",
757,Glen Davis  Power Forward | 2013-2013 (FA: 2014),28,2,"$1,566,579","$783,290",
758,Anderson Varejao  Power Forward | 2016-2016 (FA: 2017)  Originally signed w/ GSW,33,1,"$1,551,659","$1,551,659",
758,Brandon Bass  Power Forward | 2016-2016 (FA: 2017),31,1,"$1,551,659","$1,551,659",
758,Elton Brand  Power Forward | 2016-2016 (FA: 2017),37,1,"$1,551,659","$1,551,659",
758,David West  Power Forward | 2016-2016 (FA: 2017),35,1,"$1,551,659","$1,551,659",
758,Louis Amundson  Power Forward | 2016-2016 (FA: 2017),33,1,"$1,551,659","$1,551,659",
758,Chris Andersen  Power Forward | 2016-2016 (FA: 2017)  Originally signed w/ CLE,38,1,"$1,551,659","$1,551,659",
764,Anthony Tolliver  Power Forward | 2008-2008 (FA: 2008)  Originally signed w/ SAS,23,2,"$1,537,014","$768,507",
765,Shavlik Randolph  Power Forward | 2013-2014 (FA: 2015)  Originally signed w/ PHX,30,2,"$1,534,022","$767,011",
766,Okaro White  Power Forward | 2016-2017 (FA: 2018)  Originally signed w/ MIA,24,2,"$1,523,606","$761,803",
767,Jarnell Stokes  Power Forward | 2018-2018 (FA: 2019)  Originally signed w/ MIA,24,1,"$1,512,601","$1,512,601",
767,Cory Jefferson  Power Forward | 2018-2018 (FA: 2019),27,1,"$1,512,601","$1,512,601",
767,Okaro White  Power Forward | 2018-2018 (FA: 2019)  Originally signed w/ SAS,26,1,"$1,512,601","$1,512,601",
770,Ryan Kelly  Power Forward | 2013-2013 (FA: 2014)  Originally signed w/ LAL,22,2,"$1,506,662","$753,331",
771,Jeremy Tyler  Power Forward | 2013-2014 (FA: 2014)  Originally signed w/ NYK,22,2,"$1,504,747","$752,374",
772,Dickey Simpkins  Power Forward | 1999-1999 (FA: 2000)  Originally signed w/ CHI,26,1,"$1,500,000","$1,500,000",
772,Karl Malone  Power Forward | 2003-2003 (FA: 2014),39,1,"$1,500,000","$1,500,000",
774,Chuck Hayes  Power Forward | 2015-2015 (FA: 2016)  Originally signed w/ LAC,32,1,"$1,499,187","$1,499,187",
774,Charlie Villanueva  Power Forward | 2015-2015 (FA: 2016),30,1,"$1,499,187","$1,499,187",
774,Amar'e Stoudemire  Power Forward | 2015-2015 (FA: 2016)  Originally signed w/ MIA,32,1,"$1,499,187","$1,499,187",
777,Malik Fitts  Power Forward | 2021-2021 (FA: 2022)  Originally signed w/ UTA,24,1,"$1,489,065","$1,489,065",
777,Cameron Oliver  Power Forward | 2021-2021 (FA: 2022)  Originally signed w/ LAL,25,1,"$1,489,065","$1,489,065",
779,Tony Mitchell  Power Forward | 2017-2017 (FA: 2018),25,1,"$1,471,382","$1,471,382",
779,Jordan Mickey  Power Forward | 2017-2017 (FA: 2019),23,1,"$1,471,382","$1,471,382",
781,Lamar Odom  Power Forward | 2013-2013 (FA: 2014),34,2,"$1,456,722","$728,361",
782,Davis Bertans  Power Forward | 2016-2017 (FA: 2018)  Originally signed w/ SAS,23,2,"$1,448,720","$724,360",
782,Maurice N'dour  Power Forward | 2016-2017 (FA: 2018),24,2,"$1,448,720","$724,360",
782,Kyle Wiltjer  Power Forward | 2016-2017 (FA: 2018)  Originally signed w/ HOU,23,2,"$1,448,720","$724,360",
782,Shawn Long  Power Forward | 2016-2017 (FA: 2018)  Originally signed w/ PHI,23,2,"$1,448,720","$724,360",
782,Okaro White  Power Forward | 2016-2017 (FA: 2018)  Originally signed w/ MIA,23,2,"$1,448,720","$724,360",
782,Zach Auguste  Power Forward | 2016-2017 (FA: 2018),23,2,"$1,448,720","$724,360",
788,Drew Gooden  Power Forward | 2014-2014 (FA: 2015),32,1,"$1,448,490","$1,448,490",
789,Chuck Hayes  Power Forward | 2015-2015 (FA: 2016),32,1,"$1,446,275","$1,446,275",
790,Marcus Derrickson  Power Forward | 2019-2019 (FA: 2020),23,1,"$1,445,697","$1,445,697",
790,Donte Grantham  Power Forward | 2019-2019 (FA: 2020),24,1,"$1,445,697","$1,445,697",
790,Norvel Pelle  Power Forward | 2020-2020 (FA: 2021)  Originally signed w/ CLE,27,1,"$1,445,697","$1,445,697",
790,Tyler Cook  Power Forward | 2020-2020 (FA: 2021)  Originally signed w/ MIN,23,1,"$1,445,697","$1,445,697",
790,Wenyen Gabriel  Power Forward | 2019-2019 (FA: 2020)  Originally signed w/ SAC,21,1,"$1,445,697","$1,445,697",
790,Ray Spalding  Power Forward | 2019-2019 (FA: 2020)  Originally signed w/ ATL,22,1,"$1,445,697","$1,445,697",
790,Yante Maten  Power Forward | 2019-2019 (FA: 2020),23,1,"$1,445,697","$1,445,697",
797,Nigel Hayes  Power Forward | 2017-2018 (FA: 2019),23,2,"$1,433,538","$716,769",
798,Brian Cardinal  Power Forward | 2011-2011 (FA: 2012),0,1,"$1,400,000","$1,400,000",
799,Cristiano Felicio  Power Forward | 2015-2016 (FA: 2017),23,2,"$1,399,729","$699,865",
799,Duje Dukan  Power Forward | 2015-2016 (FA: 2017),23,2,"$1,399,729","$699,865",
799,Cliff Alexander  Power Forward | 2015-2016 (FA: 2017)  Originally signed w/ POR,19,2,"$1,399,729","$699,865",
799,Jonathan Holmes  Power Forward | 2015-2016 (FA: 2017)  Originally signed w/ LAL,22,2,"$1,399,729","$699,865",
803,Kenyon Martin  Power Forward | 2013-2013 (FA: 2014)  Originally signed w/ NYK,35,1,"$1,399,507","$1,399,507",
803,Al Harrington  Power Forward | 2013-2013 (FA: 2014),33,1,"$1,399,507","$1,399,507",
803,Antawn Jamison  Power Forward | 2013-2013 (FA: 2014)  Originally signed w/ LAC,37,1,"$1,399,507","$1,399,507",
806,Earl Barron  Power Forward | 2015-2015 (FA: 2016),34,1,"$1,362,897","$1,362,897",
807,Louis Amundson  Power Forward | 2013-2013 (FA: 2014)  Originally signed w/ CHI,31,2,"$1,359,140","$679,570",
808,Josh Powell  Power Forward | 2015-2015 (FA: 2016),32,1,"$1,356,146","$1,356,146",
809,Josh Davis  Power Forward | 2014-2015 (FA: 2014),0,2,"$1,352,395","$676,198",
809,JaMychal Green  Power Forward | 2014-2015 (FA: 2016)  Originally signed w/ SAS,24,2,"$1,352,395","$676,198",
809,Cory Jefferson  Power Forward | 2014-2015 (FA: 2016)  Originally signed w/ BKN,23,2,"$1,352,395","$676,198",
809,Patric Young  Power Forward | 2014-2015 (FA: 2016),22,2,"$1,352,395","$676,198",
809,Jerrelle Benimon  Power Forward | 2014-2015 (FA: 2014)  Originally signed w/ DEN,23,2,"$1,352,395","$676,198",
809,Tarik Black  Power Forward | 2014-2015 (FA: 2016)  Originally signed w/ HOU,22,2,"$1,352,395","$676,198",
809,Akil Mitchell  Power Forward | 2014-2015 (FA: 2014)  Originally signed w/ HOU,21,2,"$1,352,395","$676,198",
816,Brian Scalabrine  Power Forward | 2011-2011 (FA: 2012),32,1,"$1,352,181","$1,352,181",
816,Joe Smith  Power Forward | 2010-2010 (FA: 2011)  Originally signed w/ NJN,-,1,"$1,352,181","$1,352,181",
816,Juwan Howard  Power Forward | 2010-2010 (FA: 2011),36,1,"$1,352,181","$1,352,181",
816,Juwan Howard  Power Forward | 2011-2011 (FA: 2012),37,1,"$1,352,181","$1,352,181",
816,Troy Murphy  Power Forward | 2011-2011 (FA: 2012)  Originally signed w/ LAL,32,1,"$1,352,181","$1,352,181",
816,Brian Cardinal  Power Forward | 2010-2010 (FA: 2011),-,1,"$1,352,181","$1,352,181",
816,Tony Battie  Power Forward | 2010-2010 (FA: 2011),0,1,"$1,352,181","$1,352,181",
816,Tony Battie  Power Forward | 2011-2011 (FA: 2012),0,1,"$1,352,181","$1,352,181",
816,Kurt Thomas  Power Forward | 2010-2010 (FA: 2011)  Originally signed w/ CHI,37,1,"$1,352,181","$1,352,181",
816,Chris Wilcox  Power Forward | 2012-2012 (FA: 2013),29,1,"$1,352,181","$1,352,181",
816,Antawn Jamison  Power Forward | 2012-2012 (FA: 2013)  Originally signed w/ LAL,36,1,"$1,352,181","$1,352,181",
816,Tim Thomas  Power Forward | 0-2010 (FA: 2011),-1,1,"$1,352,181","$1,352,181",
828,Ben Moore  Power Forward | 2018-2018 (FA: 2019)  Originally signed w/ IND,23,1,"$1,349,383","$1,349,383",
829,Troy Murphy  Power Forward | 2012-2012 (FA: 2013),31,1,"$1,336,273","$1,336,273",
830,Josh Powell  Power Forward | 2013-2014 (FA: 2014)  Originally signed w/ HOU,31,2,"$1,324,244","$662,122",
831,Jason Maxiell  Power Forward | 2014-2014 (FA: 2015)  Originally signed w/ CHA,31,1,"$1,316,809","$1,316,809",
831,Charlie Villanueva  Power Forward | 2014-2014 (FA: 2015),30,1,"$1,316,809","$1,316,809",
831,Brian Cook  Power Forward | 2014-2014 (FA: 2015),33,1,"$1,316,809","$1,316,809",
834,Cliff Alexander  Power Forward | 2017-2017 (FA: 2018),21,1,"$1,312,611","$1,312,611",
834,Georges Niang  Power Forward | 2017-2017 (FA: 2018)  Originally signed w/ GSW,24,1,"$1,312,611","$1,312,611",
834,Kyle Wiltjer  Power Forward | 2017-2017 (FA: 2018),24,1,"$1,312,611","$1,312,611",
834,Marshall Plumlee  Power Forward | 2017-2017 (FA: 2019)  Originally signed w/ LAC,25,1,"$1,312,611","$1,312,611",
838,Solomon Jones  Power Forward | 2014-2014 (FA: 2015),29,1,"$1,310,286","$1,310,286",
838,Louis Amundson  Power Forward | 2014-2014 (FA: 2015)  Originally signed w/ CLE,31,1,"$1,310,286","$1,310,286",
838,Earl Barron  Power Forward | 2014-2014 (FA: 2014)  Originally signed w/ PHX,33,1,"$1,310,286","$1,310,286",
841,Erik Murphy  Power Forward | 2013-2014 (FA: 2014)  Originally signed w/ CHI,22,2,"$1,306,662","$653,331",
841,Richard Howell  Power Forward | 2013-2014 (FA: 2013),22,2,"$1,306,662","$653,331",
841,Arinze Onuaku  Power Forward | 2013-2013 (FA: 2013)  Originally signed w/ NOP,26,2,"$1,306,662","$653,331",
841,Kenny Kadji  Power Forward | 2013-2014 (FA: 2013),25,2,"$1,306,662","$653,331",
845,Joe Smith  Power Forward | 2009-2009 (FA: 2010)  Originally signed w/ ATL,-,1,"$1,306,455","$1,306,455",
845,Juwan Howard  Power Forward | 2009-2009 (FA: 2010)  Originally signed w/ POR,36,1,"$1,306,455","$1,306,455",
845,Brian Skinner  Power Forward | 0-0 (FA: 2010),-1,1,"$1,306,455","$1,306,455",
848,Brian Cook  Power Forward | 2013-2013 (FA: 2013)  Originally signed w/ UTA,32,1,"$1,272,279","$1,272,279",
849,Luc Richard Mbah a Moute  Power Forward | 2015-2015 (FA: 2016)  Originally signed w/ LAC,29,1,"$1,270,964","$1,270,964",
850,Shavlik Randolph  Power Forward | 2012-2013 (FA: 2013)  Originally signed w/ BOS,29,2,"$1,270,442","$635,221",
851,Chris Johnson  Power Forward | 2012-2013 (FA: 2013)  Originally signed w/ MIN,27,2,"$1,262,880","$631,440",
852,Mike Scott  Power Forward | 2012-2013 (FA: 2014)  Originally signed w/ ATL,24,2,"$1,262,476","$631,238",
853,Mikki Moore  Power Forward | 2008-2009 (FA: 2009)  Originally signed w/ BOS,-,1,"$1,262,275","$1,262,275",
854,Austin Daye  Power Forward | 2014-2014 (FA: 2015)  Originally signed w/ ATL,25,2,"$1,248,336","$624,168",
855,Jon Leuer  Power Forward | 2011-2012 (FA: 2013),22,2,"$1,235,799","$617,900",
856,Brian Scalabrine  Power Forward | 2010-2010 (FA: 2011),31,1,"$1,229,255","$1,229,255",
856,Darko Milicic  Power Forward | 2012-2012 (FA: 2013),27,1,"$1,229,255","$1,229,255",
856,Jared Jeffries  Power Forward | 2011-2011 (FA: 2012)  Originally signed w/ NYK,30,1,"$1,229,255","$1,229,255",
856,Brian Cook  Power Forward | 2012-2012 (FA: 2012)  Originally signed w/ WAS,31,1,"$1,229,255","$1,229,255",
856,Reggie Evans  Power Forward | 2011-2011 (FA: 2012)  Originally signed w/ LAC,31,1,"$1,229,255","$1,229,255",
861,Glen Davis  Power Forward | 2014-2014 (FA: 2015),28,1,"$1,227,985","$1,227,985",
862,Luke Harangody  Power Forward | 2010-2011 (FA: 2012)  Originally signed w/ BOS,21,2,"$1,226,476","$613,238",
863,Jonas Jerebko  Power Forward | 2009-2010 (FA: 2011)  Originally signed w/ DET,22,2,"$1,219,783","$609,892",
863,DaJuan Summers  Power Forward | 2009-2010 (FA: 2011)  Originally signed w/ DET,20,2,"$1,219,783","$609,892",
863,Dante Cunningham  Power Forward | 2009-2010 (FA: 2011)  Originally signed w/ POR,22,2,"$1,219,783","$609,892",
866,Solomon Jones  Power Forward | 2012-2013 (FA: 2014)  Originally signed w/ NYK,28,2,"$1,217,915","$608,958",
867,Okaro White  Power Forward | 2018-2018 (FA: 2019)  Originally signed w/ WAS,26,1,"$1,187,862","$1,187,862",
868,Solomon Jones  Power Forward | 2013-2013 (FA: 2013)  Originally signed w/ ORL,29,1,"$1,186,459","$1,186,459",
868,Ike Diogu  Power Forward | 2013-2013 (FA: 2013),30,1,"$1,186,459","$1,186,459",
868,Josh Powell  Power Forward | 2013-2013 (FA: 2013)  Originally signed w/ NYK,30,1,"$1,186,459","$1,186,459",
868,Louis Amundson  Power Forward | 2013-2013 (FA: 2013)  Originally signed w/ LAC,30,1,"$1,186,459","$1,186,459",
872,Austin Daye  Power Forward | 2015-2015 (FA: 2016),27,1,"$1,185,784","$1,185,784",
872,Tyler Hansbrough  Power Forward | 2015-2015 (FA: 2016),29,1,"$1,185,784","$1,185,784",
874,D.J. White  Power Forward | 2012-2013 (FA: 2013)  Originally signed w/ BOS,26,2,"$1,183,658","$591,829",
875,Kevin Jones  Power Forward | 2012-2013 (FA: 2013)  Originally signed w/ CLE,23,2,"$1,178,899","$589,450",
876,Nathan Jawai  Power Forward | 0-0 (FA: 2010),-1,2,"$1,178,537","$589,269",
877,Darnell Jackson  Power Forward | 2009-2010 (FA: 2011)  Originally signed w/ SAC,23,2,"$1,178,534","$589,267",
878,Sun Yue  Power Forward | 0-2009 (FA: 2010),-1,2,"$1,176,534","$588,267",
879,Ike Diogu  Power Forward | 2012-2012 (FA: 2012)  Originally signed w/ PHX,29,1,"$1,146,337","$1,146,337",
880,Earl Barron  Power Forward | 2005-2006 (FA: 2007)  Originally signed w/ MIA,23,2,"$1,143,313","$571,657",
881,Glen Davis  Power Forward | 2007-2008 (FA: 2009)  Originally signed w/ BOS,20,2,"$1,138,680","$569,340",
881,Josh McRoberts  Power Forward | 2007-2008 (FA: 2009)  Originally signed w/ POR,20,2,"$1,138,680","$569,340",
881,Jamorio Moon  Power Forward | 2007-2008 (FA: 2009)  Originally signed w/ TOR,26,2,"$1,138,680","$569,340",
884,Pete Nance  Power Forward | 2023-2023 (FA: 2024),23,1,"$1,119,563","$1,119,563",
884,Taylor Funk  Power Forward | 2023-2023 (FA: 2024),25,1,"$1,119,563","$1,119,563",
884,George Conditt IV  Power Forward | 2023-2023 (FA: 2024),23,1,"$1,119,563","$1,119,563",
887,Earl Barron  Power Forward | 2010-2011 (FA: 2011)  Originally signed w/ POR,28,1,"$1,118,620","$1,118,620",
888,Renaldo Balkman  Power Forward | 2013-2013 (FA: 2013),29,1,"$1,106,942","$1,106,942",
889,Craig Smith  Power Forward | 2006-2007 (FA: 2008)  Originally signed w/ MIN,-,2,"$1,100,174","$550,087",
890,Josh Powell  Power Forward | 2010-2010 (FA: 2011)  Originally signed w/ ATL,26,1,"$1,100,000","$1,100,000",
890,Reggie Evans  Power Forward | 2005-2005 (FA: 2006)  Originally signed w/ SEA,25,1,"$1,100,000","$1,100,000",
892,Louis Amundson  Power Forward | 2013-2013 (FA: 2013)  Originally signed w/ NOP,30,1,"$1,081,771","$1,081,771",
893,Eric Moreland  Power Forward | 2018-2018 (FA: 2019)  Originally signed w/ PHX,26,1,"$1,080,084","$1,080,084",
894,Horace Grant  Power Forward | 2003-2003 (FA: 2004),37,1,"$1,070,000","$1,070,000",
895,Jamorio Moon  Power Forward | 2011-2012 (FA: 2012),30,2,"$1,069,962","$534,981",
896,Solomon Jones  Power Forward | 2012-2012 (FA: 2012)  Originally signed w/ NOH,28,1,"$1,069,509","$1,069,509",
896,Josh Powell  Power Forward | 2012-2012 (FA: 2012)  Originally signed w/ SAS,29,1,"$1,069,509","$1,069,509",
896,Louis Amundson  Power Forward | 2012-2012 (FA: 2013)  Originally signed w/ MIN,29,1,"$1,069,509","$1,069,509",
896,Ronald Dupree  Power Forward | 2012-2012 (FA: 2012),0,1,"$1,069,509","$1,069,509",
896,Earl Barron  Power Forward | 2012-2012 (FA: 2013)  Originally signed w/ WAS,31,1,"$1,069,509","$1,069,509",
901,Brandon Bass  Power Forward | 2005-2006 (FA: 2007)  Originally signed w/ NOH,20,2,"$1,062,971","$531,486",
901,Ersan Ilyasova  Power Forward | 2005-2006 (FA: 2007)  Originally signed w/ MIL,18,2,"$1,062,971","$531,486",
903,Brian Cardinal  Power Forward | 2001-2002 (FA: 2003)  Originally signed w/ DET,-,2,"$1,053,285","$526,643",
904,Thomas Robinson  Power Forward | 2016-2016 (FA: 2017)  Originally signed w/ LAL,25,1,"$1,050,961","$1,050,961",
904,Terrence Jones  Power Forward | 2016-2016 (FA: 2017)  Originally signed w/ NOP,24,1,"$1,050,961","$1,050,961",
906,JaJuan Johnson  Power Forward | 2011-2014 (FA: 2015)  Originally signed w/ BOS,21,1,"$1,042,320","$1,042,320",
907,Rodney Carney  Power Forward | 2013-2013 (FA: 2013),29,1,"$1,027,424","$1,027,424",
907,Cartier Martin  Power Forward | 2013-2013 (FA: 2013)  Originally signed w/ ATL,28,1,"$1,027,424","$1,027,424",
907,D.J. White  Power Forward | 2013-2013 (FA: 2013)  Originally signed w/ CHI,27,1,"$1,027,424","$1,027,424",
907,Anthony Tolliver  Power Forward | 2013-2013 (FA: 2014)  Originally signed w/ CHA,28,1,"$1,027,424","$1,027,424",
911,Bennie Boatwright  Power Forward | 2022-2022 (FA: 2023),26,1,"$1,017,781","$1,017,781",
911,RaiQuan Gray  Power Forward | 2022-2022 (FA: 2023),23,1,"$1,017,781","$1,017,781",
911,RaiQuan Gray  Power Forward | 2022-2022 (FA: 2023),23,1,"$1,017,781","$1,017,781",
911,Matthew Hurt  Power Forward | 2022-2022 (FA: 2023),22,1,"$1,017,781","$1,017,781",
911,Michael Foster Jr.  Power Forward | 2022-2022 (FA: 2023),19,1,"$1,017,781","$1,017,781",
911,Sacha Killeya-Jones  Power Forward | 2022-2022 (FA: 2023),23,1,"$1,017,781","$1,017,781",
911,Marcus Bingham Jr.  Power Forward | 2022-2022 (FA: 2023),22,1,"$1,017,781","$1,017,781",
911,Grant Golden  Power Forward | 2022-2022 (FA: 2023),24,1,"$1,017,781","$1,017,781",
911,Grant Golden  Power Forward | 2022-2022 (FA: 2023),24,1,"$1,017,781","$1,017,781",
911,Reginald Kissoonlal  Power Forward | 2022-2022 (FA: 2023),26,1,"$1,017,781","$1,017,781",
911,Bryson Williams  Power Forward | 2022-2022 (FA: 2023),24,1,"$1,017,781","$1,017,781",
922,Ryan Kelly  Power Forward | 2016-2016 (FA: 2017)  Originally signed w/ ATL,25,1,"$1,015,696","$1,015,696",
922,Ryan Kelly  Power Forward | 2016-2016 (FA: 2017)  Originally signed w/ BOS,25,1,"$1,015,696","$1,015,696",
924,DaJuan Summers  Power Forward | 2012-2012 (FA: 2013)  Originally signed w/ LAC,25,2,"$1,015,593","$507,797",
925,Yakhouba Diawara  Power Forward | 2015-2015 (FA: 2016),33,1,"$1,015,421","$1,015,421",
925,DaJuan Summers  Power Forward | 2015-2015 (FA: 2016),27,1,"$1,015,421","$1,015,421",
927,Jarvis Varnado  Power Forward | 2012-2013 (FA: 2013)  Originally signed w/ MIA,24,2,"$1,006,173","$503,087",
928,Dennis Rodman  Power Forward | 1998-1998 (FA: 1998)  Originally signed w/ LAL,36,1,"$1,000,000","$1,000,000",
928,Clifford Robinson  Power Forward | 1997-1997 (FA: 1998)  Originally signed w/ PHX,-,1,"$1,000,000","$1,000,000",
928,Charles Barkley  Power Forward | 1998-1998 (FA: 1999),34,1,"$1,000,000","$1,000,000",
931,Chris Andersen  Power Forward | 2008-2008 (FA: 2009)  Originally signed w/ DEN,29,1,"$998,398","$998,398",
932,Solomon Jones  Power Forward | 2011-2011 (FA: 2011)  Originally signed w/ LAC,26,1,"$992,680","$992,680",
932,Ike Diogu  Power Forward | 2011-2011 (FA: 2012)  Originally signed w/ SAS,28,1,"$992,680","$992,680",
932,Craig Smith  Power Forward | 2011-2011 (FA: 2012)  Originally signed w/ LAC,0,1,"$992,680","$992,680",
932,Rodney Carney  Power Forward | 2012-2012 (FA: 2012)  Originally signed w/ MIA,28,1,"$992,680","$992,680",
932,Shavlik Randolph  Power Forward | 2012-2012 (FA: 2012)  Originally signed w/ WAS,28,1,"$992,680","$992,680",
937,Udonis Haslem  Power Forward | 2003-2004 (FA: 2005),23,2,"$986,977","$493,489",
938,Chris Johnson  Power Forward | 2015-2015 (FA: 2016),30,1,"$981,348","$981,348",
938,Jeremy Tyler  Power Forward | 2015-2015 (FA: 2016),23,1,"$981,348","$981,348",
938,Josh Harrellson  Power Forward | 2015-2015 (FA: 2016),26,1,"$981,348","$981,348",
941,Al-Farouq Aminu  Power Forward | 2014-2014 (FA: 2015)  Originally signed w/ DAL,23,1,"$981,084","$981,084",
942,Arinze Onuaku  Power Forward | 2016-2016 (FA: 2017),29,1,"$980,431","$980,431",
942,Johnny O'Bryant  Power Forward | 2016-2016 (FA: 2017)  Originally signed w/ WAS,23,1,"$980,431","$980,431",
942,Cory Jefferson  Power Forward | 2016-2016 (FA: 2017)  Originally signed w/ CLE,25,1,"$980,431","$980,431",
942,Eric Moreland  Power Forward | 2016-2016 (FA: 2017)  Originally signed w/ CLE,24,1,"$980,431","$980,431",
946,Juwan Howard  Power Forward | 2008-2008 (FA: 2009)  Originally signed w/ DEN,35,1,"$980,119","$980,119",
947,Earl Barron  Power Forward | 2007-2007 (FA: 2008)  Originally signed w/ MIA,25,1,"$973,328","$973,328",
948,Larry Owens  Power Forward | 2011-2011 (FA: 2011)  Originally signed w/ WAS,-,1,"$963,872","$963,872",
949,Ivan Johnson  Power Forward | 2012-2012 (FA: 2013)  Originally signed w/ ATL,28,1,"$962,195","$962,195",
950,Alan Williams  Power Forward | 2015-2016 (FA: 2017)  Originally signed w/ PHX,23,2,"$958,033","$479,017",
951,Sean Williams  Power Forward | 2011-2011 (FA: 2012)  Originally signed w/ BOS,24,2,"$956,069","$478,035",
952,Antonio McDyess  Power Forward | 2008-2008 (FA: 2009)  Originally signed w/ DET,34,1,"$950,419","$950,419",
953,Chris Johnson  Power Forward | 2014-2014 (FA: 2015)  Originally signed w/ MIA,29,1,"$948,163","$948,163",
953,Jeremy Tyler  Power Forward | 2014-2014 (FA: 2015)  Originally signed w/ LAL,23,1,"$948,163","$948,163",
953,LaVoy Allen  Power Forward | 2014-2014 (FA: 2015)  Originally signed w/ IND,25,1,"$948,163","$948,163",
956,Anthony Bennett  Power Forward | 2015-2015 (FA: 2016)  Originally signed w/ TOR,22,1,"$947,276","$947,276",
956,Tony Mitchell  Power Forward | 2015-2015 (FA: 2016)  Originally signed w/ GSW,23,1,"$947,276","$947,276",
958,Malcolm Thomas  Power Forward | 2012-2013 (FA: 2013)  Originally signed w/ CHI,24,2,"$929,128","$464,564",
959,Juwan Howard  Power Forward | 2008-2008 (FA: 2009)  Originally signed w/ CHA,34,1,"$928,143","$928,143",
960,Linton Johnson III  Power Forward | 0-0 (FA: 2009),-1,1,"$926,678","$926,678",
961,Giorgi Bezhanishvili  Power Forward | 2021-2021 (FA: 2022),22,1,"$925,258","$925,258",
961,Anthony Tarke  Power Forward | 2021-2021 (FA: 2022),24,1,"$925,258","$925,258",
961,Aamir Simms  Power Forward | 2021-2021 (FA: 2022),22,1,"$925,258","$925,258",
961,Troy Baxter Jr  Power Forward | 2021-2021 (FA: 2022),25,1,"$925,258","$925,258",
961,Bennie Boatwright  Power Forward | 2021-2021 (FA: 2022),25,1,"$925,258","$925,258",
961,Javin DeLaurier  Power Forward | 2021-2021 (FA: 2022),23,1,"$925,258","$925,258",
961,Matthew Hurt  Power Forward | 2021-2021 (FA: 2022),21,1,"$925,258","$925,258",
968,Kenneth Faried  Power Forward | 2018-2018 (FA: 2019),29,1,"$917,272","$917,272",
969,Darnell Jackson  Power Forward | 2013-2013 (FA: 2013),27,1,"$916,099","$916,099",
969,Lazar Hayward  Power Forward | 2013-2013 (FA: 2013),26,1,"$916,099","$916,099",
969,Mike Harris  Power Forward | 2013-2013 (FA: 2014),30,1,"$916,099","$916,099",
972,Sean Williams  Power Forward | 2012-2012 (FA: 2012)  Originally signed w/ BOS,25,1,"$915,852","$915,852",
972,Cartier Martin  Power Forward | 2012-2012 (FA: 2013)  Originally signed w/ WAS,27,1,"$915,852","$915,852",
972,Anthony Tolliver  Power Forward | 2012-2012 (FA: 2013)  Originally signed w/ ATL,26,1,"$915,852","$915,852",
975,Marcus Williams  Power Forward | 2014-2014 (FA: 2015),27,1,"$915,243","$915,243",
976,Johnathan Williams  Power Forward | 2019-2019 (FA: 2020),24,1,"$914,791","$914,791",
977,Carlos Boozer  Power Forward | 2002-2003 (FA: 2004)  Originally signed w/ CLE,20,2,"$913,137","$456,569",
978,Joey Dorsey  Power Forward | 2009-2010 (FA: 2011)  Originally signed w/ TOR,25,2,"$902,040","$451,020",
979,Kenny Wooten  Power Forward | 2019-2019 (FA: 2020)  Originally signed w/ NYK,21,1,"$898,310","$898,310",
979,Jakeenan Gant  Power Forward | 2019-2019 (FA: 2020),23,1,"$898,310","$898,310",
979,Dikembe Dixson  Power Forward | 2019-2019 (FA: 2020),23,1,"$898,310","$898,310",
979,Matur Maker  Power Forward | 2019-2019 (FA: 2020),21,1,"$898,310","$898,310",
979,Bennie Boatwright  Power Forward | 2019-2019 (FA: 2020)  Originally signed w/ MEM,23,1,"$898,310","$898,310",
979,Kenny Gabriel  Power Forward | 2019-2019 (FA: 2020),30,1,"$898,310","$898,310",
979,Kadeem Jack  Power Forward | 2019-2019 (FA: 2020),26,1,"$898,310","$898,310",
979,Luke Maye  Power Forward | 2019-2019 (FA: 2020),22,1,"$898,310","$898,310",
979,Donta Hall  Power Forward | 2019-2019 (FA: 2020)  Originally signed w/ DET,21,1,"$898,310","$898,310",
979,Sagaba Konate  Power Forward | 2019-2019 (FA: 2020),22,1,"$898,310","$898,310",
979,Michael Cobbins  Power Forward | 2019-2019 (FA: 2020),27,1,"$898,310","$898,310",
979,Dedric Lawson  Power Forward | 2019-2019 (FA: 2020),21,1,"$898,310","$898,310",
979,Bennie Boatwright  Power Forward | 2020-2020 (FA: 2021)  Originally signed w/ MEM,23,1,"$898,310","$898,310",
979,Freddie Gillespie  Power Forward | 2020-2020 (FA: 2021)  Originally signed w/ DAL,23,1,"$898,310","$898,310",
979,Malik Fitts  Power Forward | 2020-2020 (FA: 2021),23,1,"$898,310","$898,310",
979,EJ Montgomery  Power Forward | 2020-2020 (FA: 2021),21,1,"$898,310","$898,310",
979,Tariq Owens  Power Forward | 2019-2019 (FA: 2020),24,1,"$898,310","$898,310",
979,Yoeli Childs  Power Forward | 2020-2020 (FA: 2021),22,1,"$898,310","$898,310",
979,Nate Sestina  Power Forward | 2020-2020 (FA: 2021),23,1,"$898,310","$898,310",
979,Javin DeLaurier  Power Forward | 2020-2020 (FA: 2021)  Originally signed w/ CHA,22,1,"$898,310","$898,310",
999,Darnell Jackson  Power Forward | 2012-2012 (FA: 2012)  Originally signed w/ UTA,26,1,"$885,120","$885,120",
999,DaJuan Summers  Power Forward | 2012-2012 (FA: 2012)  Originally signed w/ CHA,24,1,"$885,120","$885,120",
1001,Ike Diogu  Power Forward | 2009-2009 (FA: 2010)  Originally signed w/ NOH,25,1,"$884,881","$884,881",
1001,Shavlik Randolph  Power Forward | 2009-2009 (FA: 2010)  Originally signed w/ MIA,25,1,"$884,881","$884,881",
1003,Dennis Rodman  Power Forward | 1990-1990 (FA: 1991)  Originally signed w/ DET,28,1,"$880,000","$880,000",
1004,Eric Dawson  Power Forward | 2016-2016 (FA: 2017),32,1,"$874,636","$874,636",
1004,Grant Jerrett  Power Forward | 2016-2016 (FA: 2017),23,1,"$874,636","$874,636",
1004,Cliff Alexander  Power Forward | 2016-2016 (FA: 2017)  Originally signed w/ ORL,20,1,"$874,636","$874,636",
1007,Chuck Hayes  Power Forward | 2005-2006 (FA: 2007),21,2,"$856,553","$428,277",
1008,Rodney Carney  Power Forward | 2009-2009 (FA: 2010)  Originally signed w/ PHI,24,1,"$855,189","$855,189",
1009,Cartier Martin  Power Forward | 2010-2010 (FA: 2011)  Originally signed w/ WAS,25,1,"$854,389","$854,389",
1009,Josh Davis  Power Forward | 2011-2011 (FA: 2012)  Originally signed w/ MEM,0,1,"$854,389","$854,389",
1011,Brian Scalabrine  Power Forward | 2001-2002 (FA: 2003)  Originally signed w/ NJN,22,2,"$845,252","$422,626",
1012,Marcus Landry  Power Forward | 2015-2015 (FA: 2016),29,1,"$845,059","$845,059",
1012,Cory Jefferson  Power Forward | 2015-2015 (FA: 2016)  Originally signed w/ PHX,24,1,"$845,059","$845,059",
1012,Eric Moreland  Power Forward | 2015-2015 (FA: 2016)  Originally signed w/ SAC,23,1,"$845,059","$845,059",
1012,Jack Cooley  Power Forward | 2015-2015 (FA: 2016)  Originally signed w/ UTA,24,1,"$845,059","$845,059",
1016,Phil Carr  Power Forward | 2018-2018 (FA: 2019),22,1,"$838,464","$838,464",
1016,Richard Solomon  Power Forward | 2018-2018 (FA: 2019),26,1,"$838,464","$838,464",
1016,Drew Gordon  Power Forward | 2018-2018 (FA: 2019),28,1,"$838,464","$838,464",
1016,Cameron Oliver  Power Forward | 2018-2018 (FA: 2019)  Originally signed w/ POR,22,1,"$838,464","$838,464",
1016,Chris Boucher  Power Forward | 2018-2018 (FA: 2019),25,1,"$838,464","$838,464",
1016,Gary Clark  Power Forward | 2018-2018 (FA: 2019)  Originally signed w/ HOU,23,1,"$838,464","$838,464",
1016,Johnathan Williams  Power Forward | 2018-2018 (FA: 2019)  Originally signed w/ LAL,23,1,"$838,464","$838,464",
1016,Norvel Pelle  Power Forward | 2018-2018 (FA: 2019)  Originally signed w/ PHI,25,1,"$838,464","$838,464",
1016,Marcus Derrickson  Power Forward | 2018-2018 (FA: 2019)  Originally signed w/ GSW,22,1,"$838,464","$838,464",
1016,Donte Grantham  Power Forward | 2018-2018 (FA: 2019)  Originally signed w/ OKC,23,1,"$838,464","$838,464",
1016,Bonzie Colson  Power Forward | 2018-2018 (FA: 2019)  Originally signed w/ CLE,22,1,"$838,464","$838,464",
1027,Dante Cunningham  Power Forward | 2014-2014 (FA: 2015)  Originally signed w/ NOP,26,1,"$831,942","$831,942",
1028,Kevin Jones  Power Forward | 2014-2014 (FA: 2015)  Originally signed w/ CLE,25,1,"$816,482","$816,482",
1028,Arinze Onuaku  Power Forward | 2014-2014 (FA: 2014)  Originally signed w/ IND,27,1,"$816,482","$816,482",
1030,Akil Mitchell  Power Forward | 2017-2017 (FA: 2018),25,1,"$815,615","$815,615",
1030,Brandon Ashley  Power Forward | 2017-2017 (FA: 2018),23,1,"$815,615","$815,615",
1030,Jonathan Holmes  Power Forward | 2017-2017 (FA: 2018),24,1,"$815,615","$815,615",
1030,Jameel Warney  Power Forward | 2017-2017 (FA: 2018),23,1,"$815,615","$815,615",
1030,Kennedy Meeks  Power Forward | 2017-2017 (FA: 2018),22,1,"$815,615","$815,615",
1030,Nigel Hayes  Power Forward | 2017-2017 (FA: 2018)  Originally signed w/ NYK,22,1,"$815,615","$815,615",
1030,Ben Moore  Power Forward | 2017-2017 (FA: 2018)  Originally signed w/ IND,21,1,"$815,615","$815,615",
1030,Isaiah Hicks  Power Forward | 2017-2017 (FA: 2018)  Originally signed w/ CHA,22,1,"$815,615","$815,615",
1030,Tyler Cavanaugh  Power Forward | 2017-2017 (FA: 2018)  Originally signed w/ ATL,23,1,"$815,615","$815,615",
1030,Amile Jefferson  Power Forward | 2017-2017 (FA: 2018)  Originally signed w/ MIN,24,1,"$815,615","$815,615",
1030,Jaylen Johnson  Power Forward | 2017-2017 (FA: 2018),21,1,"$815,615","$815,615",
1030,Rashawn Thomas  Power Forward | 2017-2017 (FA: 2018),0,1,"$815,615","$815,615",
1030,Devin Williams  Power Forward | 2017-2017 (FA: 2018),-977,1,"$815,615","$815,615",
1030,Yannis Morin  Power Forward | 2017-2017 (FA: 2018),24,1,"$815,615","$815,615",
1030,Kamari Murphy  Power Forward | 2017-2017 (FA: 2018),23,1,"$815,615","$815,615",
1045,Chris Andersen  Power Forward | 2001-2002 (FA: 2003)  Originally signed w/ DEN,22,2,"$800,606","$400,303",
1046,Josh Powell  Power Forward | 2007-2007 (FA: 2008)  Originally signed w/ LAC,23,1,"$800,000","$800,000",
1047,Louis Amundson  Power Forward | 2006-2007 (FA: 2008)  Originally signed w/ PHI,23,2,"$793,152","$396,576",
1048,Marcus Landry  Power Forward | 2013-2013 (FA: 2013)  Originally signed w/ LAL,27,1,"$788,873","$788,873",
1049,Mickell Gladness  Power Forward | 2013-2013 (FA: 2013),27,1,"$788,872","$788,872",
1049,Eric Dawson  Power Forward | 2013-2013 (FA: 2013)  Originally signed w/ ATL,29,1,"$788,872","$788,872",
1051,Eduardo Najera  Power Forward | 2000-2001 (FA: 2002)  Originally signed w/ DAL,23,2,"$782,819","$391,410",
1052,Yi Jianlian  Power Forward | 2011-2011 (FA: 2012)  Originally signed w/ DAL,23,1,"$771,706","$771,706",
1053,Taylor Griffin  Power Forward | 2010-2010 (FA: 2011),23,1,"$768,342","$768,342",
1054,Josh Harrellson  Power Forward | 2012-2012 (FA: 2013)  Originally signed w/ MIA,23,1,"$762,195","$762,195",
1054,Larry Owens  Power Forward | 2011-2011 (FA: 2012),-,1,"$762,195","$762,195",
1054,Marqus Blakely  Power Forward | 2012-2012 (FA: 2012),0,1,"$762,195","$762,195",
1054,Mickell Gladness  Power Forward | 2012-2012 (FA: 2012)  Originally signed w/ MIA,26,1,"$762,195","$762,195",
1054,Diamon Simpson  Power Forward | 2012-2012 (FA: 2012),24,1,"$762,195","$762,195",
1059,Marcus Williams  Power Forward | 0-2009 (FA: 2010)  Originally signed w/ SAS,-1987,1,"$736,420","$736,420",
1059,Walter Sharpe  Power Forward | 0-2009 (FA: 2010),-1,1,"$736,420","$736,420",
1059,Mailk Hairston  Power Forward | 0-0 (FA: 2010),-1,1,"$736,420","$736,420",
1062,Brandan Wright  Power Forward | 2017-2017 (FA: 2018),30,1,"$705,652","$705,652",
1063,James Johnson  Power Forward | 2013-2013 (FA: 2014)  Originally signed w/ MEM,26,1,"$680,263","$680,263",
1064,Rashard Lewis  Power Forward | 1998-1999 (FA: 2000)  Originally signed w/ SEA,19,2,"$672,500","$336,250",
1065,Brian Cardinal  Power Forward | 2003-2003 (FA: 2004)  Originally signed w/ GSW,-,1,"$663,679","$663,679",
1066,Chris Webber  Power Forward | 2006-2006 (FA: 2007)  Originally signed w/ DET,32,1,"$661,024","$661,024",
1067,Kenyon Martin  Power Forward | 2014-2014 (FA: 2015),37,1,"$656,081","$656,081",
1068,Chris Andersen  Power Forward | 2003-2003 (FA: 2004)  Originally signed w/ DEN,24,1,"$638,679","$638,679",
1069,Joel Bolomboy  Power Forward | 2017-2017 (FA: 0),22,1,"$630,350","$630,350",
1070,Donatas Motiejunas  Power Forward | 2016-2016 (FA: 2017)  Originally signed w/ NOP,26,1,"$618,212","$618,212",
1071,Ike Diogu  Power Forward | 2010-2010 (FA: 2011)  Originally signed w/ LAC,26,1,"$608,772","$608,772",
1072,Chris Webber  Power Forward | 2007-2007 (FA: 2008),33,1,"$602,173","$602,173",
1073,Louis Amundson  Power Forward | 2014-2014 (FA: 2015),32,1,"$585,775","$585,775",
1074,Anthony Tolliver  Power Forward | 2009-2009 (FA: 2009)  Originally signed w/ POR,23,1,"$582,704","$582,704",
1075,Markieff Morris  Power Forward | 2018-2018 (FA: 2019)  Originally signed w/ OKC,29,1,"$573,295","$573,295",
1076,Ersan Ilyasova  Power Forward | 2017-2017 (FA: 0)  Originally signed w/ PHI,30,1,"$565,718","$565,718",
1077,Jameel Warney  Power Forward | 2016-2016 (FA: 20),22,1,"$543,471","$543,471",
1077,Nicolas Laprovittola  Power Forward | 2016-2016 (FA: 2017),26,1,"$543,471","$543,471",
1077,Nikola Jovanovic  Power Forward | 2016-2016 (FA: 2017),22,1,"$543,471","$543,471",
1077,Perry Ellis  Power Forward | 2016-2016 (FA: 2017),23,1,"$543,471","$543,471",
1077,Ryan Richards  Power Forward | 2016-2016 (FA: 2017),0,1,"$543,471","$543,471",
1077,Tomislav Zubcic  Power Forward | 2016-2016 (FA: 2017),26,1,"$543,471","$543,471",
1077,Richard Solomon  Power Forward | 2016-2016 (FA: 2017)  Originally signed w/ ATL,24,1,"$543,471","$543,471",
1077,Jonathan Holmes  Power Forward | 2016-2016 (FA: 2017)  Originally signed w/ CLE,23,1,"$543,471","$543,471",
1077,Vince Hunter  Power Forward | 2016-2016 (FA: 2017)  Originally signed w/ CHI,22,1,"$543,471","$543,471",
1077,Vince Hunter  Power Forward | 2016-2016 (FA: 2017),22,1,"$543,471","$543,471",
1077,Ben Bentil  Power Forward | 2016-2016 (FA: 2017)  Originally signed w/ IND,21,1,"$543,471","$543,471",
1088,Lazar Hayward  Power Forward | 2012-2012 (FA: 2012)  Originally signed w/ MIN,25,1,"$542,788","$542,788",
1089,Chris Andersen  Power Forward | 2012-2012 (FA: 2013)  Originally signed w/ MIA,34,1,"$540,872","$540,872",
1090,Tyler Cook  Power Forward | 2019-2019 (FA: 2020)  Originally signed w/ CLE,22,1,"$527,821","$527,821",
1091,Arsalan Kazemi  Power Forward | 2015-2015 (FA: 2016)  Originally signed w/ ATL,25,1,"$525,093","$525,093",
1091,Eric Griffin  Power Forward | 2015-2015 (FA: 2016)  Originally signed w/ DET,25,1,"$525,093","$525,093",
1091,Talib Zanna  Power Forward | 2015-2015 (FA: 2016),24,1,"$525,093","$525,093",
1091,Michale Kyser  Power Forward | 2015-2015 (FA: 2016),23,1,"$525,093","$525,093",
1091,Coty Clarke  Power Forward | 2015-2015 (FA: 2016),23,1,"$525,093","$525,093",
1091,Darion Atkins  Power Forward | 2015-2015 (FA: 2016),22,1,"$525,093","$525,093",
1091,Chris Walker  Power Forward | 2015-2015 (FA: 2016),20,1,"$525,093","$525,093",
1091,Vince Hunter  Power Forward | 2015-2015 (FA: 2016)  Originally signed w/ SAC,21,1,"$525,093","$525,093",
1091,Nikoloz Tskitishvili  Power Forward | 2015-2015 (FA: 2016),32,1,"$525,093","$525,093",
1091,Jon Horford  Power Forward | 2015-2015 (FA: 2016),23,1,"$525,093","$525,093",
1091,Nick Minnerath  Power Forward | 2015-2015 (FA: 2016),26,1,"$525,093","$525,093",
1091,Sampson Carter  Power Forward | 2015-2015 (FA: 2016),25,1,"$525,093","$525,093",
1091,Kadeem Jack  Power Forward | 2015-2015 (FA: 2016)  Originally signed w/ IND,22,1,"$525,093","$525,093",
1091,Alex Stepheson  Power Forward | 2015-2015 (FA: 2016),28,1,"$525,093","$525,093",
1091,Michael Cobbins  Power Forward | 2015-2015 (FA: 2016)  Originally signed w/ OKC,23,1,"$525,093","$525,093",
1106,Dallas Lauderdale  Power Forward | 2014-2014 (FA: 2014),26,1,"$507,336","$507,336",
1106,Shayne Whittington  Power Forward | 2014-2014 (FA: 2015),23,1,"$507,336","$507,336",
1106,Christian Watford  Power Forward | 2014-2014 (FA: 2015),23,1,"$507,336","$507,336",
1106,Christian Watford  Power Forward | 2014-2014 (FA: 2014),23,1,"$507,336","$507,336",
1106,Brock Motum  Power Forward | 2014-2014 (FA: 2014),23,1,"$507,336","$507,336",
1106,David Wear  Power Forward | 2014-2014 (FA: 2015),23,1,"$507,336","$507,336",
1106,Orlando Sanchez  Power Forward | 2014-2014 (FA: 2014),26,1,"$507,336","$507,336",
1106,Shawn Jones  Power Forward | 2014-2014 (FA: 2014),22,1,"$507,336","$507,336",
1106,Richard Solomon  Power Forward | 2014-2014 (FA: 2014),22,1,"$507,336","$507,336",
1106,Talib Zanna  Power Forward | 2014-2014 (FA: 2014),23,1,"$507,336","$507,336",
1106,Kadeem Batts  Power Forward | 2014-2014 (FA: 2014),23,1,"$507,336","$507,336",
1117,Dickey Simpkins  Power Forward | 1998-1998 (FA: 1999)  Originally signed w/ CHI,25,1,"$500,000","$500,000",
1118,JaMychal Green  Power Forward | 2013-2013 (FA: 2013)  Originally signed w/ LAC,23,1,"$490,180","$490,180",
1118,Romero Osby  Power Forward | 2013-2013 (FA: 2013),23,1,"$490,180","$490,180",
1118,Brandon Davies  Power Forward | 2013-2013 (FA: 2013)  Originally signed w/ LAC,22,1,"$490,180","$490,180",
1118,Eric Griffin  Power Forward | 2013-2013 (FA: 2013)  Originally signed w/ MIA,23,1,"$490,180","$490,180",
1118,C.J. Aiken  Power Forward | 2013-2013 (FA: 2013),22,1,"$490,180","$490,180",
1118,Damen Bell-Holter  Power Forward | 2013-2013 (FA: 2013),23,1,"$490,180","$490,180",
1118,Reginald Becton  Power Forward | 2013-2013 (FA: 2013),22,1,"$490,180","$490,180",
1118,D'or Fischer  Power Forward | 2013-2013 (FA: 2013),31,1,"$490,180","$490,180",
1118,Michael Lee  Power Forward | 2013-2013 (FA: 2013),27,1,"$490,180","$490,180",
1118,David Lighty  Power Forward | 2013-2013 (FA: 2013),25,1,"$490,180","$490,180",
1118,Reginald Becton  Power Forward | 2013-2013 (FA: 2013),22,1,"$490,180","$490,180",
1129,Amar'e Stoudemire  Power Forward | 2014-2014 (FA: 2015)  Originally signed w/ DAL,32,1,"$485,670","$485,670",
1130,Reeves Nelson  Power Forward | 2012-2012 (FA: 2012)  Originally signed w/ LAL,20,1,"$473,604","$473,604",
1130,James Mays  Power Forward | 2012-2012 (FA: 2012),26,1,"$473,604","$473,604",
1130,Tony Mitchell  Power Forward | 2012-2012 (FA: 2012),23,1,"$473,604","$473,604",
1130,Devin Searcy  Power Forward | 2012-2012 (FA: 2012),23,1,"$473,604","$473,604",
1130,Dallas Lauderdale  Power Forward | 2012-2012 (FA: 2012)  Originally signed w/ POR,24,1,"$473,604","$473,604",
1130,Josh Owens  Power Forward | 2012-2012 (FA: 2012),23,1,"$473,604","$473,604",
1130,Robert Dozier  Power Forward | 2012-2012 (FA: 2012),26,1,"$473,604","$473,604",
1130,Jarvis Varnado  Power Forward | 2012-2012 (FA: 2012)  Originally signed w/ MIA,24,1,"$473,604","$473,604",
1130,Jordan Williams  Power Forward | 2011-2011 (FA: 2012)  Originally signed w/ NJN,-,1,"$473,604","$473,604",
1130,Josh Harrellson  Power Forward | 2011-2012 (FA: 2013)  Originally signed w/ NYK,21,1,"$473,604","$473,604",
1130,LaVoy Allen  Power Forward | 2011-2011 (FA: 2012)  Originally signed w/ PHI,22,1,"$473,604","$473,604",
1130,Mickell Gladness  Power Forward | 2011-2011 (FA: 2011)  Originally signed w/ MIA,25,1,"$473,604","$473,604",
1130,Ivan Johnson  Power Forward | 2011-2011 (FA: 2012)  Originally signed w/ ATL,27,1,"$473,604","$473,604",
1143,Drew Gordon  Power Forward | 2014-2014 (FA: 2015)  Originally signed w/ PHI,24,1,"$468,540","$468,540",
1144,Anderson Varejao  Power Forward | 2015-2015 (FA: 2016)  Originally signed w/ GSW,33,1,"$458,575","$458,575",
1145,Taylor Griffin  Power Forward | 2009-2009 (FA: 2010)  Originally signed w/ PHX,23,1,"$457,588","$457,588",
1146,Trevor Booker  Power Forward | 2017-2017 (FA: 2018),30,1,"$446,138","$446,138",
1147,Othello Hunter  Power Forward | 0-0 (FA: 2009),-1,1,"$442,114","$442,114",
1148,Dennis Rodman  Power Forward | 1999-1999 (FA: 1999),37,1,"$441,176","$441,176",
1149,Carl Landry  Power Forward | 2007-2007 (FA: 2008)  Originally signed w/ HOU,24,1,"$427,163","$427,163",
1149,Anthony Tolliver  Power Forward | 2007-2007 (FA: 2007)  Originally signed w/ CLE,22,1,"$427,163","$427,163",
1151,P.J. Tucker  Power Forward | 2006-2006 (FA: 2006)  Originally signed w/ PHX,21,1,"$412,718","$412,718",
1152,Kris Humphries  Power Forward | 2015-2015 (FA: 2016)  Originally signed w/ ATL,31,1,"$388,025","$388,025",
1153,Malcolm Thomas  Power Forward | 2011-2011 (FA: 2012)  Originally signed w/ SAS,23,1,"$387,494","$387,494",
1154,J.J Hickson  Power Forward | 2015-2015 (FA: 2016),27,1,"$366,337","$366,337",
1155,Reggie Evans  Power Forward | 2002-2002 (FA: 2003)  Originally signed w/ SEA,22,1,"$349,458","$349,458",
1156,Rodney Carney  Power Forward | 2010-2010 (FA: 2011)  Originally signed w/ GSW,25,1,"$345,988","$345,988",
1157,Anthony Tolliver  Power Forward | 2009-2009 (FA: 2010)  Originally signed w/ GSW,23,1,"$335,055","$335,055",
1158,Cartier Martin  Power Forward | 2013-2013 (FA: 2014)  Originally signed w/ ATL,29,1,"$332,402","$332,402",
1159,Jason Thompson  Power Forward | 2016-2016 (FA: 2017),29,1,"$328,955","$328,955",
1159,Jason Thompson  Power Forward | 2015-2015 (FA: 2016),29,1,"$328,955","$328,955",
1161,Jarvis Varnado  Power Forward | 2012-2012 (FA: 2012)  Originally signed w/ BOS,23,1,"$320,379","$320,379",
1162,Brian Cardinal  Power Forward | 2000-2000 (FA: 2001)  Originally signed w/ DET,-,1,"$316,969","$316,969",
1163,Al Thornton  Power Forward | 2010-2010 (FA: 2011),-,1,"$295,040","$295,040",
1164,Ryan Kelly  Power Forward | 2016-2016 (FA: 2018)  Originally signed w/ ATL,25,1,"$286,785","$286,785",
1165,Chris Richard  Power Forward | 0-0 (FA: 2010),-1,1,"$276,841","$276,841",
1166,Rodney Carney  Power Forward | 2010-2010 (FA: 2011)  Originally signed w/ MEM,25,1,"$274,756","$274,756",
1167,Kenyon Martin  Power Forward | 2012-2012 (FA: 2013)  Originally signed w/ NYK,34,1,"$270,436","$270,436",
1168,Derrick Williams  Power Forward | 2016-2016 (FA: 2017)  Originally signed w/ CLE,25,1,"$268,029","$268,029",
1169,Earl Barron  Power Forward | 2014-2014 (FA: 2015)  Originally signed w/ PHX,33,1,"$262,057","$262,057",
1170,Terrence Jones  Power Forward | 2016-2016 (FA: 2017)  Originally signed w/ MIL,25,1,"$247,285","$247,285",
1171,Drew Gooden  Power Forward | 2013-2013 (FA: 2014),32,1,"$246,972","$246,972",
1172,Juwan Howard  Power Forward | 2012-2012 (FA: 2013),40,1,"$214,758","$214,758",
1173,Jeff Ayres  Power Forward | 2015-2015 (FA: 2016),28,1,"$187,750","$187,750",
1174,Ray Spalding  Power Forward | 2018-2018 (FA: 2019)  Originally signed w/ PHX,20,1,"$184,746","$184,746",
1175,Cartier Martin  Power Forward | 2008-2008 (FA: 2009)  Originally signed w/ WAS,24,1,"$148,238","$148,238",
1176,Mikki Moore  Power Forward | 2011-2011 (FA: 2012)  Originally signed w/ GSW,-,1,"$119,952","$119,952",
1177,Mickell Gladness  Power Forward | 2011-2011 (FA: 2012)  Originally signed w/ GSW,24,1,"$99,304","$99,304",
1178,Louis Amundson  Power Forward | 2006-2006 (FA: 0)  Originally signed w/ SAC,23,1,"$75,000","$75,000",
1178,Cliff Alexander  Power Forward | 2016-2016 (FA: 0)  Originally signed w/ BKN,20,1,"$75,000","$75,000",
1180,Diamon Simpson  Power Forward | 2011-2011 (FA: 2012),23,1,"$57,291","$57,291",
1181,Larry Owens  Power Forward | 2010-2010 (FA: 2011)  Originally signed w/ SAS,-,1,"$55,718","$55,718",
1182,Marcus Williams  Power Forward | 2007-2007 (FA: 0)  Originally signed w/ LAC,20,1,"$50,254","$50,254",
1183,Arinze Onuaku  Power Forward | 2014-2014 (FA: 2015)  Originally signed w/ MIN,27,1,"$43,226","$43,226",
1184,D.J. White  Power Forward | 2013-2013 (FA: 2014)  Originally signed w/ CHA,27,1,"$42,306","$42,306",
1185,Louis Amundson  Power Forward | 2006-2006 (FA: 0)  Originally signed w/ UTA,23,1,"$35,232","$35,232",
1186,Chris Johnson  Power Forward | 2010-2010 (FA: 2011)  Originally signed w/ POR,24,1,"$31,573","$31,573",
1187,Grant Jerrett  Power Forward | 2013-2013 (FA: 2014)  Originally signed w/ OKC,20,1,"$28,834","$28,834",
1188,Chuck Hayes  Power Forward | 2005-2005 (FA: 2005),21,10,"$23,457","$2,346",
1189,Quentin Richardson  Power Forward | 2012-2012 (FA: 2013)  Originally signed w/ NYK,33,1,"$15,908","$15,908",
1190,Earl Barron  Power Forward | 2012-2012 (FA: 2013)  Originally signed w/ NYK,30,1,"$6,743","$6,743",
1191,Amile Jefferson  Power Forward | 2017-2017 (FA: 2018)  Originally signed w/ MIN,24,1,"$4,608","$4,608",
2,Karl-Anthony Towns  Center | 2024-2027 (FA: 2028),26,4,"$222,656,000","$55,664,000",
3,Joel Embiid  Center | 2023-2026 (FA: 2027),27,4,"$213,280,928","$53,320,232",
4,Rudy Gobert  Center | 2021-2025 (FA: 2026)  Originally signed w/ UTA,28,5,"$205,000,002","$41,000,000",
5,Anthony Davis  Center | 2020-2024 (FA: 2025),27,5,"$189,903,600","$37,980,720",
6,Anthony Davis  Center | 2025-2027 (FA: 2028),30,3,"$177,130,800","$59,043,600",
7,Blake Griffin  Center | 2017-2021 (FA: 2022)  Originally signed w/ LAC,28,5,"$171,174,820","$34,234,964",
8,Bam Adebayo  Center | 2021-2025 (FA: 2026),23,5,"$163,000,300","$32,600,060",
9,Karl-Anthony Towns  Center | 2019-2023 (FA: 2024),22,5,"$158,253,000","$31,650,600",
10,Joel Embiid  Center | 2018-2022 (FA: 0),23,5,"$147,710,050","$29,542,010",
10,Nikola Jokic  Center | 2018-2022 (FA: 2023),23,5,"$147,710,050","$29,542,010",
12,Deandre Ayton  Center | 2022-2025 (FA: 2026),23,4,"$132,929,128","$33,232,282",
13,Anthony Davis  Center | 2016-2020 (FA: 2021)  Originally signed w/ NOP,22,5,"$127,171,313","$25,434,263",
13,Andre Drummond  Center | 2016-2020 (FA: 2021)  Originally signed w/ DET,22,5,"$127,171,313","$25,434,263",
15,Jermaine O'Neal  Center | 2003-2009 (FA: 2010)  Originally signed w/ IND,24,7,"$126,588,000","$18,084,000",
16,Kevin Love  Center | 2019-2022 (FA: 2023)  Originally signed w/ CLE,29,4,"$120,402,172","$30,100,543",
17,Shaquille O'Neal  Center | 1996-2002 (FA: 0)  Originally signed w/ LAL,23,7,"$120,000,000","$17,142,857",
18,Al Horford  Center | 2016-2019 (FA: 2019),30,4,"$113,326,228","$28,331,557",
19,Marc Gasol  Center | 2015-2019 (FA: 2020),30,5,"$113,211,750","$22,642,350",
19,Kevin Love  Center | 2015-2019 (FA: 0)  Originally signed w/ CLE,26,5,"$113,211,750","$22,642,350",
21,Al Horford  Center | 2019-2022 (FA: 0)  Originally signed w/ PHI,33,4,"$109,000,000","$27,250,000",
22,Alonzo Mourning  Center | 1996-2002 (FA: 2003),26,7,"$105,034,200","$15,004,886",
23,Rudy Gobert  Center | 2017-2020 (FA: 0)  Originally signed w/ UTA,24,4,"$102,000,000","$25,500,000",
24,Shaquille O'Neal  Center | 2005-2009 (FA: 2010)  Originally signed w/ MIA,32,5,"$101,000,000","$20,200,000",
25,Jarrett Allen  Center | 2021-2025 (FA: 2026),23,5,"$100,000,000","$20,000,000",
25,Steven Adams  Center | 2017-2020 (FA: 0)  Originally signed w/ OKC,23,4,"$100,000,000","$25,000,000",
25,Nikola Vucevic  Center | 2019-2022 (FA: 2023)  Originally signed w/ ORL,28,4,"$100,000,000","$25,000,000",
28,Hassan Whiteside  Center | 2016-2019 (FA: 2020)  Originally signed w/ MIA,27,4,"$98,419,538","$24,604,885",
29,Blake Griffin  Center | 2013-2017 (FA: 2018)  Originally signed w/ LAC,23,5,"$94,538,626","$18,907,725",
30,Clint Capela  Center | 2018-2022 (FA: 0)  Originally signed w/ HOU,23,5,"$90,000,000","$18,000,000",
31,Shaquille O'Neal  Center | 2003-2004 (FA: 2005)  Originally signed w/ LAL,30,3,"$88,500,000","$29,500,000",
32,DeAndre Jordan  Center | 2015-2018 (FA: 2019)  Originally signed w/ LAC,26,4,"$87,616,050","$21,904,013",
33,Dwight Howard  Center | 2013-2016 (FA: 2017)  Originally signed w/ HOU,27,4,"$87,591,270","$21,897,818",
34,Pau Gasol  Center | 2005-2010 (FA: 0)  Originally signed w/ MEM,24,6,"$86,473,000","$14,412,167",
35,Dwight Howard  Center | 2007-2012 (FA: 2013)  Originally signed w/ ORL,21,5,"$83,235,900","$16,647,180",
36,Tristan Thompson  Center | 2015-2019 (FA: 2020),24,5,"$82,000,000","$16,400,000",
37,Myles Turner  Center | 2019-2022 (FA: 0),22,4,"$80,000,000","$20,000,000",
38,Jakob Poeltl  Center | 2023-2026 (FA: 2027),27,4,"$78,000,000","$19,500,000",
39,Yao Ming  Center | 2006-2010 (FA: 2011),24,5,"$75,352,750","$15,070,550",
40,Erick Dampier  Center | 0-2010 (FA: 2011)  Originally signed w/ MIA,-1,7,"$73,000,000","$10,428,571",
40,Erick Dampier  Center | 2004-2010 (FA: 2011)  Originally signed w/ GSW,0,7,"$73,000,000","$10,428,571",
42,Joakim Noah  Center | 2016-2019 (FA: 2020)  Originally signed w/ NYK,31,4,"$72,590,000","$18,147,500",
43,Emeka Okafor  Center | 2008-2013 (FA: 2014)  Originally signed w/ NOH,25,6,"$72,000,000","$12,000,000",
43,Bismack Biyombo  Center | 2016-2019 (FA: 2020)  Originally signed w/ ORL,23,4,"$72,000,000","$18,000,000",
45,Zydrunas Ilgauskas  Center | 1999-2004 (FA: 2005)  Originally signed w/ CLE,-,6,"$70,880,000","$11,813,333",
46,Dwight Howard  Center | 2016-2018 (FA: 2019)  Originally signed w/ ATL,30,3,"$70,500,000","$23,500,000",
47,Enes Freedom  Center | 2015-2018 (FA: 2019)  Originally signed w/ OKC,23,4,"$70,060,026","$17,515,007",
48,Jusuf Nurkic  Center | 2022-2025 (FA: 2026),27,4,"$70,000,000","$17,500,000",
49,Brad Miller  Center | 2003-2009 (FA: 2010)  Originally signed w/ IND,-,7,"$68,000,000","$9,714,286",
49,Patrick Ewing  Center | 1997-2000 (FA: 2001)  Originally signed w/ NYK,34,4,"$68,000,000","$17,000,000",
51,DeMarcus Cousins  Center | 2014-2017 (FA: 2018)  Originally signed w/ SAC,23,4,"$65,619,700","$16,404,925",
52,Dikembe Mutombo  Center | 2001-2004 (FA: 2003)  Originally signed w/ PHI,34,4,"$65,000,000","$16,250,000",
52,Al Jefferson  Center | 2008-2012 (FA: 2013)  Originally signed w/ MIN,22,5,"$65,000,000","$13,000,000",
52,Nene Hilario  Center | 2011-2015 (FA: 2016)  Originally signed w/ DEN,28,5,"$65,000,000","$13,000,000",
52,Serge Ibaka  Center | 2017-2019 (FA: 2020)  Originally signed w/ TOR,27,3,"$65,000,000","$21,666,667",
56,Samuel Dalembert  Center | 2005-2010 (FA: 2011)  Originally signed w/ PHI,19,6,"$64,876,694","$10,812,782",
57,Tyson Chandler  Center | 2005-2010 (FA: 2011)  Originally signed w/ CHI,22,6,"$64,350,000","$10,725,000",
58,Ian Mahinmi  Center | 2016-2019 (FA: 2020),29,4,"$64,000,000","$16,000,000",
58,Timofey Mozgov  Center | 2016-2019 (FA: 2020)  Originally signed w/ LAL,29,4,"$64,000,000","$16,000,000",
58,Jonas Valanciunas  Center | 2016-2019 (FA: 2019)  Originally signed w/ TOR,23,4,"$64,000,000","$16,000,000",
61,Brook Lopez  Center | 2015-2017 (FA: 2018)  Originally signed w/ BKN,27,3,"$63,497,025","$21,165,675",
62,Gorgui Dieng  Center | 2017-2020 (FA: 2021)  Originally signed w/ MIN,26,4,"$62,800,000","$15,700,000",
63,Theo Ratliff  Center | 1998-2004 (FA: 2005)  Originally signed w/ PHI,-,7,"$61,000,000","$8,714,286",
64,Kevin Love  Center | 2012-2014 (FA: 2015)  Originally signed w/ MIN,23,4,"$60,825,938","$15,206,485",
64,Brook Lopez  Center | 2012-2014 (FA: 2015)  Originally signed w/ BKN,24,4,"$60,825,938","$15,206,485",
66,Al Horford  Center | 2011-2015 (FA: 2016)  Originally signed w/ ATL,24,5,"$60,000,000","$12,000,000",
66,Joakim Noah  Center | 2011-2015 (FA: 2016)  Originally signed w/ CHI,25,5,"$60,000,000","$12,000,000",
66,Eddy Curry  Center | 2005-2010 (FA: 2011)  Originally signed w/ NYK,0,6,"$60,000,000","$10,000,000",
66,Marcin Gortat  Center | 2014-2018 (FA: 2019)  Originally signed w/ WAS,30,5,"$60,000,000","$12,000,000",
66,Nene Hilario  Center | 2006-2010 (FA: 2010)  Originally signed w/ DEN,23,6,"$60,000,000","$10,000,000",
66,Nikola Pekovic  Center | 2013-2017 (FA: 2018),27,5,"$60,000,000","$12,000,000",
66,Andrew Bogut  Center | 2009-2013 (FA: 0)  Originally signed w/ MIL,24,5,"$60,000,000","$12,000,000",
66,Nikola Vucevic  Center | 2023-2025 (FA: 2026),32,3,"$60,000,000","$20,000,000",
66,Mitchell Robinson  Center | 2022-2025 (FA: 2026),24,4,"$60,000,000","$15,000,000",
66,Isaiah Stewart  Center | 2024-2027 (FA: 2028),22,4,"$60,000,000","$15,000,000",
76,Roy Hibbert  Center | 2012-2015 (FA: 2016)  Originally signed w/ IND,25,4,"$58,443,748","$14,610,937",
77,Omer Asik  Center | 2015-2019 (FA: 2020)  Originally signed w/ NOP,29,5,"$57,977,525","$11,595,505",
78,Marc Gasol  Center | 2011-2014 (FA: 2015),26,4,"$57,503,764","$14,375,941",
79,Andrew Bynum  Center | 2009-2012 (FA: 2013)  Originally signed w/ LAL,21,4,"$57,200,000","$14,300,000",
80,Pau Gasol  Center | 2011-2013 (FA: 2014)  Originally signed w/ LAL,30,3,"$57,000,000","$19,000,000",
81,Dikembe Mutombo  Center | 1996-2000 (FA: 2001)  Originally signed w/ ATL,30,5,"$56,066,436","$11,213,287",
82,Cody Zeller  Center | 2017-2020 (FA: 2021)  Originally signed w/ CHA,24,4,"$56,000,000","$14,000,000",
83,Tyson Chandler  Center | 2011-2014 (FA: 2015)  Originally signed w/ DAL,29,4,"$55,409,450","$13,852,363",
84,Victor Wembanyama  Center | 2023-2026 (FA: 0),19,4,"$55,174,766","$13,793,692",
85,Hakeem Olajuwon  Center | 1997-2000 (FA: 2001)  Originally signed w/ HOU,33,4,"$55,101,001","$13,775,250",
86,Zydrunas Ilgauskas  Center | 2005-2009 (FA: 2010)  Originally signed w/ CLE,-,5,"$55,000,000","$11,000,000",
86,Marcus Camby  Center | 2004-2009 (FA: 2010)  Originally signed w/ DEN,29,6,"$55,000,000","$9,166,667",
88,Robin Lopez  Center | 2015-2018 (FA: 2019)  Originally signed w/ NYK,27,4,"$54,015,500","$13,503,875",
89,Andris Biedrins  Center | 2008-2013 (FA: 2014)  Originally signed w/ GSW,22,6,"$54,000,000","$9,000,000",
90,Chris Kaman  Center | 2007-2011 (FA: 2012)  Originally signed w/ LAC,24,5,"$53,830,000","$10,766,000",
91,David Robinson  Center | 1997-2000 (FA: 2001),31,4,"$53,531,123","$13,382,781",
92,Nikola Vucevic  Center | 2015-2018 (FA: 2019)  Originally signed w/ ORL,23,4,"$53,000,000","$13,250,000",
93,Tyson Chandler  Center | 2015-2018 (FA: 2019)  Originally signed w/ PHX,32,4,"$52,000,000","$13,000,000",
93,Brook Lopez  Center | 2019-2022 (FA: 2023),31,4,"$52,000,000","$13,000,000",
95,Greg Monroe  Center | 2015-2017 (FA: 2018)  Originally signed w/ MIL,25,3,"$51,437,513","$17,145,838",
96,Wendell Carter Jr.  Center | 2022-2025 (FA: 2026),22,4,"$50,000,000","$12,500,000",
96,Andrea Bargnani  Center | 2010-2014 (FA: 2015)  Originally signed w/ TOR,24,5,"$50,000,000","$10,000,000",
96,Miles Plumlee  Center | 2016-2019 (FA: 2020)  Originally signed w/ MIL,27,4,"$50,000,000","$12,500,000",
96,Mehmet Okur  Center | 2004-2009 (FA: 2010)  Originally signed w/ UTA,0,6,"$50,000,000","$8,333,333",
100,Serge Ibaka  Center | 2013-2016 (FA: 2017)  Originally signed w/ OKC,23,4,"$49,400,000","$12,350,000",
101,Brook Lopez  Center | 2023-2024 (FA: 2025),35,2,"$48,000,000","$24,000,000",
101,Robert Williams III  Center | 2022-2025 (FA: 2026),23,4,"$48,000,000","$12,000,000",
101,Pau Gasol  Center | 2017-2019 (FA: 2020)  Originally signed w/ SAS,36,3,"$48,000,000","$16,000,000",
101,Jusuf Nurkic  Center | 2018-2021 (FA: 2022),23,4,"$48,000,000","$12,000,000",
101,Erick Dampier  Center | 1999-2005 (FA: 2006)  Originally signed w/ GSW,0,7,"$48,000,000","$6,857,143",
106,Derrick Favors  Center | 2014-2017 (FA: 2018)  Originally signed w/ UTA,22,4,"$46,950,000","$11,737,500",
107,Richaun Holmes  Center | 2021-2024 (FA: 2025)  Originally signed w/ SAC,27,4,"$46,522,560","$11,630,640",
108,Ben Wallace  Center | 2006-2008 (FA: 2009)  Originally signed w/ CHI,-,3,"$46,000,000","$15,333,333",
109,Clint Capela  Center | 2023-2024 (FA: 2025),27,2,"$45,881,280","$22,940,640",
110,Boris Diaw  Center | 2007-2011 (FA: 2012)  Originally signed w/ PHX,24,5,"$45,000,000","$9,000,000",
110,Jonas Valanciunas  Center | 2019-2021 (FA: 2022)  Originally signed w/ MEM,27,3,"$45,000,000","$15,000,000",
112,Chet Holmgren  Center | 2022-2025 (FA: 2026),20,4,"$44,889,248","$11,222,312",
113,JaVale McGee  Center | 2012-2015 (FA: 2016)  Originally signed w/ DEN,24,4,"$44,000,000","$11,000,000",
113,Larry Sanders  Center | 2014-2017 (FA: 2018)  Originally signed w/ MIL,24,4,"$44,000,000","$11,000,000",
115,DeAndre Jordan  Center | 2011-2014 (FA: 2015)  Originally signed w/ LAC,23,4,"$43,039,054","$10,759,764",
116,Naz Reid  Center | 2023-2025 (FA: 2026),23,3,"$41,959,296","$13,986,432",
117,Meyers Leonard  Center | 2016-2019 (FA: 2020)  Originally signed w/ POR,24,4,"$41,000,000","$10,250,000",
117,Mason Plumlee  Center | 2017-2019 (FA: 2020)  Originally signed w/ DEN,27,3,"$41,000,000","$13,666,667",
117,Christian Wood  Center | 2020-2022 (FA: 2023)  Originally signed w/ HOU,25,3,"$41,000,000","$13,666,667",
120,Myles Turner  Center | 2023-2024 (FA: 2025),26,2,"$40,903,500","$20,451,750",
121,Al Jefferson  Center | 2013-2015 (FA: 2016)  Originally signed w/ CHA,27,3,"$40,500,000","$13,500,000",
122,Deandre Ayton  Center | 2018-2021 (FA: 2022),19,4,"$40,379,230","$10,094,808",
123,Daniel Gafford  Center | 2023-2025 (FA: 2026),23,3,"$40,182,480","$13,394,160",
124,Dewayne Dedmon  Center | 2019-2021 (FA: 2022)  Originally signed w/ SAC,29,3,"$40,000,000","$13,333,333",
125,DeAndre Jordan  Center | 2019-2022 (FA: 2023)  Originally signed w/ BKN,30,4,"$39,960,716","$9,990,179",
126,James Wiseman  Center | 2020-2023 (FA: 2024)  Originally signed w/ GSW,19,4,"$39,619,840","$9,904,960",
127,Kendrick Perkins  Center | 2010-2014 (FA: 2015)  Originally signed w/ OKC,25,5,"$39,252,656","$7,850,531",
128,Mark Blount  Center | 0-2009 (FA: 2010),-1,6,"$38,500,000","$6,416,667",
129,Derrick Favors  Center | 2018-2019 (FA: 2020)  Originally signed w/ UTA,26,2,"$37,600,000","$18,800,000",
130,Dwight Powell  Center | 2016-2019 (FA: 0),24,4,"$37,268,750","$9,317,188",
131,Etan Thomas  Center | 2004-2009 (FA: 2010)  Originally signed w/ WAS,-,6,"$36,768,000","$6,128,000",
132,Patrick Ewing  Center | 1991-1995 (FA: 1996)  Originally signed w/ NYK,29,6,"$36,474,700","$6,079,117",
133,Andrew Bogut  Center | 2014-2016 (FA: 2017),28,3,"$36,000,000","$12,000,000",
133,Dan Gadzuric  Center | 2005-2010 (FA: 2011)  Originally signed w/ NJN,26,6,"$36,000,000","$6,000,000",
135,Daniel Theis  Center | 2021-2024 (FA: 2025)  Originally signed w/ HOU,29,4,"$35,605,510","$8,901,378",
136,Theo Ratliff  Center | 2005-2007 (FA: 2008)  Originally signed w/ POR,-,3,"$35,000,000","$11,666,667",
136,Steven Adams  Center | 2021-2022 (FA: 0)  Originally signed w/ NOP,27,2,"$35,000,000","$17,500,000",
138,Ben Wallace  Center | 2000-2005 (FA: 2006),-,6,"$34,000,000","$5,666,667",
139,Marcin Gortat  Center | 2009-2013 (FA: 2014)  Originally signed w/ DAL,24,5,"$33,953,200","$6,790,640",
140,Dwight Powell  Center | 2020-2022 (FA: 2023),27,3,"$33,240,375","$11,080,125",
141,Taj Gibson  Center | 2013-2016 (FA: 2017)  Originally signed w/ CHI,27,4,"$33,000,000","$8,250,000",
142,Kosta Koufos  Center | 2015-2018 (FA: 2019),26,4,"$32,879,000","$8,219,750",
143,Ivica Zubac  Center | 2022-2024 (FA: 2025),25,3,"$32,800,000","$10,933,333",
144,Luc Longley  Center | 1998-2003 (FA: 2004)  Originally signed w/ PHX,28,6,"$32,400,000","$5,400,000",
145,DeSagana Diop  Center | 2008-2012 (FA: 2013)  Originally signed w/ DAL,26,5,"$32,393,000","$6,478,600",
146,Marcus Camby  Center | 1999-2003 (FA: 2004)  Originally signed w/ NYK,24,5,"$32,300,000","$6,460,000",
147,Jock Landale  Center | 2023-2026 (FA: 2027),27,4,"$32,000,000","$8,000,000",
148,Pau Gasol  Center | 2016-2017 (FA: 2018)  Originally signed w/ SAS,36,2,"$31,697,500","$15,848,750",
149,Joel Przybilla  Center | 2006-2010 (FA: 2011)  Originally signed w/ POR,26,5,"$31,550,750","$6,310,150",
150,Nazr Mohammed  Center | 2006-2010 (FA: 2011)  Originally signed w/ DET,28,5,"$30,247,000","$6,049,400",
151,Jonas Valanciunas  Center | 2022-2023 (FA: 2024),29,2,"$30,135,000","$15,067,500",
152,Amir Johnson  Center | 2010-2014 (FA: 2015)  Originally signed w/ TOR,22,5,"$30,000,000","$6,000,000",
152,Jeff Foster  Center | 2003-2008 (FA: 2009),-,6,"$30,000,000","$5,000,000",
152,Al Jefferson  Center | 2016-2018 (FA: 2019),31,3,"$30,000,000","$10,000,000",
152,Jerome James  Center | 0-2009 (FA: 2010),-1,5,"$30,000,000","$6,000,000",
156,Derrick Favors  Center | 2020-2022 (FA: 2023)  Originally signed w/ UTA,29,3,"$29,162,700","$9,720,900",
157,Boris Diaw  Center | 2014-2017 (FA: 2018)  Originally signed w/ SAS,32,4,"$28,000,000","$7,000,000",
157,Taj Gibson  Center | 2017-2018 (FA: 2019)  Originally signed w/ MIN,32,2,"$28,000,000","$14,000,000",
159,Nerlens Noel  Center | 2021-2023 (FA: 2024)  Originally signed w/ NYK,27,3,"$27,720,000","$9,240,000",
160,Onyeka Okongwu  Center | 2020-2023 (FA: 2024),19,4,"$26,422,143","$6,605,536",
161,Jakob Poeltl  Center | 2020-2022 (FA: 2023)  Originally signed w/ SAS,25,3,"$26,250,000","$8,750,000",
162,Karl-Anthony Towns  Center | 2015-2018 (FA: 0),19,4,"$25,720,035","$6,430,009",
163,Nazr Mohammed  Center | 2001-2005 (FA: 2006)  Originally signed w/ ATL,23,5,"$25,275,000","$5,055,000",
164,Steven Adams  Center | 2023-2024 (FA: 2025),29,2,"$25,200,000","$12,600,000",
165,Omer Asik  Center | 2012-2014 (FA: 2015)  Originally signed w/ HOU,26,3,"$25,123,938","$8,374,646",
166,Brendan Haywood  Center | 2005-2009 (FA: 2010)  Originally signed w/ WAS,25,5,"$25,000,000","$5,000,000",
166,Thomas Bryant  Center | 2019-2021 (FA: 2022)  Originally signed w/ WAS,21,3,"$25,000,000","$8,333,333",
168,Kwame Brown  Center | 2005-2007 (FA: 2008)  Originally signed w/ WAS,22,3,"$24,862,500","$8,287,500",
169,Andrew Bynum  Center | 2013-2013 (FA: 2013)  Originally signed w/ CLE,25,2,"$24,790,000","$12,395,000",
170,Mason Plumlee  Center | 2020-2022 (FA: 2023)  Originally signed w/ DET,30,3,"$24,662,500","$8,220,833",
171,Mohamed Bamba  Center | 2018-2021 (FA: 2021)  Originally signed w/ ORL,20,4,"$24,100,423","$6,025,106",
172,Jermaine O'Neal  Center | 1999-2002 (FA: 2003)  Originally signed w/ POR,20,4,"$24,010,000","$6,002,500",
173,Amir Johnson  Center | 2015-2016 (FA: 2017)  Originally signed w/ BOS,28,2,"$24,000,000","$12,000,000",
174,Jason Collins  Center | 2005-2008 (FA: 2009)  Originally signed w/ NJN,17,4,"$23,600,000","$5,900,000",
175,Paul Reed  Center | 2023-2025 (FA: 2026),24,3,"$23,555,150","$7,851,717",
176,Andray Blatche  Center | 2012-2012 (FA: 2012)  Originally signed w/ WAS,25,3,"$23,384,762","$7,794,921",
177,Blake Griffin  Center | 2009-2012 (FA: 0)  Originally signed w/ LAC,20,4,"$23,298,682","$5,824,671",
178,Anthony Davis  Center | 2012-2015 (FA: 0)  Originally signed w/ NOH,19,4,"$23,198,010","$5,799,503",
179,Samardo Samuels  Center | 2010-2012 (FA: 2012),20,3,"$23,000,000","$7,666,667",
180,DeAndre Jordan  Center | 2018-2018 (FA: 2019)  Originally signed w/ DAL,29,1,"$22,897,200","$22,897,200",
181,Alonzo Mourning  Center | 2003-2006 (FA: 2007)  Originally signed w/ NJN,33,4,"$22,600,000","$5,650,000",
182,Kevon Looney  Center | 2022-2024 (FA: 2025),26,3,"$22,500,000","$7,500,000",
183,Pau Gasol  Center | 2014-2016 (FA: 2017)  Originally signed w/ CHI,34,3,"$22,346,280","$7,448,760",
184,Dereck Lively II  Center | 2023-2026 (FA: 2027),19,4,"$22,282,691","$5,570,673",
185,Jaxson Hayes  Center | 2019-2022 (FA: 2023)  Originally signed w/ NOP,19,4,"$22,118,492","$5,529,623",
186,Zach Collins  Center | 2021-2023 (FA: 2024),23,3,"$22,050,000","$7,350,000",
187,Wendell Carter Jr.  Center | 2018-2021 (FA: 2022)  Originally signed w/ CHI,19,4,"$22,011,467","$5,502,867",
188,Cole Aldrich  Center | 2016-2018 (FA: 2019)  Originally signed w/ MIN,27,3,"$21,900,000","$7,300,000",
189,Greg Oden  Center | 2007-2010 (FA: 2011)  Originally signed w/ POR,18,4,"$21,795,444","$5,448,861",
190,Andrea Bargnani  Center | 2006-2009 (FA: 0)  Originally signed w/ TOR,20,4,"$21,044,011","$5,261,003",
191,Boban Marjanovic  Center | 2016-2018 (FA: 2019)  Originally signed w/ DET,27,3,"$21,000,000","$7,000,000",
191,Ivica Zubac  Center | 2019-2021 (FA: 2023),22,3,"$21,000,000","$7,000,000",
193,Mehmet Okur  Center | 2010-2011 (FA: 2012)  Originally signed w/ UTA,-,2,"$20,800,000","$10,400,000",
194,Mohamed Bamba  Center | 2022-2023 (FA: 2024)  Originally signed w/ ORL,24,2,"$20,600,000","$10,300,000",
195,Andray Blatche  Center | 2007-2011 (FA: 2012)  Originally signed w/ WAS,20,5,"$20,551,752","$4,110,350",
196,Andrew Bogut  Center | 2005-2008 (FA: 0)  Originally signed w/ MIL,20,4,"$20,292,310","$5,073,078",
197,Alexis Ajinca  Center | 2015-2018 (FA: 2019)  Originally signed w/ NOP,26,4,"$20,200,000","$5,050,000",
198,Khem Birch  Center | 2021-2023 (FA: 2024)  Originally signed w/ TOR,28,3,"$20,002,500","$6,667,500",
199,Nene Hilario  Center | 2019-2020 (FA: 2021)  Originally signed w/ HOU,36,2,"$20,000,000","$10,000,000",
199,Ed Davis  Center | 2015-2017 (FA: 2018)  Originally signed w/ POR,26,3,"$20,000,000","$6,666,667",
199,David Robinson  Center | 2001-2002 (FA: 2003),35,2,"$20,000,000","$10,000,000",
199,Taj Gibson  Center | 2019-2020 (FA: 2021)  Originally signed w/ NYK,34,2,"$20,000,000","$10,000,000",
203,Joel Embiid  Center | 2014-2017 (FA: 0),20,4,"$19,981,026","$4,995,257",
204,Dwight Howard  Center | 2004-2006 (FA: 0)  Originally signed w/ ORL,18,4,"$19,540,874","$4,885,219",
205,Al Horford  Center | 2023-2024 (FA: 2025),36,2,"$19,500,000","$9,750,000",
205,Aron Baynes  Center | 2015-2017 (FA: 2018)  Originally signed w/ DET,28,3,"$19,500,000","$6,500,000",
207,Jalen Duren  Center | 2022-2025 (FA: 2026),18,4,"$19,474,944","$4,868,736",
208,Derrick Favors  Center | 2010-2013 (FA: 0)  Originally signed w/ UTA,18,4,"$19,338,156","$4,834,539",
209,Zaza Pachulia  Center | 2009-2012 (FA: 2013)  Originally signed w/ ATL,25,4,"$19,000,000","$4,750,000",
210,Serge Ibaka  Center | 2020-2021 (FA: 2022)  Originally signed w/ LAC,31,2,"$18,978,900","$9,489,450",
210,Tristan Thompson  Center | 2020-2021 (FA: 2022)  Originally signed w/ BOS,29,2,"$18,978,900","$9,489,450",
210,Montrezl Harrell  Center | 2020-2021 (FA: 2022)  Originally signed w/ LAL,26,2,"$18,978,900","$9,489,450",
213,Enes Freedom  Center | 2011-2014 (FA: 2015)  Originally signed w/ UTA,18,4,"$18,652,514","$4,663,129",
214,Joel Anthony  Center | 2010-2014 (FA: 2015)  Originally signed w/ MIA,27,5,"$18,250,000","$3,650,000",
215,Yao Ming  Center | 2002-2005 (FA: 0),21,4,"$18,037,586","$4,509,397",
216,Mark Williams  Center | 2022-2025 (FA: 2026),20,4,"$18,001,011","$4,500,253",
217,Marcus Camby  Center | 2010-2011 (FA: 2012)  Originally signed w/ POR,35,2,"$17,709,750","$8,854,875",
218,David Robinson  Center | 1995-1996 (FA: 1997),29,2,"$17,652,000","$8,826,000",
219,Al Horford  Center | 2007-2010 (FA: 2011)  Originally signed w/ ATL,20,4,"$17,525,017","$4,381,254",
220,Emeka Okafor  Center | 2004-2007 (FA: 2008)  Originally signed w/ NOH,21,4,"$17,487,667","$4,371,917",
221,Cody Zeller  Center | 2013-2016 (FA: 0)  Originally signed w/ CHA,20,4,"$17,410,113","$4,352,528",
222,Shaquille O'Neal  Center | 1992-1995 (FA: 1996)  Originally signed w/ ORL,20,4,"$17,400,000","$4,350,000",
223,Kwame Brown  Center | 2001-2004 (FA: 2005)  Originally signed w/ WAS,18,4,"$17,286,153","$4,321,538",
224,Nicolas Claxton  Center | 2022-2023 (FA: 2024),23,2,"$17,250,000","$8,625,000",
225,JaVale McGee  Center | 2022-2024 (FA: 2025)  Originally signed w/ DAL,34,3,"$17,202,840","$5,734,280",
226,Hakeem Olajuwon  Center | 2001-2003 (FA: 2004)  Originally signed w/ HOU,37,3,"$17,082,693","$5,694,231",
227,Ronny Turiaf  Center | 2008-2011 (FA: 2012)  Originally signed w/ GSW,25,4,"$17,000,000","$4,250,000",
227,Patrick Ewing  Center | 1985-1988 (FA: 0)  Originally signed w/ NYK,22,6,"$17,000,000","$2,833,333",
229,Brendan Haywood  Center | 2012-2015 (FA: 2015)  Originally signed w/ CHA,32,4,"$16,836,188","$4,209,047",
230,Tristan Thompson  Center | 2011-2014 (FA: 2015),19,4,"$16,821,270","$4,205,318",
231,Zach Collins  Center | 2017-2020 (FA: 2021)  Originally signed w/ POR,19,4,"$16,332,615","$4,083,154",
232,Kendrick Perkins  Center | 2007-2009 (FA: 0)  Originally signed w/ BOS,22,4,"$16,125,000","$4,031,250",
233,Kyle O'Quinn  Center | 2015-2018 (FA: 2019)  Originally signed w/ ORL,25,4,"$16,012,500","$4,003,125",
234,Moritz Wagner  Center | 2023-2024 (FA: 2025),26,2,"$16,000,000","$8,000,000",
234,Zaza Pachulia  Center | 2005-2008 (FA: 2009)  Originally signed w/ ATL,21,4,"$16,000,000","$4,000,000",
234,Ian Mahinmi  Center | 2012-2015 (FA: 2016)  Originally signed w/ DAL,25,4,"$16,000,000","$4,000,000",
234,Tyler Zeller  Center | 2016-2017 (FA: 2018)  Originally signed w/ BOS,25,2,"$16,000,000","$8,000,000",
234,Isaiah Hartenstein  Center | 2022-2023 (FA: 2024),24,2,"$16,000,000","$8,000,000",
239,DeMarcus Cousins  Center | 2010-2013 (FA: 2014)  Originally signed w/ SAC,19,4,"$15,800,133","$3,950,033",
240,Alex Len  Center | 2013-2016 (FA: 2017)  Originally signed w/ PHX,19,4,"$15,773,381","$3,943,345",
241,Zaza Pachulia  Center | 2013-2015 (FA: 2016)  Originally signed w/ MIL,29,3,"$15,600,000","$5,200,000",
242,Alperen Sengun  Center | 2021-2024 (FA: 2025),19,4,"$15,550,974","$3,887,744",
243,Tyson Chandler  Center | 2001-2004 (FA: 2005)  Originally signed w/ CHI,18,4,"$15,469,822","$3,867,456",
244,Robin Lopez  Center | 2012-2014 (FA: 2015)  Originally signed w/ NOH,24,3,"$15,359,283","$5,119,761",
245,Willie Cauley-Stein  Center | 2015-2018 (FA: 2019)  Originally signed w/ SAC,21,4,"$15,350,475","$3,837,619",
246,Jonas Valanciunas  Center | 2012-2015 (FA: 2016)  Originally signed w/ TOR,19,4,"$15,239,922","$3,809,981",
247,Festus Ezeli  Center | 2016-2016 (FA: 2018),26,2,"$15,133,000","$7,566,500",
248,Isaiah Stewart  Center | 2020-2023 (FA: 2024),19,4,"$15,098,193","$3,774,548",
249,Nick Richards  Center | 2023-2025 (FA: 2026),25,3,"$15,000,000","$5,000,000",
249,Brad Miller  Center | 2010-2012 (FA: 2013)  Originally signed w/ HOU,0,3,"$15,000,000","$5,000,000",
251,Kevin Love  Center | 2008-2011 (FA: 0)  Originally signed w/ MIN,19,4,"$14,812,701","$3,703,175",
252,Brendan Haywood  Center | 2010-2011 (FA: 2012)  Originally signed w/ DAL,30,2,"$14,524,500","$7,262,250",
253,Kevon Looney  Center | 2019-2021 (FA: 2022),23,3,"$14,464,287","$4,821,429",
254,Hasheem Thabeet  Center | 2009-2011 (FA: 2012)  Originally signed w/ HOU,21,3,"$14,379,840","$4,793,280",
255,Jahlil Okafor  Center | 2015-2017 (FA: 2018)  Originally signed w/ PHI,19,3,"$14,366,640","$4,788,880",
256,Ekpe Udoh  Center | 2010-2013 (FA: 2014)  Originally signed w/ GSW,22,4,"$14,354,428","$3,588,607",
257,Aron Baynes  Center | 2020-2021 (FA: 2022),33,2,"$14,350,000","$7,175,000",
258,Nerlens Noel  Center | 2013-2016 (FA: 2017)  Originally signed w/ PHI,18,4,"$14,329,730","$3,582,433",
259,Dewayne Dedmon  Center | 2017-2018 (FA: 2019)  Originally signed w/ ATL,27,2,"$14,100,000","$7,050,000",
260,Bam Adebayo  Center | 2017-2020 (FA: 2021),19,4,"$14,015,772","$3,503,943",
261,Timofey Mozgov  Center | 2013-2015 (FA: 2016)  Originally signed w/ DEN,26,3,"$14,000,000","$4,666,667",
262,Alonzo Mourning  Center | 1992-1995 (FA: 1996)  Originally signed w/ CHA,22,4,"$13,920,000","$3,480,000",
263,Matt Bonner  Center | 2010-2013 (FA: 2014),30,4,"$13,890,000","$3,472,500",
264,Dikembe Mutombo  Center | 1991-1995 (FA: 1996)  Originally signed w/ DEN,25,5,"$13,755,000","$2,751,000",
265,Samuel Dalembert  Center | 2011-2012 (FA: 2013)  Originally signed w/ HOU,25,2,"$13,698,565","$6,849,283",
266,Goga Bitadze  Center | 2019-2022 (FA: 2023)  Originally signed w/ IND,19,4,"$13,638,019","$3,409,505",
267,Walker Kessler  Center | 2022-2025 (FA: 2026),20,4,"$13,372,418","$3,343,105",
268,Brad Miller  Center | 2000-2002 (FA: 2003)  Originally signed w/ CHI,0,3,"$13,200,000","$4,400,000",
269,Marcus Camby  Center | 2012-2014 (FA: 2015)  Originally signed w/ NYK,38,3,"$13,151,319","$4,383,773",
270,Greg Monroe  Center | 2010-2013 (FA: 2014)  Originally signed w/ DET,19,4,"$13,110,094","$3,277,524",
271,Pau Gasol  Center | 2001-2004 (FA: 0)  Originally signed w/ MEM,20,4,"$13,101,396","$3,275,349",
272,Nikola Pekovic  Center | 2010-2012 (FA: 2013),24,3,"$12,960,000","$4,320,000",
273,Justin Patton  Center | 2017-2020 (FA: 2021)  Originally signed w/ MIN,20,4,"$12,814,166","$3,203,542",
274,Jeff Foster  Center | 2009-2010 (FA: 2011),-,2,"$12,732,500","$6,366,250",
275,Hakeem Olajuwon  Center | 1990-1993 (FA: 0)  Originally signed w/ HOU,26,4,"$12,685,000","$3,171,250",
276,Bismack Biyombo  Center | 2011-2014 (FA: 2015)  Originally signed w/ CHA,18,4,"$12,645,278","$3,161,320",
277,Eddy Curry  Center | 2001-2004 (FA: 2005)  Originally signed w/ CHI,-,4,"$12,534,242","$3,133,561",
278,Jakob Poeltl  Center | 2016-2019 (FA: 2020),20,4,"$12,231,806","$3,057,952",
279,Dwight Powell  Center | 2023-2025 (FA: 2026),31,3,"$12,000,000","$4,000,000",
279,Montrezl Harrell  Center | 2018-2019 (FA: 2020)  Originally signed w/ LAC,24,2,"$12,000,000","$6,000,000",
281,Jermaine O'Neal  Center | 2010-2011 (FA: 2012)  Originally signed w/ BOS,31,2,"$11,991,000","$5,995,500",
282,Frank Kaminsky  Center | 2015-2018 (FA: 2019)  Originally signed w/ CHA,21,4,"$11,817,962","$2,954,491",
283,Thon Maker  Center | 2016-2019 (FA: 2020)  Originally signed w/ MIL,19,4,"$11,622,123","$2,905,531",
284,Chris Kaman  Center | 2003-2006 (FA: 2007)  Originally signed w/ LAC,20,4,"$11,214,368","$2,803,592",
285,Amir Johnson  Center | 2007-2009 (FA: 2010)  Originally signed w/ DET,20,3,"$11,000,000","$3,666,667",
285,Amir Johnson  Center | 2017-2017 (FA: 2018),30,1,"$11,000,000","$11,000,000",
287,Nene Hilario  Center | 2017-2019 (FA: 2019)  Originally signed w/ HOU,34,3,"$10,954,440","$3,651,480",
288,Dwight Howard  Center | 2018-2019 (FA: 2020)  Originally signed w/ WAS,32,2,"$10,940,850","$5,470,425",
289,Bruno Fernando  Center | 2022-2025 (FA: 2026)  Originally signed w/ HOU,24,4,"$10,869,564","$2,717,391",
290,Myles Turner  Center | 2015-2018 (FA: 0),18,4,"$10,801,804","$2,700,451",
291,Andre Drummond  Center | 2012-2015 (FA: 2016)  Originally signed w/ DET,18,4,"$10,659,170","$2,664,793",
292,Aron Baynes  Center | 2018-2019 (FA: 2020)  Originally signed w/ BOS,31,2,"$10,646,880","$5,323,440",
293,Harry Giles  Center | 2017-2020 (FA: 2021)  Originally signed w/ SAC,19,4,"$10,621,750","$2,655,438",
294,Fabricio Oberto  Center | 0-0 (FA: 2010),-1,3,"$10,500,000","$3,500,000",
295,Georgios Papagiannis  Center | 2016-2019 (FA: 2020)  Originally signed w/ SAC,19,4,"$10,334,366","$2,583,592",
296,Day'Ron Sharpe  Center | 2021-2024 (FA: 2025),19,4,"$10,317,802","$2,579,451",
297,Santi Aldama  Center | 2021-2024 (FA: 2025),20,4,"$10,243,371","$2,560,843",
298,Udoka Azubuike  Center | 2020-2023 (FA: 2023)  Originally signed w/ UTA,21,4,"$10,151,244","$2,537,811",
299,Taj Gibson  Center | 2021-2022 (FA: 2023)  Originally signed w/ NYK,35,2,"$10,100,000","$5,050,000",
300,Timofey Mozgov  Center | 2010-2012 (FA: 2013)  Originally signed w/ NYK,23,3,"$10,051,421","$3,350,474",
301,Jarrett Allen  Center | 2017-2020 (FA: 2021)  Originally signed w/ BKN,19,4,"$10,034,582","$2,508,646",
302,Joakim Noah  Center | 2007-2010 (FA: 0)  Originally signed w/ CHI,21,4,"$10,015,096","$2,503,774",
303,Daniel Theis  Center | 2019-2020 (FA: 2021)  Originally signed w/ BOS,27,2,"$10,000,000","$5,000,000",
303,Johan Petro  Center | 2010-2012 (FA: 2013)  Originally signed w/ NJN,24,3,"$10,000,000","$3,333,333",
303,Mike Muscala  Center | 2017-2018 (FA: 2019)  Originally signed w/ ATL,26,2,"$10,000,000","$5,000,000",
303,Mark Madsen  Center | 0-2009 (FA: 2010),-1,5,"$10,000,000","$2,000,000",
307,Moritz Wagner  Center | 2018-2020 (FA: 2021)  Originally signed w/ LAL,21,4,"$9,881,138","$2,470,285",
308,Brook Lopez  Center | 2008-2011 (FA: 2012)  Originally signed w/ NJN,19,4,"$9,844,743","$2,461,186",
309,Chris Kaman  Center | 2014-2015 (FA: 2016),32,2,"$9,816,000","$4,908,000",
310,Marc Gasol  Center | 2008-2010 (FA: 2011),23,3,"$9,813,333","$3,271,111",
311,Richaun Holmes  Center | 2019-2020 (FA: 2021)  Originally signed w/ SAC,25,2,"$9,772,350","$4,886,175",
311,Ed Davis  Center | 2019-2020 (FA: 2021)  Originally signed w/ UTA,30,2,"$9,772,350","$4,886,175",
311,Robin Lopez  Center | 2019-2020 (FA: 2021),31,2,"$9,772,350","$4,886,175",
311,Enes Freedom  Center | 2019-2020 (FA: 2021)  Originally signed w/ BOS,26,2,"$9,772,350","$4,886,175",
315,Ante Zizic  Center | 2017-2020 (FA: 2020)  Originally signed w/ BOS,20,4,"$9,751,975","$2,437,994",
316,Meyers Leonard  Center | 2012-2015 (FA: 2016)  Originally signed w/ POR,19,4,"$9,742,479","$2,435,620",
317,Steven Adams  Center | 2013-2016 (FA: 0)  Originally signed w/ OKC,19,4,"$9,695,397","$2,423,849",
318,Meyers Leonard  Center | 2020-2020 (FA: 2022)  Originally signed w/ MIA,28,1,"$9,400,000","$9,400,000",
319,Nene Hilario  Center | 2002-2005 (FA: 2006)  Originally signed w/ DEN,19,4,"$9,348,529","$2,337,132",
320,Ed Davis  Center | 2010-2013 (FA: 2014)  Originally signed w/ TOR,20,4,"$9,343,100","$2,335,775",
321,Robert Williams III  Center | 2018-2021 (FA: 2022),20,4,"$9,283,856","$2,320,964",
322,Boris Diaw  Center | 2012-2013 (FA: 2014)  Originally signed w/ SAS,30,2,"$9,202,500","$4,601,250",
323,Mouhamed Sene  Center | 0-2010 (FA: 2011),-1,4,"$9,188,370","$2,297,093",
324,Shelden Williams  Center | 2006-2008 (FA: 2009)  Originally signed w/ ATL,-,3,"$9,079,920","$3,026,640",
325,Dewayne Dedmon  Center | 2022-2023 (FA: 2024)  Originally signed w/ MIA,32,2,"$9,024,000","$4,512,000",
326,Kosta Koufos  Center | 2012-2014 (FA: 2015)  Originally signed w/ DEN,22,3,"$9,000,000","$3,000,000",
326,Jordan Hill  Center | 2014-2014 (FA: 2015)  Originally signed w/ LAL,26,1,"$9,000,000","$9,000,000",
326,Tibor Pleiss  Center | 2015-2017 (FA: 2018)  Originally signed w/ UTA,25,3,"$9,000,000","$3,000,000",
329,Matt Bonner  Center | 2007-2009 (FA: 2010),27,3,"$8,940,000","$2,980,000",
330,Andrew Bynum  Center | 2005-2008 (FA: 0)  Originally signed w/ LAL,17,4,"$8,860,440","$2,215,110",
331,Taj Gibson  Center | 2009-2012 (FA: 0)  Originally signed w/ CHI,23,4,"$8,690,948","$2,172,737",
332,Larry Sanders  Center | 2010-2013 (FA: 0)  Originally signed w/ MIL,21,4,"$8,639,008","$2,159,752",
333,DeSagana Diop  Center | 2001-2004 (FA: 2005),18,4,"$8,637,084","$2,159,271",
334,Tony Bradley  Center | 2017-2020 (FA: 2021)  Originally signed w/ UTA,19,4,"$8,598,860","$2,149,715",
335,Alex Len  Center | 2018-2019 (FA: 2020)  Originally signed w/ ATL,25,2,"$8,510,000","$4,255,000",
336,Hilton Armstrong  Center | 2006-2009 (FA: 2010)  Originally signed w/ NOH,22,4,"$8,501,198","$2,125,300",
337,Hakeem Olajuwon  Center | 1991-1992 (FA: 0)  Originally signed w/ HOU,27,2,"$8,474,900","$4,237,450",
338,Lucas Nogueira  Center | 2014-2017 (FA: 2018),21,4,"$8,473,305","$2,118,326",
338,Jusuf Nurkic  Center | 2014-2016 (FA: 2018)  Originally signed w/ DEN,19,4,"$8,473,305","$2,118,326",
340,Marcus Camby  Center | 1996-1998 (FA: 0)  Originally signed w/ TOR,22,3,"$8,397,240","$2,799,080",
341,Luc Longley  Center | 1995-1997 (FA: 1998)  Originally signed w/ CHI,25,3,"$8,274,900","$2,758,300",
342,Andris Biedrins  Center | 2004-2007 (FA: 2008)  Originally signed w/ GSW,17,4,"$8,208,776","$2,052,194",
343,Jaylin Williams  Center | 2022-2025 (FA: 2026),20,4,"$8,207,398","$2,051,850",
344,JaVale McGee  Center | 2019-2020 (FA: 2021)  Originally signed w/ LAL,31,2,"$8,200,000","$4,100,000",
345,Henry Ellenson  Center | 2016-2019 (FA: 2020)  Originally signed w/ DET,19,4,"$8,199,204","$2,049,801",
346,Jordan Hill  Center | 2016-2017 (FA: 2018),28,2,"$8,180,000","$4,090,000",
347,Robin Lopez  Center | 2009-2011 (FA: 2012)  Originally signed w/ PHX,20,4,"$8,099,162","$2,024,791",
348,Jordan Hill  Center | 2009-2011 (FA: 2012)  Originally signed w/ HOU,21,3,"$8,008,560","$2,669,520",
349,Chris Kaman  Center | 2012-2012 (FA: 2013)  Originally signed w/ DAL,30,1,"$8,000,000","$8,000,000",
349,Kwame Brown  Center | 2008-2009 (FA: 2010)  Originally signed w/ DET,26,2,"$8,000,000","$4,000,000",
351,Nikola Vucevic  Center | 2011-2014 (FA: 0)  Originally signed w/ PHI,20,4,"$7,909,700","$1,977,425",
352,Robert Swift  Center | 0-0 (FA: 0),-1,4,"$7,894,553","$1,973,638",
353,Kevin Love  Center | 2023-2024 (FA: 2025),34,2,"$7,863,263","$3,931,632",
354,Alex Len  Center | 2021-2022 (FA: 2023),28,2,"$7,650,600","$3,825,300",
355,Joel Przybilla  Center | 2000-2003 (FA: 2004),20,4,"$7,597,509","$1,899,377",
356,Samuel Dalembert  Center | 2013-2014 (FA: 2015),28,2,"$7,568,030","$3,784,015",
357,Tyler Zeller  Center | 2012-2015 (FA: 2016)  Originally signed w/ CLE,21,4,"$7,517,295","$1,879,324",
358,Robert Parish  Center | 1992-1993 (FA: 1994)  Originally signed w/ BOS,38,2,"$7,513,000","$3,756,500",
359,Willy Hernangomez  Center | 2021-2023 (FA: 2024),27,3,"$7,330,743","$2,443,581",
360,Roy Hibbert  Center | 2008-2011 (FA: 2012)  Originally signed w/ IND,21,4,"$7,314,670","$1,828,668",
361,Robin Lopez  Center | 2020-2020 (FA: 2021)  Originally signed w/ WAS,32,1,"$7,300,000","$7,300,000",
362,Al Jefferson  Center | 2004-2007 (FA: 0)  Originally signed w/ BOS,18,4,"$7,019,285","$1,754,821",
363,Boban Marjanovic  Center | 2021-2022 (FA: 2023)  Originally signed w/ DAL,30,2,"$7,000,000","$3,500,000",
363,Boban Marjanovic  Center | 2019-2020 (FA: 2021)  Originally signed w/ DAL,30,2,"$7,000,000","$3,500,000",
363,Mike Muscala  Center | 2022-2023 (FA: 2024)  Originally signed w/ OKC,30,2,"$7,000,000","$3,500,000",
363,Mike Muscala  Center | 2021-2022 (FA: 2023)  Originally signed w/ OKC,30,2,"$7,000,000","$3,500,000",
363,Melvin Ely  Center | 2002-2005 (FA: 2006)  Originally signed w/ LAC,23,4,"$7,000,000","$1,750,000",
363,Jordan Hill  Center | 2012-2013 (FA: 2014)  Originally signed w/ LAL,24,2,"$7,000,000","$3,500,000",
369,Ryan Hollins  Center | 2009-2011 (FA: 2012)  Originally signed w/ MIN,24,3,"$6,999,999","$2,333,333",
370,JaVale McGee  Center | 2008-2011 (FA: 2012)  Originally signed w/ WAS,19,4,"$6,952,320","$1,738,080",
371,Cole Aldrich  Center | 2010-2012 (FA: 2013)  Originally signed w/ OKC,21,3,"$6,858,000","$2,286,000",
372,Kwame Brown  Center | 2011-2011 (FA: 2012)  Originally signed w/ GSW,29,1,"$6,750,000","$6,750,000",
373,Oleksiy Pecherov  Center | 0-2011 (FA: 2012),-1,4,"$6,720,430","$1,680,108",
374,Etan Thomas  Center | 2000-2003 (FA: 2004)  Originally signed w/ DAL,-,4,"$6,680,062","$1,670,016",
375,Gorgui Dieng  Center | 2013-2016 (FA: 0)  Originally signed w/ MIN,22,4,"$6,589,343","$1,647,336",
376,Vernon Carey Jr.  Center | 2020-2022 (FA: 2024)  Originally signed w/ CHA,19,3,"$6,581,283","$2,193,761",
377,Ekpe Udoh  Center | 2017-2018 (FA: 2019)  Originally signed w/ LAC,29,2,"$6,560,000","$3,280,000",
377,Andre Drummond  Center | 2022-2023 (FA: 2024),28,2,"$6,560,000","$3,280,000",
379,Xavier Tillman  Center | 2020-2023 (FA: 2024),21,4,"$6,531,283","$1,632,821",
380,Mason Plumlee  Center | 2013-2016 (FA: 2017)  Originally signed w/ BKN,22,4,"$6,399,770","$1,599,943",
381,Luc Longley  Center | 1991-1994 (FA: 1995)  Originally signed w/ MIN,21,4,"$6,360,000","$1,590,000",
382,Damian Jones  Center | 2016-2019 (FA: 2020)  Originally signed w/ GSW,21,4,"$6,334,179","$1,583,545",
383,Jarron Collins  Center | 0-0 (FA: 2010),-1,1,"$6,200,000","$6,200,000",
384,Vitor Faverani  Center | 2013-2015 (FA: 2016),25,3,"$6,180,000","$2,060,000",
385,Daniel Gafford  Center | 2019-2022 (FA: 0)  Originally signed w/ CHI,20,4,"$6,129,593","$1,532,398",
385,Naz Reid  Center | 2019-2022 (FA: 2023),19,4,"$6,129,593","$1,532,398",
387,Clint Capela  Center | 2014-2017 (FA: 2018)  Originally signed w/ HOU,19,4,"$6,062,688","$1,515,672",
388,Willy Hernangomez  Center | 2016-2019 (FA: 2020)  Originally signed w/ NYK,21,4,"$6,032,436","$1,508,109",
389,Khem Birch  Center | 2019-2020 (FA: 2021)  Originally signed w/ ORL,26,2,"$6,000,000","$3,000,000",
389,DeJaun Blair  Center | 2014-2016 (FA: 2017)  Originally signed w/ DAL,25,3,"$6,000,000","$2,000,000",
389,Justin Hamilton  Center | 2016-2017 (FA: 2018)  Originally signed w/ BKN,26,2,"$6,000,000","$3,000,000",
389,Francisco Elson  Center | 2006-2007 (FA: 2008)  Originally signed w/ SAS,-,2,"$6,000,000","$3,000,000",
393,DeSagana Diop  Center | 2005-2007 (FA: 2008)  Originally signed w/ DAL,23,3,"$5,994,000","$1,998,000",
394,Dewayne Dedmon  Center | 2016-2017 (FA: 2018)  Originally signed w/ SAS,26,2,"$5,926,410","$2,963,205",
395,Kosta Koufos  Center | 2008-2011 (FA: 0)  Originally signed w/ UTA,18,4,"$5,899,792","$1,474,948",
396,Serge Ibaka  Center | 2009-2012 (FA: 0)  Originally signed w/ OKC,19,4,"$5,865,661","$1,466,415",
397,Kwame Brown  Center | 2012-2013 (FA: 2013),30,2,"$5,764,945","$2,882,473",
398,Bismack Biyombo  Center | 2015-2016 (FA: 2017)  Originally signed w/ TOR,22,2,"$5,754,630","$2,877,315",
399,Christian Wood  Center | 2023-2024 (FA: 2025),27,2,"$5,745,889","$2,872,945",
400,Jericho Sims  Center | 2022-2024 (FA: 2025),23,3,"$5,658,206","$1,886,069",
401,Rudy Gobert  Center | 2013-2016 (FA: 0)  Originally signed w/ UTA,20,4,"$5,503,368","$1,375,842",
402,Robert Parish  Center | 1990-1991 (FA: 0)  Originally signed w/ BOS,36,2,"$5,500,000","$2,750,000",
403,Greg Monroe  Center | 2014-2014 (FA: 2015)  Originally signed w/ DET,24,1,"$5,479,933","$5,479,933",
404,Miles Plumlee  Center | 2012-2015 (FA: 2016)  Originally signed w/ IND,23,4,"$5,473,973","$1,368,493",
405,Omer Yurtseven  Center | 2023-2024 (FA: 2025),25,2,"$5,460,000","$2,730,000",
406,Josh Boone  Center | 0-2010 (FA: 2011),-1,4,"$5,456,088","$1,364,022",
407,Thomas Bryant  Center | 2023-2024 (FA: 2025),25,2,"$5,373,575","$2,686,788",
408,DeMarcus Cousins  Center | 2018-2018 (FA: 2019)  Originally signed w/ GSW,27,1,"$5,337,000","$5,337,000",
409,Jason Collins  Center | 2001-2004 (FA: 2005)  Originally signed w/ NJN,13,4,"$5,330,184","$1,332,546",
410,Chimezie Metu  Center | 2020-2020 (FA: 2021)  Originally signed w/ SAC,23,3,"$5,294,220","$1,764,740",
410,Drew Eubanks  Center | 2020-2022 (FA: 2023)  Originally signed w/ SAS,23,3,"$5,294,220","$1,764,740",
412,Aaron Gray  Center | 2012-2013 (FA: 2014)  Originally signed w/ TOR,27,2,"$5,265,875","$2,632,938",
412,Greg Stiemsma  Center | 2012-2013 (FA: 2014)  Originally signed w/ MIN,26,2,"$5,265,875","$2,632,938",
414,Alonzo Mourning  Center | 2006-2007 (FA: 2008),36,2,"$5,262,500","$2,631,250",
415,Marc Gasol  Center | 2020-2021 (FA: 2022)  Originally signed w/ LAL,35,2,"$5,257,744","$2,628,872",
416,Christian Koloko  Center | 2022-2024 (FA: 2025),22,3,"$5,239,563","$1,746,521",
417,Montrezl Harrell  Center | 2022-2023 (FA: 2024),28,2,"$5,223,516","$2,611,758",
418,Festus Ezeli  Center | 2012-2015 (FA: 2016)  Originally signed w/ GSW,22,4,"$5,209,508","$1,302,377",
419,Richaun Holmes  Center | 2015-2018 (FA: 2019)  Originally signed w/ PHI,21,4,"$5,171,902","$1,292,976",
420,Boris Diaw  Center | 2003-2006 (FA: 0)  Originally signed w/ ATL,20,4,"$5,163,421","$1,290,855",
421,Vincent Poirier  Center | 2019-2020 (FA: 2021)  Originally signed w/ BOS,25,2,"$5,125,000","$2,562,500",
422,Drew Eubanks  Center | 2023-2024 (FA: 2025),26,2,"$5,001,258","$2,500,629",
423,Mason Plumlee  Center | 2023-2023 (FA: 2024),33,1,"$5,000,000","$5,000,000",
423,JaVale McGee  Center | 2021-2021 (FA: 2022)  Originally signed w/ PHX,33,1,"$5,000,000","$5,000,000",
423,Nerlens Noel  Center | 2020-2020 (FA: 2021)  Originally signed w/ NYK,26,1,"$5,000,000","$5,000,000",
423,Robin Lopez  Center | 2021-2021 (FA: 2022)  Originally signed w/ ORL,33,1,"$5,000,000","$5,000,000",
423,Joel Anthony  Center | 2015-2016 (FA: 2017)  Originally signed w/ DET,32,2,"$5,000,000","$2,500,000",
423,Roy Hibbert  Center | 2016-2016 (FA: 2017)  Originally signed w/ CHA,29,1,"$5,000,000","$5,000,000",
423,Greg Monroe  Center | 2017-2017 (FA: 2018)  Originally signed w/ BOS,27,1,"$5,000,000","$5,000,000",
423,Chris Mihm  Center | 0-0 (FA: 2009),-1,2,"$5,000,000","$2,500,000",
431,Johan Petro  Center | 2005-2008 (FA: 2009)  Originally signed w/ SEA,19,4,"$4,960,413","$1,240,103",
432,Brendan Haywood  Center | 2001-2004 (FA: 0)  Originally signed w/ WAS,21,4,"$4,891,185","$1,222,796",
433,Damian Jones  Center | 2022-2023 (FA: 2024)  Originally signed w/ LAL,27,2,"$4,885,050","$2,442,525",
434,Hamed Haddadi  Center | 2008-2010 (FA: 2011)  Originally signed w/ MEM,23,3,"$4,800,000","$1,600,000",
434,David Andersen  Center | 2009-2010 (FA: 2011),29,2,"$4,800,000","$2,400,000",
436,Frank Kaminsky  Center | 2019-2019 (FA: 2021)  Originally signed w/ PHX,26,1,"$4,767,000","$4,767,000",
437,Mitchell Robinson  Center | 2018-2020 (FA: 2022),19,3,"$4,709,013","$1,569,671",
438,Bruno Fernando  Center | 2019-2021 (FA: 2022),20,3,"$4,700,602","$1,566,867",
439,Jaxson Hayes  Center | 2023-2024 (FA: 2025),23,2,"$4,628,946","$2,314,473",
440,Miroslav Raduljica  Center | 2013-2015 (FA: 2014)  Originally signed w/ MIL,24,3,"$4,567,500","$1,522,500",
441,Luke Kornet  Center | 2022-2023 (FA: 2024),26,2,"$4,546,582","$2,273,291",
442,Luke Kornet  Center | 2019-2020 (FA: 2021)  Originally signed w/ CHI,24,2,"$4,500,000","$2,250,000",
443,Willie Cauley-Stein  Center | 2019-2020 (FA: 2021)  Originally signed w/ GSW,25,2,"$4,463,840","$2,231,920",
444,Ed Davis  Center | 2018-2018 (FA: 2019)  Originally signed w/ BKN,29,1,"$4,449,000","$4,449,000",
444,Kyle O'Quinn  Center | 2018-2018 (FA: 2019)  Originally signed w/ NYK,28,1,"$4,449,000","$4,449,000",
446,Aron Baynes  Center | 2017-2017 (FA: 2018)  Originally signed w/ BOS,30,1,"$4,328,000","$4,328,000",
447,Charles Bassey  Center | 2021-2023 (FA: 2024)  Originally signed w/ PHI,20,3,"$4,324,872","$1,441,624",
447,Marko Simonovic  Center | 2021-2023 (FA: 2024),21,3,"$4,324,872","$1,441,624",
449,Ben Wallace  Center | 2010-2011 (FA: 2012),-,2,"$4,320,000","$2,160,000",
450,Kendrick Perkins  Center | 2003-2006 (FA: 0)  Originally signed w/ BOS,18,4,"$4,315,609","$1,078,902",
451,Mike Muscala  Center | 2019-2020 (FA: 2021)  Originally signed w/ OKC,28,2,"$4,311,628","$2,155,814",
452,Nick Richards  Center | 2020-2022 (FA: 0),23,3,"$4,300,602","$1,433,534",
453,Neemias Queta  Center | 2023-2024 (FA: 2025),24,2,"$4,216,676","$2,108,338",
454,Erick Dampier  Center | 1996-1998 (FA: 1999)  Originally signed w/ IND,-,3,"$4,200,880","$1,400,293",
455,Nicolas Claxton  Center | 2019-2021 (FA: 2022),20,3,"$4,198,912","$1,399,637",
455,Dewan Hernandez  Center | 2019-2021 (FA: 2022),22,3,"$4,198,912","$1,399,637",
457,Alex Len  Center | 2017-2017 (FA: 2018)  Originally signed w/ PHX,24,1,"$4,187,598","$4,187,598",
457,Nerlens Noel  Center | 2017-2017 (FA: 2018)  Originally signed w/ DAL,23,1,"$4,187,598","$4,187,598",
459,Alexis Ajinca  Center | 2008-2010 (FA: 2011)  Originally signed w/ TOR,19,3,"$4,116,240","$1,372,080",
460,Willie Cauley-Stein  Center | 2020-2020 (FA: 2022)  Originally signed w/ DAL,26,1,"$4,100,000","$4,100,000",
461,Nikola Jokic  Center | 2015-2017 (FA: 2018),20,3,"$4,075,500","$1,358,500",
462,Jahlil Okafor  Center | 2020-2021 (FA: 2022)  Originally signed w/ DET,24,2,"$4,012,890","$2,006,445",
463,Matt Bonner  Center | 2005-2006 (FA: 2007),25,2,"$4,000,000","$2,000,000",
463,Jordan Hill  Center | 2015-2015 (FA: 2016)  Originally signed w/ IND,27,1,"$4,000,000","$4,000,000",
463,Gorgui Dieng  Center | 2021-2021 (FA: 2022)  Originally signed w/ ATL,31,1,"$4,000,000","$4,000,000",
466,Patrick Ewing  Center | 2001-2002 (FA: 2003),38,2,"$3,968,420","$1,984,210",
467,Samuel Dalembert  Center | 2001-2004 (FA: 2005)  Originally signed w/ PHI,15,4,"$3,949,289","$987,322",
468,Ike Anigbogu  Center | 2017-2019 (FA: 2020)  Originally signed w/ IND,18,3,"$3,946,762","$1,315,587",
469,Deyonta Davis  Center | 2016-2018 (FA: 2019)  Originally signed w/ MEM,19,3,"$3,922,842","$1,307,614",
470,Orlando Robinson  Center | 2023-2024 (FA: 2025),22,2,"$3,922,462","$1,961,231",
471,Isaiah Hartenstein  Center | 2018-2020 (FA: 2021)  Originally signed w/ HOU,19,3,"$3,919,177","$1,306,392",
471,Chimezie Metu  Center | 2018-2020 (FA: 2021)  Originally signed w/ SAS,21,3,"$3,919,177","$1,306,392",
473,Ivica Zubac  Center | 2016-2018 (FA: 2019)  Originally signed w/ LAL,18,3,"$3,892,518","$1,297,506",
474,Tony Bradley  Center | 2021-2022 (FA: 2023),23,2,"$3,825,574","$1,912,787",
475,Maceo Baston  Center | 0-0 (FA: 2009),-1,2,"$3,800,000","$1,900,000",
476,Joe Kleine  Center | 1993-1996 (FA: 1997)  Originally signed w/ PHX,30,4,"$3,770,000","$942,500",
477,Nazr Mohammed  Center | 2011-2011 (FA: 2012),33,1,"$3,750,000","$3,750,000",
478,Nerlens Noel  Center | 2018-2019 (FA: 2020)  Originally signed w/ OKC,24,2,"$3,745,548","$1,872,774",
479,Henry Ellenson  Center | 2020-2021 (FA: 2022),23,2,"$3,714,156","$1,857,078",
479,Damian Jones  Center | 2020-2021 (FA: 2022)  Originally signed w/ PHX,25,2,"$3,714,156","$1,857,078",
481,Hasheem Thabeet  Center | 2012-2014 (FA: 2014)  Originally signed w/ OKC,25,3,"$3,650,000","$1,216,667",
482,Tyler Zeller  Center | 2017-2018 (FA: 2019)  Originally signed w/ BKN,27,2,"$3,643,479","$1,821,740",
483,Moritz Wagner  Center | 2021-2022 (FA: 2023),24,2,"$3,607,937","$1,803,969",
484,Omer Asik  Center | 2010-2011 (FA: 2012),23,2,"$3,578,500","$1,789,250",
485,Kevon Looney  Center | 2015-2017 (FA: 2019),18,3,"$3,548,640","$1,182,880",
486,DeMarcus Cousins  Center | 2019-2019 (FA: 2020)  Originally signed w/ LAL,28,1,"$3,500,000","$3,500,000",
486,Bismack Biyombo  Center | 2020-2020 (FA: 2021)  Originally signed w/ CHA,28,1,"$3,500,000","$3,500,000",
488,Zaza Pachulia  Center | 2017-2017 (FA: 2018)  Originally signed w/ GSW,33,1,"$3,477,600","$3,477,600",
489,DeJaun Blair  Center | 2009-2012 (FA: 2013)  Originally signed w/ SAS,20,4,"$3,415,588","$853,897",
490,Francisco Elson  Center | 2008-2009 (FA: 2010)  Originally signed w/ MIL,0,2,"$3,400,000","$1,700,000",
491,Isaiah Hartenstein  Center | 2020-2021 (FA: 2022)  Originally signed w/ DEN,22,2,"$3,383,360","$1,691,680",
492,Brook Lopez  Center | 2018-2018 (FA: 2019),30,1,"$3,382,000","$3,382,000",
493,Jeff Withey  Center | 2017-2018 (FA: 2019),27,2,"$3,372,245","$1,686,123",
494,Melvin Ely  Center | 2006-2006 (FA: 2007)  Originally signed w/ CHA,27,1,"$3,303,813","$3,303,813",
495,Jahlil Okafor  Center | 2018-2019 (FA: 2020)  Originally signed w/ NOP,22,2,"$3,269,493","$1,634,747",
496,Omer Yurtseven  Center | 2021-2022 (FA: 2023)  Originally signed w/ MIA,23,2,"$3,241,703","$1,620,852",
497,Tristan Thompson  Center | 2023-2023 (FA: 2024),32,1,"$3,196,448","$3,196,448",
497,Robin Lopez  Center | 2023-2023 (FA: 2024),35,1,"$3,196,448","$3,196,448",
497,Nerlens Noel  Center | 2023-2023 (FA: 2024),29,1,"$3,196,448","$3,196,448",
497,Alex Len  Center | 2023-2023 (FA: 2024),30,1,"$3,196,448","$3,196,448",
497,Taj Gibson  Center | 2023-2023 (FA: 2024),38,1,"$3,196,448","$3,196,448",
497,Cody Zeller  Center | 2023-2023 (FA: 2024),30,1,"$3,196,448","$3,196,448",
497,DeAndre Jordan  Center | 2023-2023 (FA: 2024),34,1,"$3,196,448","$3,196,448",
497,JaVale McGee  Center | 2023-2023 (FA: 2024),35,1,"$3,196,448","$3,196,448",
505,Chris Kaman  Center | 2013-2013 (FA: 2014)  Originally signed w/ LAL,31,1,"$3,183,000","$3,183,000",
506,Christian Wood  Center | 2018-2019 (FA: 2020)  Originally signed w/ MIL,22,2,"$3,157,958","$1,578,979",
507,Montrezl Harrell  Center | 2015-2017 (FA: 2018)  Originally signed w/ HOU,21,3,"$3,135,000","$1,045,000",
508,Walter Tavares  Center | 2016-2018 (FA: 2019),23,3,"$3,077,047","$1,025,682",
509,Joel Przybilla  Center | 2004-2005 (FA: 2006)  Originally signed w/ POR,24,2,"$3,060,000","$1,530,000",
510,Emeka Okafor  Center | 2017-2018 (FA: 2019)  Originally signed w/ NOP,35,2,"$3,037,115","$1,518,558",
511,Ian Mahinmi  Center | 2007-2009 (FA: 2010)  Originally signed w/ SAS,20,3,"$3,027,600","$1,009,200",
512,Walter Tavares  Center | 2015-2017 (FA: 2018)  Originally signed w/ ATL,23,3,"$3,014,746","$1,004,915",
513,Jeff Foster  Center | 2011-2011 (FA: 2012),-,1,"$3,000,000","$3,000,000",
513,Ronny Turiaf  Center | 2013-2014 (FA: 2015)  Originally signed w/ MIN,30,2,"$3,000,000","$1,500,000",
513,Vyacheslav Kravtsov  Center | 2012-2013 (FA: 2014)  Originally signed w/ DET,24,2,"$3,000,000","$1,500,000",
513,Bill Wennington  Center | 1994-1996 (FA: 1997)  Originally signed w/ CHI,30,3,"$3,000,000","$1,000,000",
517,Daniel Orton  Center | 2013-2015 (FA: 2013)  Originally signed w/ PHI,23,3,"$2,997,785","$999,262",
518,Stephen Zimmerman  Center | 2016-2018 (FA: 2019)  Originally signed w/ ORL,19,3,"$2,978,250","$992,750",
519,Mike Muscala  Center | 2013-2016 (FA: 2017)  Originally signed w/ ATL,21,4,"$2,940,925","$735,231",
520,Andrea Bargnani  Center | 2015-2016 (FA: 2017),29,2,"$2,914,556","$1,457,278",
521,Robin Lopez  Center | 2022-2022 (FA: 2023)  Originally signed w/ CLE,33,1,"$2,905,865","$2,905,865",
522,Bismack Biyombo  Center | 2022-2022 (FA: 2023),29,1,"$2,905,851","$2,905,851",
522,DeAndre Jordan  Center | 2022-2022 (FA: 2023),33,1,"$2,905,851","$2,905,851",
522,Blake Griffin  Center | 2022-2022 (FA: 2023),33,1,"$2,905,851","$2,905,851",
522,Serge Ibaka  Center | 2022-2022 (FA: 2023)  Originally signed w/ MIL,32,1,"$2,905,851","$2,905,851",
522,Taj Gibson  Center | 2022-2022 (FA: 2023),37,1,"$2,905,851","$2,905,851",
527,Zaza Pachulia  Center | 2016-2016 (FA: 2017)  Originally signed w/ GSW,32,1,"$2,898,000","$2,898,000",
527,Nene Hilario  Center | 2016-2016 (FA: 2017)  Originally signed w/ HOU,33,1,"$2,898,000","$2,898,000",
529,Montrezl Harrell  Center | 2023-2023 (FA: 2024),29,1,"$2,891,467","$2,891,467",
529,Boban Marjanovic  Center | 2023-2023 (FA: 2024),35,1,"$2,891,467","$2,891,467",
531,Diamond Stone  Center | 2017-2018 (FA: 2019),20,2,"$2,857,562","$1,428,781",
532,Jermaine O'Neal  Center | 1996-1998 (FA: 1999)  Originally signed w/ POR,17,3,"$2,852,640","$950,880",
533,Solomon Alabi  Center | 2013-2015 (FA: 2013),25,3,"$2,847,877","$949,292",
534,Andray Blatche  Center | 2013-2013 (FA: 2014),26,2,"$2,813,110","$1,406,555",
535,Zydrunas Ilgauskas  Center | 2010-2010 (FA: 2011),-,2,"$2,751,688","$1,375,844",
535,Shaquille O'Neal  Center | 2010-2011 (FA: 2012),37,2,"$2,751,688","$1,375,844",
537,Daniel Orton  Center | 2012-2014 (FA: 2013)  Originally signed w/ OKC,22,3,"$2,751,572","$917,191",
538,Hamed Haddadi  Center | 2012-2013 (FA: 2014)  Originally signed w/ MEM,27,2,"$2,697,500","$1,348,750",
539,Robert Sacre  Center | 2013-2015 (FA: 2016)  Originally signed w/ LAL,24,3,"$2,685,463","$895,154",
540,Greg Stiemsma  Center | 2013-2013 (FA: 2014)  Originally signed w/ MIN,27,1,"$2,676,000","$2,676,000",
541,Enes Freedom  Center | 2021-2021 (FA: 2022)  Originally signed w/ BOS,29,1,"$2,641,691","$2,641,691",
541,Ed Davis  Center | 2021-2021 (FA: 2022),32,1,"$2,641,691","$2,641,691",
541,DeAndre Jordan  Center | 2021-2021 (FA: 202)  Originally signed w/ LAL,33,1,"$2,641,691","$2,641,691",
541,Dwight Howard  Center | 2021-2021 (FA: 2022)  Originally signed w/ PHI,35,1,"$2,641,691","$2,641,691",
541,Blake Griffin  Center | 2021-2021 (FA: 2022)  Originally signed w/ BKN,32,1,"$2,641,691","$2,641,691",
546,Cody Zeller  Center | 2022-2022 (FA: 2023)  Originally signed w/ UTA,29,1,"$2,641,682","$2,641,682",
546,Gorgui Dieng  Center | 2022-2022 (FA: 2023),32,1,"$2,641,682","$2,641,682",
548,Sasha Kaun  Center | 2015-2016 (FA: 2017)  Originally signed w/ CLE,30,2,"$2,609,420","$1,304,710",
549,A.J. Hammons  Center | 2016-2018 (FA: 2019)  Originally signed w/ DAL,23,3,"$2,605,511","$868,504",
550,Aaron Gray  Center | 2014-2015 (FA: 2014),29,2,"$2,584,131","$1,292,066",
551,Fab Melo  Center | 2012-2013 (FA: 2013)  Originally signed w/ BOS,22,2,"$2,565,960","$1,282,980",
552,Tyson Chandler  Center | 2019-2019 (FA: 2020),36,1,"$2,564,753","$2,564,753",
552,Pau Gasol  Center | 2019-2019 (FA: 2020),39,1,"$2,564,753","$2,564,753",
552,Dwight Howard  Center | 2019-2019 (FA: 2020),33,1,"$2,564,753","$2,564,753",
552,Dwight Howard  Center | 2020-2020 (FA: 2021)  Originally signed w/ PHI,33,1,"$2,564,753","$2,564,753",
556,Aaron Gray  Center | 2011-2011 (FA: 2012)  Originally signed w/ TOR,27,1,"$2,500,000","$2,500,000",
557,Chinanu Onuaku  Center | 2016-2018 (FA: 2019)  Originally signed w/ HOU,19,3,"$2,498,982","$832,994",
558,Kyle O'Quinn  Center | 2012-2014 (FA: 2015)  Originally signed w/ ORL,22,3,"$2,492,987","$830,996",
559,Jock Landale  Center | 2021-2022 (FA: 2023)  Originally signed w/ SAS,25,2,"$2,488,776","$1,244,388",
559,Luka Garza  Center | 2021-2022 (FA: 2023)  Originally signed w/ DET,22,2,"$2,488,776","$1,244,388",
561,Willie Cauley-Stein  Center | 2022-2022 (FA: 2023),29,1,"$2,463,490","$2,463,490",
561,Frank Kaminsky  Center | 2022-2022 (FA: 2023)  Originally signed w/ ATL,29,1,"$2,463,490","$2,463,490",
563,Theo Ratliff  Center | 1995-1997 (FA: 1998)  Originally signed w/ DET,0,3,"$2,463,080","$821,027",
564,Kyrylo Fesenko  Center | 2007-2009 (FA: 2010)  Originally signed w/ UTA,20,3,"$2,430,000","$810,000",
565,Daniel Oturu  Center | 2020-2021 (FA: 2022)  Originally signed w/ LAC,21,2,"$2,416,291","$1,208,146",
566,Jarrid Famous  Center | 2015-2017 (FA: 2018),27,3,"$2,414,475","$804,825",
566,Salah Mejri  Center | 2015-2017 (FA: 2018),29,3,"$2,414,475","$804,825",
566,Christian Wood  Center | 2015-2017 (FA: 2019)  Originally signed w/ PHI,19,3,"$2,414,475","$804,825",
569,Andre Drummond  Center | 2021-2021 (FA: 2022)  Originally signed w/ PHI,27,1,"$2,401,537","$2,401,537",
569,Hassan Whiteside  Center | 2021-2021 (FA: 2022),32,1,"$2,401,537","$2,401,537",
571,Zaza Pachulia  Center | 2018-2018 (FA: 2019),34,1,"$2,393,887","$2,393,887",
571,Emeka Okafor  Center | 2018-2018 (FA: 2019),35,1,"$2,393,887","$2,393,887",
571,Amir Johnson  Center | 2018-2018 (FA: 2019),31,1,"$2,393,887","$2,393,887",
571,JaVale McGee  Center | 2018-2018 (FA: 2019)  Originally signed w/ LAL,30,1,"$2,393,887","$2,393,887",
575,Cody Zeller  Center | 2021-2021 (FA: 2022)  Originally signed w/ POR,28,1,"$2,389,641","$2,389,641",
575,Dewayne Dedmon  Center | 2021-2021 (FA: 2022)  Originally signed w/ MIA,31,1,"$2,389,641","$2,389,641",
577,Kendrick Perkins  Center | 2017-2018 (FA: 2019),32,2,"$2,386,622","$1,193,311",
578,Chimezie Metu  Center | 2023-2023 (FA: 2024),26,1,"$2,346,614","$2,346,614",
578,Mohamed Bamba  Center | 2023-2023 (FA: 2024),25,1,"$2,346,614","$2,346,614",
580,DeMarcus Cousins  Center | 2020-2020 (FA: 2021)  Originally signed w/ HOU,30,1,"$2,331,593","$2,331,593",
581,Kendrick Perkins  Center | 2017-2017 (FA: 2018),32,1,"$2,328,652","$2,328,652",
581,Emeka Okafor  Center | 2017-2017 (FA: 2018),34,1,"$2,328,652","$2,328,652",
581,Joel Anthony  Center | 2017-2017 (FA: 2018),35,1,"$2,328,652","$2,328,652",
581,Andrew Bogut  Center | 2017-2017 (FA: 2018)  Originally signed w/ LAL,32,1,"$2,328,652","$2,328,652",
585,Cole Aldrich  Center | 2015-2016 (FA: 2017)  Originally signed w/ LAC,26,2,"$2,327,888","$1,163,944",
586,Hassan Whiteside  Center | 2020-2020 (FA: 2021)  Originally signed w/ SAC,31,1,"$2,320,044","$2,320,044",
587,Alex Len  Center | 2020-2020 (FA: 2021)  Originally signed w/ TOR,27,1,"$2,258,000","$2,258,000",
588,Jordan Henriquez  Center | 2013-2015 (FA: 2013),23,3,"$2,253,938","$751,313",
589,Calvin Booth  Center | 0-0 (FA: 2009),-1,2,"$2,245,063","$1,122,532",
590,Alonzo Mourning  Center | 2004-2005 (FA: 2006),35,2,"$2,238,500","$1,119,250",
591,Khem Birch  Center | 2017-2018 (FA: 2019)  Originally signed w/ ORL,24,2,"$2,193,857","$1,096,929",
591,Dakari Johnson  Center | 2017-2018 (FA: 2019)  Originally signed w/ OKC,21,2,"$2,193,857","$1,096,929",
591,Jordan Bell  Center | 2017-2018 (FA: 2019)  Originally signed w/ GSW,22,2,"$2,193,857","$1,096,929",
591,Thomas Bryant  Center | 2017-2018 (FA: 2019)  Originally signed w/ LAL,19,2,"$2,193,857","$1,096,929",
591,Daniel Theis  Center | 2017-2018 (FA: 2019)  Originally signed w/ BOS,25,2,"$2,193,857","$1,096,929",
596,Aaron Gray  Center | 2010-2012 (FA: 2010)  Originally signed w/ NOH,25,2,"$2,187,075","$1,093,538",
597,Michael Eric  Center | 2012-2012 (FA: 2012)  Originally signed w/ CLE,24,3,"$2,177,719","$725,906",
598,Tyler Zeller  Center | 2019-2019 (FA: 2020)  Originally signed w/ DEN,29,1,"$2,174,318","$2,174,318",
599,Greg Monroe  Center | 2018-2018 (FA: 2019)  Originally signed w/ TOR,28,1,"$2,165,481","$2,165,481",
599,Cole Aldrich  Center | 2018-2018 (FA: 2019),29,1,"$2,165,481","$2,165,481",
601,Harry Giles  Center | 2023-2023 (FA: 2024),25,1,"$2,165,000","$2,165,000",
601,Moses Brown  Center | 2023-2023 (FA: 2024),23,1,"$2,165,000","$2,165,000",
603,DeAndre Jordan  Center | 2008-2010 (FA: 2011)  Originally signed w/ LAC,19,3,"$2,140,809","$713,603",
604,Thomas Bryant  Center | 2022-2022 (FA: 2023)  Originally signed w/ LAL,24,1,"$2,133,278","$2,133,278",
605,Daniel Orton  Center | 2010-2011 (FA: 2012)  Originally signed w/ ORL,19,2,"$2,125,920","$1,062,960",
606,Greg Smith  Center | 2011-2013 (FA: 2013)  Originally signed w/ HOU,21,3,"$2,120,092","$706,697",
606,Greg Smith  Center | 2011-2011 (FA: 2011)  Originally signed w/ HOU,21,3,"$2,120,092","$706,697",
608,Patrick O'Bryant  Center | 0-2009 (FA: 2010)  Originally signed w/ TOR,-1987,2,"$2,120,000","$1,060,000",
609,JaVale McGee  Center | 2017-2017 (FA: 2018)  Originally signed w/ GSW,29,1,"$2,116,955","$2,116,955",
610,Tyson Chandler  Center | 2018-2018 (FA: 2019)  Originally signed w/ LAL,36,1,"$2,109,867","$2,109,867",
611,Willie Reed  Center | 2016-2017 (FA: 2018)  Originally signed w/ MIA,26,2,"$2,103,441","$1,051,721",
612,Mehmet Okur  Center | 2002-2003 (FA: 2004)  Originally signed w/ DET,0,2,"$2,100,000","$1,050,000",
613,Dexter Pittman  Center | 2010-2012 (FA: 2013)  Originally signed w/ MIA,22,3,"$2,090,188","$696,729",
614,Jahlil Okafor  Center | 2021-2021 (FA: 2022),25,1,"$2,089,448","$2,089,448",
614,Frank Kaminsky  Center | 2021-2021 (FA: 2022)  Originally signed w/ PHX,28,1,"$2,089,448","$2,089,448",
616,Ed Davis  Center | 2014-2014 (FA: 2015)  Originally signed w/ LAL,25,2,"$2,081,686","$1,040,843",
617,Aron Baynes  Center | 2014-2014 (FA: 2015)  Originally signed w/ SAS,27,1,"$2,077,000","$2,077,000",
618,Dewayne Dedmon  Center | 2013-2015 (FA: 2016)  Originally signed w/ ORL,24,3,"$2,063,758","$687,919",
619,Kyle O'Quinn  Center | 2019-2019 (FA: 2020),29,1,"$2,028,594","$2,028,594",
619,Nerlens Noel  Center | 2019-2019 (FA: 2020)  Originally signed w/ OKC,24,1,"$2,028,594","$2,028,594",
621,Sandro Mamukelashvili  Center | 2023-2023 (FA: 2024),24,1,"$2,019,706","$2,019,706",
621,Marques Bolden  Center | 2023-2023 (FA: 2024),25,1,"$2,019,706","$2,019,706",
623,Rasho Nesterovic  Center | 0-0 (FA: 2010),-1,1,"$2,000,000","$2,000,000",
623,Jermaine O'Neal  Center | 2013-2013 (FA: 2014),34,1,"$2,000,000","$2,000,000",
625,Henry Ellenson  Center | 2018-2019 (FA: 2020)  Originally signed w/ NYK,22,2,"$1,987,188","$993,594",
626,Drew Eubanks  Center | 2022-2022 (FA: 2023)  Originally signed w/ POR,25,1,"$1,968,175","$1,968,175",
627,Nazr Mohammed  Center | 1998-2000 (FA: 2001)  Originally signed w/ PHI,21,3,"$1,965,040","$655,013",
628,Jeff Withey  Center | 2015-2016 (FA: 2017)  Originally signed w/ UTA,25,2,"$1,962,972","$981,486",
629,Bruno Fernando  Center | 2022-2022 (FA: 2023)  Originally signed w/ HOU,23,1,"$1,902,133","$1,902,133",
629,Devontae Cacok  Center | 2022-2022 (FA: 2023)  Originally signed w/ POR,25,1,"$1,902,133","$1,902,133",
629,Devontae Cacok  Center | 2022-2022 (FA: 2023),25,1,"$1,902,133","$1,902,133",
629,Moses Brown  Center | 2022-2022 (FA: 2023)  Originally signed w/ LAC,22,1,"$1,902,133","$1,902,133",
633,Melvin Ely  Center | 2007-2008 (FA: 2009)  Originally signed w/ NOH,28,2,"$1,893,739","$946,870",
634,Christian Wood  Center | 2016-2017 (FA: 2018)  Originally signed w/ CHA,20,2,"$1,889,382","$944,691",
635,Frank Kaminsky  Center | 2020-2020 (FA: 2021)  Originally signed w/ SAC,27,1,"$1,882,867","$1,882,867",
636,Tim Ohlbrecht  Center | 2012-2014 (FA: 2013)  Originally signed w/ HOU,24,3,"$1,848,982","$616,327",
637,Marques Bolden  Center | 2022-2022 (FA: 2023),24,1,"$1,836,090","$1,836,090",
637,Reggie Perry  Center | 2022-2022 (FA: 2023),22,1,"$1,836,090","$1,836,090",
639,Bill Wennington  Center | 1997-1997 (FA: 1998)  Originally signed w/ CHI,33,1,"$1,800,000","$1,800,000",
640,Jordan Bell  Center | 2021-2021 (FA: 2022)  Originally signed w/ GSW,26,1,"$1,789,256","$1,789,256",
640,Harry Giles  Center | 2021-2021 (FA: 2022)  Originally signed w/ LAC,23,1,"$1,789,256","$1,789,256",
640,Luke Kornet  Center | 2021-2021 (FA: 2022),26,1,"$1,789,256","$1,789,256",
643,Daniel Orton  Center | 2012-2012 (FA: 2012)  Originally signed w/ OKC,21,2,"$1,770,488","$885,244",
644,Hassan Whiteside  Center | 2014-2015 (FA: 2016)  Originally signed w/ MIA,25,2,"$1,751,229","$875,615",
645,Joe Kleine  Center | 1985-1988 (FA: 0)  Originally signed w/ SAC,22,4,"$1,750,000","$437,500",
646,Willy Hernangomez  Center | 2020-2020 (FA: 2021),26,1,"$1,737,145","$1,737,145",
646,Thon Maker  Center | 2020-2020 (FA: 2021),23,1,"$1,737,145","$1,737,145",
648,Joakim Noah  Center | 2018-2018 (FA: 2019)  Originally signed w/ MEM,33,1,"$1,731,173","$1,731,173",
649,Georgios Papagiannis  Center | 2017-2018 (FA: 2019),20,2,"$1,730,348","$865,174",
650,Isaiah Hartenstein  Center | 2021-2021 (FA: 2022)  Originally signed w/ LAC,23,1,"$1,729,217","$1,729,217",
651,Francisco Elson  Center | 2003-2005 (FA: 2006)  Originally signed w/ DEN,-,3,"$1,706,350","$568,783",
652,Fab Melo  Center | 2013-2014 (FA: 2013),23,2,"$1,704,115","$852,058",
652,Henry Sims  Center | 2013-2014 (FA: 2015)  Originally signed w/ CLE,23,2,"$1,704,115","$852,058",
654,Ben Wallace  Center | 1998-1999 (FA: 2000)  Originally signed w/ WAS,-,2,"$1,700,000","$850,000",
655,Justin Patton  Center | 2020-2020 (FA: 2021)  Originally signed w/ MIL,23,1,"$1,678,854","$1,678,854",
655,Harry Giles  Center | 2020-2020 (FA: 2021)  Originally signed w/ POR,22,1,"$1,678,854","$1,678,854",
655,Jordan Bell  Center | 2020-2020 (FA: 2021)  Originally signed w/ WAS,25,1,"$1,678,854","$1,678,854",
658,Devontae Cacok  Center | 2021-2021 (FA: 2022)  Originally signed w/ BKN,24,1,"$1,669,178","$1,669,178",
658,Marques Bolden  Center | 2021-2021 (FA: 2022)  Originally signed w/ UTA,23,1,"$1,669,178","$1,669,178",
658,Tacko Fall  Center | 2021-2021 (FA: 2022),25,1,"$1,669,178","$1,669,178",
661,Randolph Morris  Center | 0-2009 (FA: 2010),-1,2,"$1,652,770","$826,385",
662,Ian Mahinmi  Center | 2010-2011 (FA: 2012)  Originally signed w/ DAL,23,2,"$1,646,488","$823,244",
663,Stephen Zimmerman  Center | 2022-2022 (FA: 2023),26,1,"$1,637,966","$1,637,966",
663,Luka Garza  Center | 2022-2022 (FA: 2023),23,1,"$1,637,966","$1,637,966",
663,Jay Huff  Center | 2022-2022 (FA: 2023)  Originally signed w/ LAL,23,1,"$1,637,966","$1,637,966",
663,Micah Potter  Center | 2022-2022 (FA: 2023)  Originally signed w/ DET,24,1,"$1,637,966","$1,637,966",
663,Olivier Sarr  Center | 2022-2022 (FA: 2023)  Originally signed w/ POR,23,1,"$1,637,966","$1,637,966",
668,Jordan Bell  Center | 2019-2019 (FA: 2020)  Originally signed w/ MIN,23,1,"$1,620,564","$1,620,564",
668,Ike Anigbogu  Center | 2020-2020 (FA: 2021),21,1,"$1,620,564","$1,620,564",
670,Luke Kornet  Center | 2018-2018 (FA: 2019)  Originally signed w/ NYK,22,1,"$1,619,260","$1,619,260",
671,Alexis Ajinca  Center | 2013-2014 (FA: 2015)  Originally signed w/ NOP,25,2,"$1,616,964","$808,482",
672,Solomon Alabi  Center | 2010-2011 (FA: 2012)  Originally signed w/ TOR,22,2,"$1,600,000","$800,000",
673,Willie Reed  Center | 2017-2017 (FA: 2018)  Originally signed w/ LAC,27,1,"$1,577,230","$1,577,230",
674,Kevon Looney  Center | 2018-2018 (FA: 2019),22,1,"$1,567,007","$1,567,007",
674,Salah Mejri  Center | 2018-2018 (FA: 2019),32,1,"$1,567,007","$1,567,007",
676,Deyonta Davis  Center | 2018-2018 (FA: 2019)  Originally signed w/ GSW,21,1,"$1,512,601","$1,512,601",
676,Chinanu Onuaku  Center | 2018-2018 (FA: 2019),21,1,"$1,512,601","$1,512,601",
678,Greg Oden  Center | 2011-2011 (FA: 2012)  Originally signed w/ POR,23,1,"$1,500,000","$1,500,000",
679,Kendrick Perkins  Center | 2015-2015 (FA: 2016)  Originally signed w/ NOP,30,1,"$1,499,187","$1,499,187",
679,Samuel Dalembert  Center | 2015-2015 (FA: 2016),30,1,"$1,499,187","$1,499,187",
679,Matt Bonner  Center | 2015-2015 (FA: 2016),35,1,"$1,499,187","$1,499,187",
682,Hassan Whiteside  Center | 2010-2011 (FA: 2012)  Originally signed w/ SAC,20,2,"$1,492,632","$746,316",
683,Reggie Perry  Center | 2021-2021 (FA: 2022),21,1,"$1,489,065","$1,489,065",
683,Daniel Oturu  Center | 2021-2021 (FA: 2022)  Originally signed w/ CHI,22,1,"$1,489,065","$1,489,065",
685,Zydrunas Ilgauskas  Center | 1996-1997 (FA: 1998)  Originally signed w/ CLE,0,2,"$1,458,000","$729,000",
686,Diamond Stone  Center | 2016-2017 (FA: 2018)  Originally signed w/ LAC,19,2,"$1,448,720","$724,360",
686,Matt Costello  Center | 2016-2017 (FA: 2018)  Originally signed w/ ATL,22,2,"$1,448,720","$724,360",
686,Mike Tobey  Center | 2016-2017 (FA: 2018),21,2,"$1,448,720","$724,360",
689,Nazr Mohammed  Center | 2014-2014 (FA: 2015)  Originally signed w/ CHI,36,1,"$1,448,490","$1,448,490",
689,Matt Bonner  Center | 2014-2014 (FA: 2015),34,1,"$1,448,490","$1,448,490",
691,Thomas Welsh  Center | 2019-2019 (FA: 2020),23,1,"$1,445,697","$1,445,697",
691,Isaac Humphries  Center | 2019-2019 (FA: 2020),21,1,"$1,445,697","$1,445,697",
691,Dewan Hernandez  Center | 2020-2020 (FA: 2021),24,1,"$1,445,697","$1,445,697",
691,Marques Bolden  Center | 2020-2020 (FA: 2021)  Originally signed w/ CLE,22,1,"$1,445,697","$1,445,697",
695,Hamady N'Diaye  Center | 2010-2010 (FA: 2011)  Originally signed w/ WAS,22,1,"$1,437,476","$1,437,476",
696,Ronny Turiaf  Center | 2006-2007 (FA: 2008)  Originally signed w/ LAL,23,2,"$1,434,819","$717,410",
697,Joel Anthony  Center | 2016-2016 (FA: 2017)  Originally signed w/ SAS,34,1,"$1,410,598","$1,410,598",
698,JaVale McGee  Center | 2016-2016 (FA: 2017)  Originally signed w/ GSW,28,1,"$1,403,611","$1,403,611",
699,Robert Upshaw  Center | 2015-2016 (FA: 2017),20,2,"$1,399,729","$699,865",
700,Nazr Mohammed  Center | 2013-2013 (FA: 2014)  Originally signed w/ CHI,35,1,"$1,399,507","$1,399,507",
700,Dan Gadzuric  Center | 2013-2013 (FA: 2014),35,1,"$1,399,507","$1,399,507",
700,DeSagana Diop  Center | 2013-2013 (FA: 2013),31,1,"$1,399,507","$1,399,507",
700,Marcus Camby  Center | 2013-2013 (FA: 2013),39,1,"$1,399,507","$1,399,507",
704,Ryan Hollins  Center | 2015-2015 (FA: 2016),30,1,"$1,362,897","$1,362,897",
705,Dwight Powell  Center | 2014-2015 (FA: 2016)  Originally signed w/ CLE,23,2,"$1,352,395","$676,198",
705,Alex Kirk  Center | 2014-2015 (FA: 2016)  Originally signed w/ CLE,22,2,"$1,352,395","$676,198",
707,Khem Birch  Center | 2014-2015 (FA: 2014)  Originally signed w/ MIA,21,2,"$1,352,385","$676,193",
708,Nazr Mohammed  Center | 2012-2012 (FA: 2013)  Originally signed w/ CHI,34,1,"$1,352,181","$1,352,181",
708,Jamaal Magloire  Center | 2011-2011 (FA: 2012),0,1,"$1,352,181","$1,352,181",
708,Theo Ratliff  Center | 2010-2010 (FA: 2011),-,1,"$1,352,181","$1,352,181",
708,Jermaine O'Neal  Center | 2012-2012 (FA: 2013)  Originally signed w/ PHX,33,1,"$1,352,181","$1,352,181",
708,Dan Gadzuric  Center | 2012-2012 (FA: 2012)  Originally signed w/ PHI,33,1,"$1,352,181","$1,352,181",
708,Eddy Curry  Center | 2012-2012 (FA: 2012)  Originally signed w/ SAS,0,1,"$1,352,181","$1,352,181",
708,Joel Przybilla  Center | 2012-2012 (FA: 2013),32,1,"$1,352,181","$1,352,181",
708,Jason Collins  Center | 2010-2010 (FA: 2011)  Originally signed w/ ATL,22,1,"$1,352,181","$1,352,181",
708,Jason Collins  Center | 2011-2011 (FA: 2012)  Originally signed w/ ATL,22,1,"$1,352,181","$1,352,181",
708,Jason Collins  Center | 2012-2012 (FA: 2013)  Originally signed w/ BOS,22,1,"$1,352,181","$1,352,181",
718,Melvin Ely  Center | 2013-2013 (FA: 2015)  Originally signed w/ NOP,35,2,"$1,346,597","$673,299",
719,Jamaal Magloire  Center | 2012-2012 (FA: 2013),0,1,"$1,325,181","$1,325,181",
720,Stephen Zimmerman  Center | 2017-2017 (FA: 2018)  Originally signed w/ LAL,20,1,"$1,312,611","$1,312,611",
721,Ryan Hollins  Center | 2014-2014 (FA: 2015)  Originally signed w/ SAC,29,1,"$1,310,286","$1,310,286",
722,Ognjen Kuzmic  Center | 2013-2014 (FA: 2015),23,2,"$1,306,662","$653,331",
722,Jeff Withey  Center | 2013-2014 (FA: 2015)  Originally signed w/ NOP,23,2,"$1,306,662","$653,331",
724,Theo Ratliff  Center | 2009-2009 (FA: 2010)  Originally signed w/ SAS,-,1,"$1,306,455","$1,306,455",
725,Ben Wallace  Center | 2009-2009 (FA: 2010),-,1,"$1,306,445","$1,306,445",
726,Hamed Haddadi  Center | 2011-2011 (FA: 2012)  Originally signed w/ MEM,26,1,"$1,300,000","$1,300,000",
727,Magnum Rolle  Center | 2010-2010 (FA: 2011)  Originally signed w/ IND,24,2,"$1,272,195","$636,098",
728,JaVale McGee  Center | 2015-2015 (FA: 2017)  Originally signed w/ DAL,27,1,"$1,270,964","$1,270,964",
729,Greg Smith  Center | 2015-2016 (FA: 2017),25,2,"$1,270,530","$635,265",
730,Melvin Ely  Center | 2013-2013 (FA: 2013)  Originally signed w/ MEM,35,1,"$1,265,977","$1,265,977",
731,Garrett Siler  Center | 2010-2011 (FA: 2012),-,2,"$1,262,510","$631,255",
732,Semih Erden  Center | 2010-2011 (FA: 2012),23,2,"$1,262,476","$631,238",
732,Bernard James  Center | 2012-2013 (FA: 2013),27,2,"$1,262,476","$631,238",
732,Henry Sims  Center | 2012-2012 (FA: 2012)  Originally signed w/ NYK,22,2,"$1,262,476","$631,238",
735,Theo Ratliff  Center | 2008-2008 (FA: 2009)  Originally signed w/ PHI,-,1,"$1,262,275","$1,262,275",
736,Jamaal Magloire  Center | 2010-2010 (FA: 2011)  Originally signed w/ MIA,-,1,"$1,229,255","$1,229,255",
736,Kwame Brown  Center | 2010-2010 (FA: 2011)  Originally signed w/ CHA,28,1,"$1,229,255","$1,229,255",
736,Eddy Curry  Center | 2011-2011 (FA: 2012)  Originally signed w/ MIA,-,1,"$1,229,255","$1,229,255",
739,DJ Mbenga  Center | 2014-2014 (FA: 2014),33,1,"$1,227,985","$1,227,985",
740,Melvin Ely  Center | 2010-2010 (FA: 2011)  Originally signed w/ DEN,34,1,"$1,223,166","$1,223,166",
740,Melvin Ely  Center | 2012-2012 (FA: 2012)  Originally signed w/ DAL,34,1,"$1,223,166","$1,223,166",
740,Etan Thomas  Center | 2010-2010 (FA: 2011),-,1,"$1,223,166","$1,223,166",
743,Boban Marjanovic  Center | 2015-2015 (FA: 2016)  Originally signed w/ SAS,26,1,"$1,200,000","$1,200,000",
743,Joe Kleine  Center | 2000-2000 (FA: 2001),37,1,"$1,200,000","$1,200,000",
745,Ryan Hollins  Center | 2013-2013 (FA: 2014)  Originally signed w/ LAC,28,1,"$1,186,459","$1,186,459",
746,Jason Collins  Center | 2009-2009 (FA: 2010)  Originally signed w/ ATL,21,1,"$1,181,803","$1,181,803",
747,Ronny Turiaf  Center | 2012-2012 (FA: 2013)  Originally signed w/ LAC,29,1,"$1,146,337","$1,146,337",
747,Andray Blatche  Center | 2012-2012 (FA: 2013),26,1,"$1,146,337","$1,146,337",
747,Francisco Elson  Center | 2010-2010 (FA: 2011)  Originally signed w/ UTA,-,1,"$1,146,337","$1,146,337",
750,Aaron Gray  Center | 2007-2008 (FA: 2009)  Originally signed w/ CHI,22,2,"$1,138,680","$569,340",
750,Joel Anthony  Center | 2007-2008 (FA: 2009)  Originally signed w/ MIA,24,2,"$1,138,680","$569,340",
750,Marcin Gortat  Center | 2007-2008 (FA: 2009)  Originally signed w/ ORL,23,2,"$1,138,680","$569,340",
753,Dmytro Skapintsev  Center | 2023-2023 (FA: 2024),25,1,"$1,119,563","$1,119,563",
753,Nick Ongenda  Center | 2023-2023 (FA: 2024),22,1,"$1,119,563","$1,119,563",
753,Brandon McCoy  Center | 2023-2023 (FA: 2024),25,1,"$1,119,563","$1,119,563",
756,Dwayne Jones  Center | 2012-2013 (FA: 2013)  Originally signed w/ GSW,29,2,"$1,112,781","$556,391",
757,Primoz Brezec  Center | 0-2009 (FA: 2010),-1,1,"$1,107,572","$1,107,572",
758,Dwayne Jones  Center | 2013-2013 (FA: 2013),30,1,"$1,106,942","$1,106,942",
759,Ryan Hollins  Center | 2006-2007 (FA: 2008)  Originally signed w/ CHA,21,2,"$1,100,174","$550,087",
760,Kyrylo Fesenko  Center | 2010-2010 (FA: 2011)  Originally signed w/ CHI,23,1,"$1,087,500","$1,087,500",
761,Ryan Hollins  Center | 2015-2015 (FA: 2016)  Originally signed w/ WAS,31,1,"$1,082,301","$1,082,301",
762,Ryan Hollins  Center | 2012-2012 (FA: 2013)  Originally signed w/ LAC,27,1,"$1,069,509","$1,069,509",
762,DJ Mbenga  Center | 0-2010 (FA: 2011)  Originally signed w/ NOH,-1981,1,"$1,069,509","$1,069,509",
764,Kyrylo Fesenko  Center | 2014-2014 (FA: 2015),27,1,"$1,063,384","$1,063,384",
764,Hasheem Thabeet  Center | 2014-2014 (FA: 2015),27,1,"$1,063,384","$1,063,384",
766,Amir Johnson  Center | 2005-2006 (FA: 2007)  Originally signed w/ DET,17,2,"$1,062,971","$531,486",
766,Andray Blatche  Center | 2005-2006 (FA: 2007)  Originally signed w/ WAS,18,2,"$1,062,971","$531,486",
768,Greg Stiemsma  Center | 2016-2016 (FA: 2017),30,1,"$1,050,961","$1,050,961",
768,Robert Sacre  Center | 2016-2016 (FA: 2017),27,1,"$1,050,961","$1,050,961",
768,Henry Sims  Center | 2016-2016 (FA: 2017),26,1,"$1,050,961","$1,050,961",
771,Aron Baynes  Center | 2012-2013 (FA: 2014)  Originally signed w/ SAS,26,2,"$1,028,460","$514,230",
772,Hilton Armstrong  Center | 2013-2013 (FA: 2013)  Originally signed w/ IND,28,1,"$1,027,424","$1,027,424",
772,Greg Oden  Center | 2013-2013 (FA: 2014),25,1,"$1,027,424","$1,027,424",
774,Simisola Shittu  Center | 2022-2022 (FA: 2023),22,1,"$1,017,781","$1,017,781",
774,Jaime Echenique  Center | 2022-2022 (FA: 2023),25,1,"$1,017,781","$1,017,781",
774,Orlando Robinson  Center | 2022-2022 (FA: 2023),21,1,"$1,017,781","$1,017,781",
774,Trevion Williams  Center | 2022-2022 (FA: 2023),21,1,"$1,017,781","$1,017,781",
774,Makur Maker  Center | 2022-2022 (FA: 2023),21,1,"$1,017,781","$1,017,781",
774,Ibou Badji  Center | 2022-2022 (FA: 2023)  Originally signed w/ MIL,19,1,"$1,017,781","$1,017,781",
774,Garrison Brooks  Center | 2022-2022 (FA: 2023),23,1,"$1,017,781","$1,017,781",
774,John Butler Jr.  Center | 2022-2022 (FA: 2023)  Originally signed w/ NOP,19,1,"$1,017,781","$1,017,781",
782,Greg Stiemsma  Center | 2015-2015 (FA: 2016)  Originally signed w/ ORL,29,1,"$1,015,421","$1,015,421",
783,Aaron Gray  Center | 2009-2009 (FA: 2010)  Originally signed w/ CHI,24,1,"$1,000,497","$1,000,497",
784,Andrew Bynum  Center | 2013-2013 (FA: 2014),26,1,"$1,000,000","$1,000,000",
784,Bill Wennington  Center | 1998-1998 (FA: 1999)  Originally signed w/ CHI,34,1,"$1,000,000","$1,000,000",
784,Joe Kleine  Center | 1998-1998 (FA: 1999)  Originally signed w/ PHX,35,1,"$1,000,000","$1,000,000",
787,Hilton Armstrong  Center | 2010-2010 (FA: 2011)  Originally signed w/ WAS,25,1,"$992,680","$992,680",
787,Shelden Williams  Center | 2011-2011 (FA: 2012)  Originally signed w/ NJN,-,1,"$992,680","$992,680",
789,Zaza Pachulia  Center | 2003-2004 (FA: 2005)  Originally signed w/ ORL,19,2,"$986,977","$493,489",
790,Oleksiy Pecherov  Center | 2015-2015 (FA: 2016)  Originally signed w/ DEN,0,1,"$981,348","$981,348",
790,Henry Sims  Center | 2015-2015 (FA: 2016)  Originally signed w/ PHX,25,1,"$981,348","$981,348",
792,Cole Aldrich  Center | 2014-2014 (FA: 2015)  Originally signed w/ NYK,25,1,"$981,084","$981,084",
792,Ekpe Udoh  Center | 2014-2014 (FA: 2015)  Originally signed w/ LAC,27,1,"$981,084","$981,084",
792,Greg Stiemsma  Center | 2014-2014 (FA: 2015)  Originally signed w/ TOR,28,1,"$981,084","$981,084",
795,Ryan Hollins  Center | 2008-2008 (FA: 2009)  Originally signed w/ CHA,23,1,"$972,581","$972,581",
796,Greg Smith  Center | 2013-2014 (FA: 2015)  Originally signed w/ CHI,23,2,"$963,768","$481,884",
797,Daniel Orton  Center | 2014-2014 (FA: 2015),24,1,"$948,163","$948,163",
797,Dexter Pittman  Center | 2014-2014 (FA: 2014),26,1,"$948,163","$948,163",
797,Hamady N'Diaye  Center | 2014-2014 (FA: 0),27,1,"$948,163","$948,163",
800,Patrick O'Bryant  Center | 2013-2013 (FA: 2014),27,1,"$947,907","$947,907",
800,DeJaun Blair  Center | 2013-2013 (FA: 2014)  Originally signed w/ DAL,23,1,"$947,907","$947,907",
802,Jerome Jordan  Center | 2015-2015 (FA: 2016),29,1,"$947,276","$947,276",
802,Willie Reed  Center | 2015-2015 (FA: 2016)  Originally signed w/ BKN,25,1,"$947,276","$947,276",
804,Jon Teske  Center | 2021-2021 (FA: 2022)  Originally signed w/ ORL,24,1,"$925,258","$925,258",
804,Jay Huff  Center | 2021-2021 (FA: 2022)  Originally signed w/ WAS,22,1,"$925,258","$925,258",
804,Derek Culver  Center | 2021-2021 (FA: 2022),23,1,"$925,258","$925,258",
804,Micah Potter  Center | 2021-2021 (FA: 2022)  Originally signed w/ MIA,23,1,"$925,258","$925,258",
804,Olivier Sarr  Center | 2021-2021 (FA: 2022),22,1,"$925,258","$925,258",
804,Johnny Hamilton  Center | 2021-2021 (FA: 2022),27,1,"$925,258","$925,258",
804,Jeremiah Tilmon  Center | 2021-2021 (FA: 2022),22,1,"$925,258","$925,258",
804,James Banks III  Center | 2021-2021 (FA: 2022),23,1,"$925,258","$925,258",
804,Jaime Echenique  Center | 2021-2021 (FA: 2022),24,1,"$925,258","$925,258",
804,Aric Holman  Center | 2021-2021 (FA: 2022)  Originally signed w/ SAS,24,1,"$925,258","$925,258",
814,Cole Aldrich  Center | 2013-2013 (FA: 2014)  Originally signed w/ NYK,24,1,"$916,099","$916,099",
815,Shelden Williams  Center | 2010-2010 (FA: 2011)  Originally signed w/ DEN,0,1,"$915,852","$915,852",
816,Hassan Whiteside  Center | 2014-2014 (FA: 2014)  Originally signed w/ MEM,25,1,"$915,243","$915,243",
816,Bernard James  Center | 2014-2014 (FA: 2015),29,1,"$915,243","$915,243",
816,Willie Reed  Center | 2014-2014 (FA: 2014)  Originally signed w/ BKN,24,1,"$915,243","$915,243",
819,Justin Hamilton  Center | 2013-2014 (FA: 2015)  Originally signed w/ MIA,23,2,"$914,518","$457,259",
820,Anzejs Pasecniks  Center | 2019-2019 (FA: 2020),23,1,"$898,310","$898,310",
820,Isaac Haas  Center | 2019-2019 (FA: 2020),24,1,"$898,310","$898,310",
820,Chad Brown  Center | 2019-2019 (FA: 2020),23,1,"$898,310","$898,310",
820,Aric Holman  Center | 2019-2019 (FA: 2020)  Originally signed w/ LAL,21,1,"$898,310","$898,310",
820,Devontae Cacok  Center | 2019-2019 (FA: 2020)  Originally signed w/ LAL,22,1,"$898,310","$898,310",
820,Tacko Fall  Center | 2019-2019 (FA: 2020)  Originally signed w/ BOS,23,1,"$898,310","$898,310",
820,Mark Ogden  Center | 2019-2019 (FA: 2020),25,1,"$898,310","$898,310",
820,Simisola Shittu  Center | 2019-2019 (FA: 2020)  Originally signed w/ CHI,19,1,"$898,310","$898,310",
820,John Egbunu  Center | 2019-2019 (FA: 2020),24,1,"$898,310","$898,310",
820,John Bohannon  Center | 2019-2019 (FA: 2020),27,1,"$898,310","$898,310",
820,Amida Brimah  Center | 2020-2020 (FA: 2021),25,1,"$898,310","$898,310",
820,Simisola Shittu  Center | 2020-2020 (FA: 2021)  Originally signed w/ CHI,19,1,"$898,310","$898,310",
820,Reggie Perry  Center | 2020-2020 (FA: 2021)  Originally signed w/ BKN,20,1,"$898,310","$898,310",
820,Omer Yurtseven  Center | 2020-2020 (FA: 2021)  Originally signed w/ OKC,22,1,"$898,310","$898,310",
820,Jon Teske  Center | 2020-2020 (FA: 2021)  Originally signed w/ ORL,23,1,"$898,310","$898,310",
820,Romaro Gill  Center | 2020-2020 (FA: 2021),26,1,"$898,310","$898,310",
820,Kaleb Wesson  Center | 2020-2020 (FA: 2021),21,1,"$898,310","$898,310",
820,Amida Brimah  Center | 2019-2019 (FA: 2020),25,1,"$898,310","$898,310",
820,Christ Koumadje  Center | 2019-2019 (FA: 2020),23,1,"$898,310","$898,310",
820,Marques Bolden  Center | 2019-2019 (FA: 2020)  Originally signed w/ CLE,21,1,"$898,310","$898,310",
820,Moses Brown  Center | 2019-2019 (FA: 2020),19,1,"$898,310","$898,310",
841,Francisco Elson  Center | 2011-2011 (FA: 2011),0,1,"$897,646","$897,646",
842,Johan Petro  Center | 2009-2009 (FA: 2010)  Originally signed w/ DEN,23,1,"$884,881","$884,881",
843,Dexter Pittman  Center | 2013-2013 (FA: 2013)  Originally signed w/ CHI,25,1,"$884,293","$884,293",
843,Hamady N'Diaye  Center | 2013-2013 (FA: 2013)  Originally signed w/ SAC,26,1,"$884,293","$884,293",
845,Keith Benson  Center | 2016-2016 (FA: 2017),28,1,"$874,636","$874,636",
846,Solomon Alabi  Center | 2012-2012 (FA: 2012)  Originally signed w/ NOH,24,1,"$854,389","$854,389",
846,Hamady N'Diaye  Center | 2012-2012 (FA: 2013)  Originally signed w/ SAC,25,1,"$854,389","$854,389",
848,Ryan Hollins  Center | 2015-2015 (FA: 0),31,1,"$849,806","$849,806",
849,Isaac Humphries  Center | 2018-2018 (FA: 2019)  Originally signed w/ ATL,20,1,"$848,363","$848,363",
850,Keith Benson  Center | 2015-2015 (FA: 2016),27,1,"$845,059","$845,059",
851,Amida Brimah  Center | 2018-2018 (FA: 2019)  Originally signed w/ SAS,24,1,"$838,464","$838,464",
851,Brandon McCoy  Center | 2018-2018 (FA: 2019)  Originally signed w/ MIL,20,1,"$838,464","$838,464",
851,Brandon McCoy  Center | 2018-2018 (FA: 2019)  Originally signed w/ NOP,20,1,"$838,464","$838,464",
851,Marcus Lee  Center | 2018-2018 (FA: 2019),23,1,"$838,464","$838,464",
851,Isaac Haas  Center | 2018-2018 (FA: 2019),22,1,"$838,464","$838,464",
851,Doral Moore  Center | 2018-2018 (FA: 2019),21,1,"$838,464","$838,464",
851,Johnny Hamilton  Center | 2018-2018 (FA: 2019)  Originally signed w/ DET,24,1,"$838,464","$838,464",
851,Ismaila Kane  Center | 2018-2018 (FA: 2019),0,1,"$838,464","$838,464",
859,Joel Anthony  Center | 2009-2009 (FA: 2010)  Originally signed w/ MIA,26,1,"$825,497","$825,497",
859,Shelden Williams  Center | 2009-2009 (FA: 2010)  Originally signed w/ BOS,0,1,"$825,497","$825,497",
861,Jerome Jordan  Center | 2014-2014 (FA: 2015)  Originally signed w/ BKN,27,1,"$816,482","$816,482",
861,Vernon Macklin  Center | 2014-2014 (FA: 2015),27,1,"$816,482","$816,482",
863,Landry Nnoko  Center | 2017-2017 (FA: 2018),23,1,"$815,615","$815,615",
863,Amida Brimah  Center | 2017-2017 (FA: 2018)  Originally signed w/ SAS,23,1,"$815,615","$815,615",
865,Magnum Rolle  Center | 2011-2012 (FA: 2011),24,2,"$797,230","$398,615",
866,Hassan Whiteside  Center | 2014-2014 (FA: 2015)  Originally signed w/ MEM,25,1,"$796,800","$796,800",
867,Willie Reed  Center | 2012-2013 (FA: 2013)  Originally signed w/ MEM,22,2,"$791,658","$395,829",
868,Marcus Cousin  Center | 2013-2013 (FA: 2013),26,1,"$788,872","$788,872",
868,Bernard James  Center | 2013-2013 (FA: 2014),28,1,"$788,872","$788,872",
870,Jerome Jordan  Center | 2012-2012 (FA: 2012)  Originally signed w/ MEM,25,1,"$762,195","$762,195",
870,Greg Stiemsma  Center | 2011-2011 (FA: 2012)  Originally signed w/ BOS,25,1,"$762,195","$762,195",
872,Hilton Armstrong  Center | 2013-2013 (FA: 2014),29,1,"$735,751","$735,751",
873,Joel Przybilla  Center | 2011-2011 (FA: 2012)  Originally signed w/ POR,32,1,"$655,616","$655,616",
874,Enes Freedom  Center | 2018-2018 (FA: 2019)  Originally signed w/ POR,26,1,"$653,556","$653,556",
875,Matt Costello  Center | 2016-2016 (FA: 2017)  Originally signed w/ MEM,23,1,"$543,471","$543,471",
875,Egidijus Mockevicius  Center | 2016-2016 (FA: 2017),23,1,"$543,471","$543,471",
875,Jaleel Roberts  Center | 0-0 (FA: 0),23,1,"$543,471","$543,471",
875,Kaleb Tarczewski  Center | 2016-2016 (FA: 2017),23,1,"$543,471","$543,471",
875,Gracin Bakumanya  Center | 2016-2016 (FA: 2017),19,1,"$543,471","$543,471",
875,Jaleel Cousins  Center | 2016-2016 (FA: 2017),22,1,"$543,471","$543,471",
875,Vashil Fernandez  Center | 2016-2016 (FA: 2017),24,1,"$543,471","$543,471",
875,Mamadou N’Diaye  Center | 2016-2016 (FA: 2017),23,1,"$543,471","$543,471",
875,Alec Brown  Center | 2016-2016 (FA: 0),0,1,"$543,471","$543,471",
875,Yanick Moreira  Center | 2016-2016 (FA: 2017),25,1,"$543,471","$543,471",
875,Jaleel Roberts  Center | 2016-2016 (FA: 2017),23,1,"$543,471","$543,471",
886,Salah Mejri  Center | 2018-2018 (FA: 2019),31,1,"$531,189","$531,189",
887,Pau Gasol  Center | 2018-2018 (FA: 2019)  Originally signed w/ MIL,38,1,"$527,467","$527,467",
888,Michael Dunigan  Center | 2015-2015 (FA: 2016),26,1,"$525,093","$525,093",
888,Youssou Ndoye  Center | 2015-2015 (FA: 2016),24,1,"$525,093","$525,093",
888,Yanick Moreira  Center | 2015-2015 (FA: 2016)  Originally signed w/ LAC,23,1,"$525,093","$525,093",
888,Michael Holyfield  Center | 2015-2015 (FA: 2016),22,1,"$525,093","$525,093",
888,Jason Washburn  Center | 2015-2015 (FA: 2016),25,1,"$525,093","$525,093",
888,Kleon Penn  Center | 2015-2015 (FA: 2016),29,1,"$525,093","$525,093",
888,Joshua Smith  Center | 2015-2015 (FA: 2016),22,1,"$525,093","$525,093",
888,Chris Daniels  Center | 2015-2015 (FA: 2016),31,1,"$525,093","$525,093",
888,Jordan Bachynski  Center | 2015-2015 (FA: 2016),26,1,"$525,093","$525,093",
888,Nnanna Egwu  Center | 2015-2015 (FA: 2016),22,1,"$525,093","$525,093",
888,Jaleel Roberts  Center | 2015-2015 (FA: 2016)  Originally signed w/ WAS,0,1,"$525,093","$525,093",
888,Mirza Begic  Center | 2015-2015 (FA: 2016),30,1,"$525,093","$525,093",
888,Jordan Railey  Center | 2015-2015 (FA: 2016),23,1,"$525,093","$525,093",
901,Joe Kleine  Center | 1999-1999 (FA: 2000)  Originally signed w/ POR,36,1,"$510,000","$510,000",
901,Bill Wennington  Center | 1999-1999 (FA: 2000),35,1,"$510,000","$510,000",
903,Michael Eric  Center | 2014-2014 (FA: 2014),26,1,"$507,336","$507,336",
903,Sim Bhullar  Center | 2014-2014 (FA: 2015),21,1,"$507,336","$507,336",
903,Brian Qvale  Center | 2014-2014 (FA: 2014),25,1,"$507,336","$507,336",
903,Jordan Vandenberg  Center | 2014-2014 (FA: 2014),24,1,"$507,336","$507,336",
907,Joel Anthony  Center | 2016-2016 (FA: 2017)  Originally signed w/ SAS,34,1,"$497,858","$497,858",
908,Justin Hamilton  Center | 2013-2013 (FA: 2013)  Originally signed w/ MIA,23,1,"$490,180","$490,180",
908,Dewayne Dedmon  Center | 2013-2013 (FA: 2013)  Originally signed w/ GSW,24,1,"$490,180","$490,180",
908,Eric Boateng  Center | 2013-2013 (FA: 2013),27,1,"$490,180","$490,180",
911,Andrew Bogut  Center | 2018-2018 (FA: 2019),34,1,"$486,892","$486,892",
912,Robert Sacre  Center | 2012-2012 (FA: 2013)  Originally signed w/ LAL,23,1,"$473,604","$473,604",
912,Greg Somogyi  Center | 2012-2012 (FA: 2012),22,1,"$473,604","$473,604",
912,Luke Nevill  Center | 2012-2012 (FA: 2012),26,1,"$473,604","$473,604",
912,Brian Butch  Center | 2012-2012 (FA: 2012),27,1,"$473,604","$473,604",
912,Michael Dunigan  Center | 2012-2012 (FA: 2013)  Originally signed w/ MEM,23,1,"$473,604","$473,604",
912,Ronnie Aguilar  Center | 2012-2012 (FA: 2013),25,1,"$473,604","$473,604",
912,Phil Jones  Center | 2012-2012 (FA: 0),27,1,"$473,604","$473,604",
912,Trent Plaisted  Center | 2010-2010 (FA: 2010)  Originally signed w/ PHI,25,1,"$473,604","$473,604",
912,Trent Plaisted  Center | 2012-2012 (FA: 2012),25,1,"$473,604","$473,604",
912,Luke Zeller  Center | 2012-2012 (FA: 2013),25,1,"$473,604","$473,604",
912,Luke Zeller  Center | 2011-2011 (FA: 2011)  Originally signed w/ SAS,25,1,"$473,604","$473,604",
912,Jerome Jordan  Center | 2011-2011 (FA: 2012)  Originally signed w/ NYK,24,1,"$473,604","$473,604",
912,Vernon Macklin  Center | 2011-2011 (FA: 2012)  Originally signed w/ DET,25,1,"$473,604","$473,604",
925,Goran Suton  Center | 2009-2009 (FA: 2010),23,1,"$457,588","$457,588",
926,Kyrylo Fesenko  Center | 2011-2011 (FA: 2012)  Originally signed w/ IND,24,1,"$435,000","$435,000",
927,Kendrick Perkins  Center | 2014-2014 (FA: 2015),30,1,"$434,547","$434,547",
928,Dewayne Dedmon  Center | 2013-2013 (FA: 2013)  Originally signed w/ GSW,24,1,"$432,512","$432,512",
929,Matt Bonner  Center | 2004-2004 (FA: 2005)  Originally signed w/ TOR,23,1,"$385,277","$385,277",
930,Brad Miller  Center | 1999-1999 (FA: 2000)  Originally signed w/ CHA,-,1,"$385,000","$385,000",
931,Andrew Bogut  Center | 2016-2016 (FA: 2017)  Originally signed w/ CLE,32,1,"$383,351","$383,351",
932,Nazr Mohammed  Center | 2015-2015 (FA: 2016),38,1,"$352,750","$352,750",
933,Boris Diaw  Center | 2011-2011 (FA: 2012)  Originally signed w/ SAS,28,1,"$345,248","$345,248",
934,Ryan Hollins  Center | 2015-2015 (FA: 0),31,1,"$344,733","$344,733",
935,Ben Wallace  Center | 1997-1997 (FA: 1998)  Originally signed w/ WAS,-,1,"$326,700","$326,700",
936,Joe Kleine  Center | 1997-1997 (FA: 1998)  Originally signed w/ CHI,34,1,"$272,250","$272,250",
937,Jason Collins  Center | 2013-2013 (FA: 2014),26,1,"$271,669","$271,669",
938,Ryan Hollins  Center | 2011-2011 (FA: 2012)  Originally signed w/ BOS,26,1,"$248,048","$248,048",
939,Ben Wallace  Center | 1996-1996 (FA: 1997)  Originally signed w/ WAS,-,1,"$247,500","$247,500",
940,Bernard James  Center | 2014-2014 (FA: 2015),30,1,"$236,886","$236,886",
941,Larry Sanders  Center | 2016-2017 (FA: 2018),28,1,"$207,722","$207,722",
942,Bill Wennington  Center | 1993-1993 (FA: 1994)  Originally signed w/ CHI,29,1,"$150,000","$150,000",
943,Willie Reed  Center | 2013-2014 (FA: 2015)  Originally signed w/ SAC,23,1,"$102,089","$102,089",
944,Dan Gadzuric  Center | 2011-2011 (FA: 2012)  Originally signed w/ NYK,34,1,"$69,393","$69,393",
945,Isaac Humphries  Center | 2018-2018 (FA: 2019)  Originally signed w/ ATL,21,1,"$47,371","$47,371",
946,Henry Sims  Center | 2015-2015 (FA: 2016)  Originally signed w/ BKN,26,1,"$46,181","$46,181",
947,Hilton Armstrong  Center | 2013-2013 (FA: 2014),28,1,"$42,306","$42,306",
948,Dexter Pittman  Center | 2013-2013 (FA: 2014)  Originally signed w/ HOU,24,1,"$37,722","$37,722",
949,Prince Ibeh  Center | 2016-2016 (FA: 2017),22,1,"$28,772","$28,772",
950,Christian Wood  Center | 2015-2015 (FA: 2016)  Originally signed w/ PHI,20,1,"$21,621","$21,621",
951,Greg Stiemsma  Center | 2009-2009 (FA: 2010)  Originally signed w/ MIN,23,1,"$5,572","$5,572",
952,Jeff Foster  Center | 1999-2002 (FA: 2003),-,4,$4,$1,
